index_row_id,source_id,source_name,split,split_short,split_reason,label,raw_valence,bbox_subset,fake_group,clip_id,event_id,clip_name,source_video_id,source_video_name,bbox_mp4_path,selected_id_csv,annotation_csv,clip_path,stage1_folder,stage1_manifest,tracking_csv,keypoints_csv,stage1_video,start_frame,end_frame,source_start_frame,source_end_frame,clip_frame_offset,stage1_frame_offset,roi_x,roi_y,roi_w,roi_h,index_csv
old_20250530_v4c|GOOD|C000034_Interaction-1.mp4,1,old_20250530_v4c,train,trn,GOOD_default_train,friendly,friendly,GOOD,,C000034,C000034_E0001,C000034_Interaction-1.mp4,SV_INTERACTION-1_39453accf196,Interaction-1.mp4,/mnt/data4t/hyw/20250530/BBOX_VIS-0529-V4C/output/GOOD/C000034_Interaction-1.mp4,/mnt/data4t/hyw/20250530/BBOX_VIS-0529-V4C/output_selected_IDs/C000034_Interaction-1.mp4.csv,/mnt/data4t/hyw/20250530/Interaction_Annotator_59/output/annotations/Grooming/C000034.csv,/mnt/data4t/hyw/20250530/Interaction_Annotator_59/output/videos/Grooming/C000034_Interaction-1.mp4,/mnt/data4t/hyw/20250530/V4C_S1_S2/V_35,/mnt/data4t/hyw/20250530/V4C_S1_S2/V_35/manifest.json,/mnt/data4t/hyw/20250530/V4C_S1_S2/V_35/tracking_boxes.csv,/mnt/data4t/hyw/20250530/V4C_S1_S2/V_35/keypoints.csv,/mnt/data4t/hyw/20250530/V4C_S1_S2/V_35/Interaction-1.mp4,0,339,0,339,0,0,405.546,400.695,1706.882,1220.679,/mnt/data4t/hyw/20250530/BBOX_VIS-0529-V4C/output/visualization_index.csv
old_20250530_v4c|GOOD|C000035_Interaction-8.mp4,1,old_20250530_v4c,train,trn,GOOD_default_train,friendly,friendly,GOOD,,C000035,C000035_E0001,C000035_Interaction-8.mp4,SV_INTERACTION-8_c590b7396ff2,Interaction-8.mp4,/mnt/data4t/hyw/20250530/BBOX_VIS-0529-V4C/output/GOOD/C000035_Interaction-8.mp4,/mnt/data4t/hyw/20250530/BBOX_VIS-0529-V4C/output_selected_IDs/C000035_Interaction-8.mp4.csv,/mnt/data4t/hyw/20250530/Interaction_Annotator_59/output/annotations/Grooming/C000035.csv,/mnt/data4t/hyw/20250530/Interaction_Annotator_59/output/videos/Grooming/C000035_Interaction-8.mp4,/mnt/data4t/hyw/20250530/V4C_S1_S2/V_39,/mnt/data4t/hyw/20250530/V4C_S1_S2/V_39/manifest.json,/mnt/data4t/hyw/20250530/V4C_S1_S2/V_39/tracking_boxes.csv,/mnt/data4t/hyw/20250530/V4C_S1_S2/V_39/keypoints.csv,/mnt/data4t/hyw/20250530/V4C_S1_S2/V_39/Interaction-8.mp4,0,623,0,623,0,0,474.511,435.178,2055.155,1541.366,/mnt/data4t/hyw/20250530/BBOX_VIS-0529-V4C/output/visualization_index.csv
old_20250530_v4c|GOOD|C000036_Interaction-10.mp4,1,old_20250530_v4c,train,trn,GOOD_default_train,friendly,friendly,GOOD,,C000036,C000036_E0001,C000036_Interaction-10.mp4,SV_INTERACTION-10_9969c5460338,Interaction-10.mp4,/mnt/data4t/hyw/20250530/BBOX_VIS-0529-V4C/output/GOOD/C000036_Interaction-10.mp4,/mnt/data4t/hyw/20250530/BBOX_VIS-0529-V4C/output_selected_IDs/C000036_Interaction-10.mp4.csv,/mnt/data4t/hyw/20250530/Interaction_Annotator_59/output/annotations/Grooming/C000036.csv,/mnt/data4t/hyw/20250530/Interaction_Annotator_59/output/videos/Grooming/C000036_Interaction-10.mp4,/mnt/data4t/hyw/20250530/V4C_S1_S2/V_36,/mnt/data4t/hyw/20250530/V4C_S1_S2/V_36/manifest.json,/mnt/data4t/hyw/20250530/V4C_S1_S2/V_36/tracking_boxes.csv,/mnt/data4t/hyw/20250530/V4C_S1_S2/V_36/keypoints.csv,/mnt/data4t/hyw/20250530/V4C_S1_S2/V_36/Interaction-10.mp4,0,172,0,172,0,0,1091.747,259.317,1817.226,948.268,/mnt/data4t/hyw/20250530/BBOX_VIS-0529-V4C/output/visualization_index.csv
old_20250530_v4c|GOOD|C000037_Interaction-32.mp4,1,old_20250530_v4c,train,trn,GOOD_default_train,friendly,friendly,GOOD,,C000037,C000037_E0001,C000037_Interaction-32.mp4,SV_INTERACTION-32_c63ed4deb46b,Interaction-32.mp4,/mnt/data4t/hyw/20250530/BBOX_VIS-0529-V4C/output/GOOD/C000037_Interaction-32.mp4,/mnt/data4t/hyw/20250530/BBOX_VIS-0529-V4C/output_selected_IDs/C000037_Interaction-32.mp4.csv,/mnt/data4t/hyw/20250530/Interaction_Annotator_59/output/annotations/Grooming/C000037.csv,/mnt/data4t/hyw/20250530/Interaction_Annotator_59/output/videos/Grooming/C000037_Interaction-32.mp4,/mnt/data4t/hyw/20250530/V4C_S1_S2/V_37,/mnt/data4t/hyw/20250530/V4C_S1_S2/V_37/manifest.json,/mnt/data4t/hyw/20250530/V4C_S1_S2/V_37/tracking_boxes.csv,/mnt/data4t/hyw/20250530/V4C_S1_S2/V_37/keypoints.csv,/mnt/data4t/hyw/20250530/V4C_S1_S2/V_37/Interaction-32.mp4,0,212,0,212,0,0,671.061,52.422,2196.533,2044.81,/mnt/data4t/hyw/20250530/BBOX_VIS-0529-V4C/output/visualization_index.csv
old_20250530_v4c|GOOD|C000038_Interaction-42.mp4,1,old_20250530_v4c,train,trn,GOOD_default_train,friendly,friendly,GOOD,,C000038,C000038_E0001,C000038_Interaction-42.mp4,SV_INTERACTION-42_ca37e27cd9aa,Interaction-42.mp4,/mnt/data4t/hyw/20250530/BBOX_VIS-0529-V4C/output/GOOD/C000038_Interaction-42.mp4,/mnt/data4t/hyw/20250530/BBOX_VIS-0529-V4C/output_selected_IDs/C000038_Interaction-42.mp4.csv,/mnt/data4t/hyw/20250530/Interaction_Annotator_59/output/annotations/Grooming/C000038.csv,/mnt/data4t/hyw/20250530/Interaction_Annotator_59/output/videos/Grooming/C000038_Interaction-42.mp4,/mnt/data4t/hyw/20250530/V4C_S1_S2/V_38,/mnt/data4t/hyw/20250530/V4C_S1_S2/V_38/manifest.json,/mnt/data4t/hyw/20250530/V4C_S1_S2/V_38/tracking_boxes.csv,/mnt/data4t/hyw/20250530/V4C_S1_S2/V_38/keypoints.csv,/mnt/data4t/hyw/20250530/V4C_S1_S2/V_38/Interaction-42.mp4,0,326,0,326,0,0,371.064,538.625,3403.42,806.89,/mnt/data4t/hyw/20250530/BBOX_VIS-0529-V4C/output/visualization_index.csv
old_20250530_v4c|GOOD|C000050_Interaction-27.mp4,1,old_20250530_v4c,train,trn,GOOD_default_train,friendly,friendly,GOOD,,C000050,C000050_E0001,C000050_Interaction-27.mp4,SV_INTERACTION-27_e05989e65cf5,Interaction-27.mp4,/mnt/data4t/hyw/20250530/BBOX_VIS-0529-V4C/output/GOOD/C000050_Interaction-27.mp4,/mnt/data4t/hyw/20250530/BBOX_VIS-0529-V4C/output_selected_IDs/C000050_Interaction-27.mp4.csv,/mnt/data4t/hyw/20250530/Interaction_Annotator_59/output/annotations/Licking/C000050.csv,/mnt/data4t/hyw/20250530/Interaction_Annotator_59/output/videos/Licking/C000050_Interaction-27.mp4,/mnt/data4t/hyw/20250530/V4C_S1_S2/V_51,/mnt/data4t/hyw/20250530/V4C_S1_S2/V_51/manifest.json,/mnt/data4t/hyw/20250530/V4C_S1_S2/V_51/tracking_boxes.csv,/mnt/data4t/hyw/20250530/V4C_S1_S2/V_51/keypoints.csv,/mnt/data4t/hyw/20250530/V4C_S1_S2/V_51/Interaction-27.mp4,0,3611,0,3611,0,0,160.721,621.383,3513.764,1020.681,/mnt/data4t/hyw/20250530/BBOX_VIS-0529-V4C/output/visualization_index.csv
old_20250530_v4c|GOOD|C000051_Interaction-28.mp4,1,old_20250530_v4c,train,trn,GOOD_default_train,friendly,friendly,GOOD,,C000051,C000051_E0001,C000051_Interaction-28.mp4,SV_INTERACTION-28_61d26db9702d,Interaction-28.mp4,/mnt/data4t/hyw/20250530/BBOX_VIS-0529-V4C/output/GOOD/C000051_Interaction-28.mp4,/mnt/data4t/hyw/20250530/BBOX_VIS-0529-V4C/output_selected_IDs/C000051_Interaction-28.mp4.csv,/mnt/data4t/hyw/20250530/Interaction_Annotator_59/output/annotations/Licking/C000051.csv,/mnt/data4t/hyw/20250530/Interaction_Annotator_59/output/videos/Licking/C000051_Interaction-28.mp4,/mnt/data4t/hyw/20250530/V4C_S1_S2/V_52,/mnt/data4t/hyw/20250530/V4C_S1_S2/V_52/manifest.json,/mnt/data4t/hyw/20250530/V4C_S1_S2/V_52/tracking_boxes.csv,/mnt/data4t/hyw/20250530/V4C_S1_S2/V_52/keypoints.csv,/mnt/data4t/hyw/20250530/V4C_S1_S2/V_52/Interaction-28.mp4,0,11191,0,11191,0,0,157.272,580.004,3472.385,820.683,/mnt/data4t/hyw/20250530/BBOX_VIS-0529-V4C/output/visualization_index.csv
old_20250530_v4c|GOOD|C000053_Interaction-47.mp4,1,old_20250530_v4c,train,trn,GOOD_default_train,friendly,friendly,GOOD,,C000053,C000053_E0001,C000053_Interaction-47.mp4,SV_INTERACTION-47_c713ebc6d315,Interaction-47.mp4,/mnt/data4t/hyw/20250530/BBOX_VIS-0529-V4C/output/GOOD/C000053_Interaction-47.mp4,/mnt/data4t/hyw/20250530/BBOX_VIS-0529-V4C/output_selected_IDs/C000053_Interaction-47.mp4.csv,/mnt/data4t/hyw/20250530/Interaction_Annotator_59/output/annotations/Licking/C000053.csv,/mnt/data4t/hyw/20250530/Interaction_Annotator_59/output/videos/Licking/C000053_Interaction-47.mp4,/mnt/data4t/hyw/20250530/V4C_S1_S2/V_54,/mnt/data4t/hyw/20250530/V4C_S1_S2/V_54/manifest.json,/mnt/data4t/hyw/20250530/V4C_S1_S2/V_54/tracking_boxes.csv,/mnt/data4t/hyw/20250530/V4C_S1_S2/V_54/keypoints.csv,/mnt/data4t/hyw/20250530/V4C_S1_S2/V_54/Interaction-47.mp4,0,1799,0,1799,0,0,253.823,135.18,3362.041,1782.744,/mnt/data4t/hyw/20250530/BBOX_VIS-0529-V4C/output/visualization_index.csv
old_20250530_v4c|GOOD|C000054_Interaction-48.mp4,1,old_20250530_v4c,train,trn,GOOD_default_train,friendly,friendly,GOOD,,C000054,C000054_E0001,C000054_Interaction-48.mp4,SV_INTERACTION-48_5cfa7e5c6d71,Interaction-48.mp4,/mnt/data4t/hyw/20250530/BBOX_VIS-0529-V4C/output/GOOD/C000054_Interaction-48.mp4,/mnt/data4t/hyw/20250530/BBOX_VIS-0529-V4C/output_selected_IDs/C000054_Interaction-48.mp4.csv,/mnt/data4t/hyw/20250530/Interaction_Annotator_59/output/annotations/Licking/C000054.csv,/mnt/data4t/hyw/20250530/Interaction_Annotator_59/output/videos/Licking/C000054_Interaction-48.mp4,/mnt/data4t/hyw/20250530/V4C_S1_S2/V_55,/mnt/data4t/hyw/20250530/V4C_S1_S2/V_55/manifest.json,/mnt/data4t/hyw/20250530/V4C_S1_S2/V_55/tracking_boxes.csv,/mnt/data4t/hyw/20250530/V4C_S1_S2/V_55/keypoints.csv,/mnt/data4t/hyw/20250530/V4C_S1_S2/V_55/Interaction-48.mp4,0,1193,0,1193,0,0,284.858,100.698,3406.868,1796.537,/mnt/data4t/hyw/20250530/BBOX_VIS-0529-V4C/output/visualization_index.csv
old_20250530_v4c|GOOD|C000055_Interaction-52.mp4,1,old_20250530_v4c,train,trn,GOOD_default_train,friendly,friendly,GOOD,,C000055,C000055_E0001,C000055_Interaction-52.mp4,SV_INTERACTION-52_4e7990df37c1,Interaction-52.mp4,/mnt/data4t/hyw/20250530/BBOX_VIS-0529-V4C/output/GOOD/C000055_Interaction-52.mp4,/mnt/data4t/hyw/20250530/BBOX_VIS-0529-V4C/output_selected_IDs/C000055_Interaction-52.mp4.csv,/mnt/data4t/hyw/20250530/Interaction_Annotator_59/output/annotations/Licking/C000055.csv,/mnt/data4t/hyw/20250530/Interaction_Annotator_59/output/videos/Licking/C000055_Interaction-52.mp4,/mnt/data4t/hyw/20250530/V4C_S1_S2/V_56,/mnt/data4t/hyw/20250530/V4C_S1_S2/V_56/manifest.json,/mnt/data4t/hyw/20250530/V4C_S1_S2/V_56/tracking_boxes.csv,/mnt/data4t/hyw/20250530/V4C_S1_S2/V_56/keypoints.csv,/mnt/data4t/hyw/20250530/V4C_S1_S2/V_56/Interaction-52.mp4,0,671,0,671,0,0,408.994,124.836,3231.007,1658.607,/mnt/data4t/hyw/20250530/BBOX_VIS-0529-V4C/output/visualization_index.csv
old_20250530_v4c|GOOD|C000056_Interaction-53.mp4,1,old_20250530_v4c,train,trn,GOOD_default_train,friendly,friendly,GOOD,,C000056,C000056_E0001,C000056_Interaction-53.mp4,SV_INTERACTION-53_29c3d0cfc253,Interaction-53.mp4,/mnt/data4t/hyw/20250530/BBOX_VIS-0529-V4C/output/GOOD/C000056_Interaction-53.mp4,/mnt/data4t/hyw/20250530/BBOX_VIS-0529-V4C/output_selected_IDs/C000056_Interaction-53.mp4.csv,/mnt/data4t/hyw/20250530/Interaction_Annotator_59/output/annotations/Licking/C000056.csv,/mnt/data4t/hyw/20250530/Interaction_Annotator_59/output/videos/Licking/C000056_Interaction-53.mp4,/mnt/data4t/hyw/20250530/V4C_S1_S2/V_57,/mnt/data4t/hyw/20250530/V4C_S1_S2/V_57/manifest.json,/mnt/data4t/hyw/20250530/V4C_S1_S2/V_57/tracking_boxes.csv,/mnt/data4t/hyw/20250530/V4C_S1_S2/V_57/keypoints.csv,/mnt/data4t/hyw/20250530/V4C_S1_S2/V_57/Interaction-53.mp4,0,574,0,574,0,0,1353.814,121.387,2041.362,1882.743,/mnt/data4t/hyw/20250530/BBOX_VIS-0529-V4C/output/visualization_index.csv
old_20250530_v4c|GOOD|C000057_Interaction-61.mp4,1,old_20250530_v4c,train,trn,GOOD_default_train,friendly,friendly,GOOD,,C000057,C000057_E0001,C000057_Interaction-61.mp4,SV_INTERACTION-61_86483c9942a6,Interaction-61.mp4,/mnt/data4t/hyw/20250530/BBOX_VIS-0529-V4C/output/GOOD/C000057_Interaction-61.mp4,/mnt/data4t/hyw/20250530/BBOX_VIS-0529-V4C/output_selected_IDs/C000057_Interaction-61.mp4.csv,/mnt/data4t/hyw/20250530/Interaction_Annotator_59/output/annotations/Licking/C000057.csv,/mnt/data4t/hyw/20250530/Interaction_Annotator_59/output/videos/Licking/C000057_Interaction-61.mp4,/mnt/data4t/hyw/20250530/V4C_S1_S2/V_58,/mnt/data4t/hyw/20250530/V4C_S1_S2/V_58/manifest.json,/mnt/data4t/hyw/20250530/V4C_S1_S2/V_58/tracking_boxes.csv,/mnt/data4t/hyw/20250530/V4C_S1_S2/V_58/keypoints.csv,/mnt/data4t/hyw/20250530/V4C_S1_S2/V_58/Interaction-61.mp4,0,362,0,362,0,0,157.272,776.554,3403.42,796.545,/mnt/data4t/hyw/20250530/BBOX_VIS-0529-V4C/output/visualization_index.csv
old_20250530_v4c|GOOD|C000058_Interaction-67.mp4,1,old_20250530_v4c,train,trn,GOOD_default_train,friendly,friendly,GOOD,,C000058,C000058_E0001,C000058_Interaction-67.mp4,SV_INTERACTION-67_3e2555a6036d,Interaction-67.mp4,/mnt/data4t/hyw/20250530/BBOX_VIS-0529-V4C/output/GOOD/C000058_Interaction-67.mp4,/mnt/data4t/hyw/20250530/BBOX_VIS-0529-V4C/output_selected_IDs/C000058_Interaction-67.mp4.csv,/mnt/data4t/hyw/20250530/Interaction_Annotator_59/output/annotations/Licking/C000058.csv,/mnt/data4t/hyw/20250530/Interaction_Annotator_59/output/videos/Licking/C000058_Interaction-67.mp4,/mnt/data4t/hyw/20250530/V4C_S1_S2/V_59,/mnt/data4t/hyw/20250530/V4C_S1_S2/V_59/manifest.json,/mnt/data4t/hyw/20250530/V4C_S1_S2/V_59/tracking_boxes.csv,/mnt/data4t/hyw/20250530/V4C_S1_S2/V_59/keypoints.csv,/mnt/data4t/hyw/20250530/V4C_S1_S2/V_59/Interaction-67.mp4,0,401,0,401,0,0,133.135,166.215,2306.877,1831.019,/mnt/data4t/hyw/20250530/BBOX_VIS-0529-V4C/output/visualization_index.csv
old_20250530_v4c|GOOD|C000059_Interaction-70.mp4,1,old_20250530_v4c,train,trn,GOOD_default_train,friendly,friendly,GOOD,,C000059,C000059_E0001,C000059_Interaction-70.mp4,SV_INTERACTION-70_e94c9962473c,Interaction-70.mp4,/mnt/data4t/hyw/20250530/BBOX_VIS-0529-V4C/output/GOOD/C000059_Interaction-70.mp4,/mnt/data4t/hyw/20250530/BBOX_VIS-0529-V4C/output_selected_IDs/C000059_Interaction-70.mp4.csv,/mnt/data4t/hyw/20250530/Interaction_Annotator_59/output/annotations/Licking/C000059.csv,/mnt/data4t/hyw/20250530/Interaction_Annotator_59/output/videos/Licking/C000059_Interaction-70.mp4,/mnt/data4t/hyw/20250530/V4C_S1_S2/V_60,/mnt/data4t/hyw/20250530/V4C_S1_S2/V_60/manifest.json,/mnt/data4t/hyw/20250530/V4C_S1_S2/V_60/tracking_boxes.csv,/mnt/data4t/hyw/20250530/V4C_S1_S2/V_60/keypoints.csv,/mnt/data4t/hyw/20250530/V4C_S1_S2/V_60/Interaction-70.mp4,0,2974,0,2974,0,0,1067.61,438.626,2493.082,1403.436,/mnt/data4t/hyw/20250530/BBOX_VIS-0529-V4C/output/visualization_index.csv
old_20250530_v4c|GOOD|C000002_Interaction-4.mp4,1,old_20250530_v4c,train,trn,GOOD_default_train,unfriendly,unfriendly,GOOD,,C000002,C000002_E0001,C000002_Interaction-4.mp4,SV_INTERACTION-4_5bac55e33471,Interaction-4.mp4,/mnt/data4t/hyw/20250530/BBOX_VIS-0529-V4C/output/GOOD/C000002_Interaction-4.mp4,/mnt/data4t/hyw/20250530/BBOX_VIS-0529-V4C/output_selected_IDs/C000002_Interaction-4.mp4.csv,/mnt/data4t/hyw/20250530/Interaction_Annotator_59/output/annotations/Displacement/C000002.csv,/mnt/data4t/hyw/20250530/Interaction_Annotator_59/output/videos/Displacement/C000002_Interaction-4.mp4,/mnt/data4t/hyw/20250530/V4C_S1_S2/V_17,/mnt/data4t/hyw/20250530/V4C_S1_S2/V_17/manifest.json,/mnt/data4t/hyw/20250530/V4C_S1_S2/V_17/tracking_boxes.csv,/mnt/data4t/hyw/20250530/V4C_S1_S2/V_17/keypoints.csv,/mnt/data4t/hyw/20250530/V4C_S1_S2/V_17/Interaction-4.mp4,0,1153,0,1153,0,0,395.201,0.0,2775.839,583.452,/mnt/data4t/hyw/20250530/BBOX_VIS-0529-V4C/output/visualization_index.csv
old_20250530_v4c|GOOD|C000004_Interaction-7.mp4,1,old_20250530_v4c,train,trn,GOOD_default_train,unfriendly,unfriendly,GOOD,,C000004,C000004_E0001,C000004_Interaction-7.mp4,SV_INTERACTION-7_f8630fc6a53c,Interaction-7.mp4,/mnt/data4t/hyw/20250530/BBOX_VIS-0529-V4C/output/GOOD/C000004_Interaction-7.mp4,/mnt/data4t/hyw/20250530/BBOX_VIS-0529-V4C/output_selected_IDs/C000004_Interaction-7.mp4.csv,/mnt/data4t/hyw/20250530/Interaction_Annotator_59/output/annotations/Displacement/C000004.csv,/mnt/data4t/hyw/20250530/Interaction_Annotator_59/output/videos/Displacement/C000004_Interaction-7.mp4,/mnt/data4t/hyw/20250530/V4C_S1_S2/V_33,/mnt/data4t/hyw/20250530/V4C_S1_S2/V_33/manifest.json,/mnt/data4t/hyw/20250530/V4C_S1_S2/V_33/tracking_boxes.csv,/mnt/data4t/hyw/20250530/V4C_S1_S2/V_33/keypoints.csv,/mnt/data4t/hyw/20250530/V4C_S1_S2/V_33/Interaction-7.mp4,0,581,0,581,0,0,936.576,17.94,1806.881,2113.775,/mnt/data4t/hyw/20250530/BBOX_VIS-0529-V4C/output/visualization_index.csv
old_20250530_v4c|GOOD|C000005_Interaction-9.mp4,1,old_20250530_v4c,train,trn,GOOD_default_train,unfriendly,unfriendly,GOOD,,C000005,C000005_E0001,C000005_Interaction-9.mp4,SV_INTERACTION-9_ce62517673a6,Interaction-9.mp4,/mnt/data4t/hyw/20250530/BBOX_VIS-0529-V4C/output/GOOD/C000005_Interaction-9.mp4,/mnt/data4t/hyw/20250530/BBOX_VIS-0529-V4C/output_selected_IDs/C000005_Interaction-9.mp4.csv,/mnt/data4t/hyw/20250530/Interaction_Annotator_59/output/annotations/Displacement/C000005.csv,/mnt/data4t/hyw/20250530/Interaction_Annotator_59/output/videos/Displacement/C000005_Interaction-9.mp4,/mnt/data4t/hyw/20250530/V4C_S1_S2/V_34,/mnt/data4t/hyw/20250530/V4C_S1_S2/V_34/manifest.json,/mnt/data4t/hyw/20250530/V4C_S1_S2/V_34/tracking_boxes.csv,/mnt/data4t/hyw/20250530/V4C_S1_S2/V_34/keypoints.csv,/mnt/data4t/hyw/20250530/V4C_S1_S2/V_34/Interaction-9.mp4,0,328,0,328,0,0,505.545,0.0,2358.601,2097.233,/mnt/data4t/hyw/20250530/BBOX_VIS-0529-V4C/output/visualization_index.csv
old_20250530_v4c|GOOD|C000006_Interaction-11.mp4,1,old_20250530_v4c,train,trn,GOOD_default_train,unfriendly,unfriendly,GOOD,,C000006,C000006_E0001,C000006_Interaction-11.mp4,SV_INTERACTION-11_c43cb076c9d7,Interaction-11.mp4,/mnt/data4t/hyw/20250530/BBOX_VIS-0529-V4C/output/GOOD/C000006_Interaction-11.mp4,/mnt/data4t/hyw/20250530/BBOX_VIS-0529-V4C/output_selected_IDs/C000006_Interaction-11.mp4.csv,/mnt/data4t/hyw/20250530/Interaction_Annotator_59/output/annotations/Displacement/C000006.csv,/mnt/data4t/hyw/20250530/Interaction_Annotator_59/output/videos/Displacement/C000006_Interaction-11.mp4,/mnt/data4t/hyw/20250530/V4C_S1_S2/V_2,/mnt/data4t/hyw/20250530/V4C_S1_S2/V_2/manifest.json,/mnt/data4t/hyw/20250530/V4C_S1_S2/V_2/tracking_boxes.csv,/mnt/data4t/hyw/20250530/V4C_S1_S2/V_2/keypoints.csv,/mnt/data4t/hyw/20250530/V4C_S1_S2/V_2/Interaction-11.mp4,0,183,0,183,0,0,984.852,255.869,2468.945,1486.194,/mnt/data4t/hyw/20250530/BBOX_VIS-0529-V4C/output/visualization_index.csv
old_20250530_v4c|GOOD|C000007_Interaction-13.mp4,1,old_20250530_v4c,train,trn,GOOD_default_train,unfriendly,unfriendly,GOOD,,C000007,C000007_E0001,C000007_Interaction-13.mp4,SV_INTERACTION-13_dac0b2827a9e,Interaction-13.mp4,/mnt/data4t/hyw/20250530/BBOX_VIS-0529-V4C/output/GOOD/C000007_Interaction-13.mp4,/mnt/data4t/hyw/20250530/BBOX_VIS-0529-V4C/output_selected_IDs/C000007_Interaction-13.mp4.csv,/mnt/data4t/hyw/20250530/Interaction_Annotator_59/output/annotations/Displacement/C000007.csv,/mnt/data4t/hyw/20250530/Interaction_Annotator_59/output/videos/Displacement/C000007_Interaction-13.mp4,/mnt/data4t/hyw/20250530/V4C_S1_S2/V_3,/mnt/data4t/hyw/20250530/V4C_S1_S2/V_3/manifest.json,/mnt/data4t/hyw/20250530/V4C_S1_S2/V_3/tracking_boxes.csv,/mnt/data4t/hyw/20250530/V4C_S1_S2/V_3/keypoints.csv,/mnt/data4t/hyw/20250530/V4C_S1_S2/V_3/Interaction-13.mp4,0,233,0,233,0,0,964.162,328.282,2320.67,1831.718,/mnt/data4t/hyw/20250530/BBOX_VIS-0529-V4C/output/visualization_index.csv
old_20250530_v4c|GOOD|C000008_Interaction-18.mp4,1,old_20250530_v4c,train,trn,GOOD_default_train,unfriendly,unfriendly,GOOD,,C000008,C000008_E0001,C000008_Interaction-18.mp4,SV_INTERACTION-18_4c4a6d14841f,Interaction-18.mp4,/mnt/data4t/hyw/20250530/BBOX_VIS-0529-V4C/output/GOOD/C000008_Interaction-18.mp4,/mnt/data4t/hyw/20250530/BBOX_VIS-0529-V4C/output_selected_IDs/C000008_Interaction-18.mp4.csv,/mnt/data4t/hyw/20250530/Interaction_Annotator_59/output/annotations/Displacement/C000008.csv,/mnt/data4t/hyw/20250530/Interaction_Annotator_59/output/videos/Displacement/C000008_Interaction-18.mp4,/mnt/data4t/hyw/20250530/V4C_S1_S2/V_4,/mnt/data4t/hyw/20250530/V4C_S1_S2/V_4/manifest.json,/mnt/data4t/hyw/20250530/V4C_S1_S2/V_4/tracking_boxes.csv,/mnt/data4t/hyw/20250530/V4C_S1_S2/V_4/keypoints.csv,/mnt/data4t/hyw/20250530/V4C_S1_S2/V_4/Interaction-18.mp4,0,495,0,495,0,0,1057.265,517.936,2331.015,1642.064,/mnt/data4t/hyw/20250530/BBOX_VIS-0529-V4C/output/visualization_index.csv
old_20250530_v4c|GOOD|C000009_Interaction-21.mp4,1,old_20250530_v4c,train,trn,GOOD_default_train,unfriendly,unfriendly,GOOD,,C000009,C000009_E0001,C000009_Interaction-21.mp4,SV_INTERACTION-21_efe02533cdf7,Interaction-21.mp4,/mnt/data4t/hyw/20250530/BBOX_VIS-0529-V4C/output/GOOD/C000009_Interaction-21.mp4,/mnt/data4t/hyw/20250530/BBOX_VIS-0529-V4C/output_selected_IDs/C000009_Interaction-21.mp4.csv,/mnt/data4t/hyw/20250530/Interaction_Annotator_59/output/annotations/Displacement/C000009.csv,/mnt/data4t/hyw/20250530/Interaction_Annotator_59/output/videos/Displacement/C000009_Interaction-21.mp4,/mnt/data4t/hyw/20250530/V4C_S1_S2/V_5,/mnt/data4t/hyw/20250530/V4C_S1_S2/V_5/manifest.json,/mnt/data4t/hyw/20250530/V4C_S1_S2/V_5/tracking_boxes.csv,/mnt/data4t/hyw/20250530/V4C_S1_S2/V_5/keypoints.csv,/mnt/data4t/hyw/20250530/V4C_S1_S2/V_5/Interaction-21.mp4,0,496,0,496,0,0,1212.436,28.285,1931.018,2034.466,/mnt/data4t/hyw/20250530/BBOX_VIS-0529-V4C/output/visualization_index.csv
old_20250530_v4c|GOOD|C000011_Interaction-23.mp4,1,old_20250530_v4c,train,trn,GOOD_default_train,unfriendly,unfriendly,GOOD,,C000011,C000011_E0001,C000011_Interaction-23.mp4,SV_INTERACTION-23_6c5d80705c5c,Interaction-23.mp4,/mnt/data4t/hyw/20250530/BBOX_VIS-0529-V4C/output/GOOD/C000011_Interaction-23.mp4,/mnt/data4t/hyw/20250530/BBOX_VIS-0529-V4C/output_selected_IDs/C000011_Interaction-23.mp4.csv,/mnt/data4t/hyw/20250530/Interaction_Annotator_59/output/annotations/Displacement/C000011.csv,/mnt/data4t/hyw/20250530/Interaction_Annotator_59/output/videos/Displacement/C000011_Interaction-23.mp4,/mnt/data4t/hyw/20250530/V4C_S1_S2/V_7,/mnt/data4t/hyw/20250530/V4C_S1_S2/V_7/manifest.json,/mnt/data4t/hyw/20250530/V4C_S1_S2/V_7/tracking_boxes.csv,/mnt/data4t/hyw/20250530/V4C_S1_S2/V_7/keypoints.csv,/mnt/data4t/hyw/20250530/V4C_S1_S2/V_7/Interaction-23.mp4,0,253,0,253,0,0,812.439,52.422,2599.978,1924.122,/mnt/data4t/hyw/20250530/BBOX_VIS-0529-V4C/output/visualization_index.csv
old_20250530_v4c|GOOD|C000012_Interaction-24.mp4,1,old_20250530_v4c,train,trn,GOOD_default_train,unfriendly,unfriendly,GOOD,,C000012,C000012_E0001,C000012_Interaction-24.mp4,SV_INTERACTION-24_155d02d8915f,Interaction-24.mp4,/mnt/data4t/hyw/20250530/BBOX_VIS-0529-V4C/output/GOOD/C000012_Interaction-24.mp4,/mnt/data4t/hyw/20250530/BBOX_VIS-0529-V4C/output_selected_IDs/C000012_Interaction-24.mp4.csv,/mnt/data4t/hyw/20250530/Interaction_Annotator_59/output/annotations/Displacement/C000012.csv,/mnt/data4t/hyw/20250530/Interaction_Annotator_59/output/videos/Displacement/C000012_Interaction-24.mp4,/mnt/data4t/hyw/20250530/V4C_S1_S2/V_8,/mnt/data4t/hyw/20250530/V4C_S1_S2/V_8/manifest.json,/mnt/data4t/hyw/20250530/V4C_S1_S2/V_8/tracking_boxes.csv,/mnt/data4t/hyw/20250530/V4C_S1_S2/V_8/keypoints.csv,/mnt/data4t/hyw/20250530/V4C_S1_S2/V_8/Interaction-24.mp4,0,191,0,191,0,0,891.749,121.387,1979.294,1827.571,/mnt/data4t/hyw/20250530/BBOX_VIS-0529-V4C/output/visualization_index.csv
old_20250530_v4c|GOOD|C000013_Interaction-25.mp4,1,old_20250530_v4c,train,trn,GOOD_default_train,unfriendly,unfriendly,GOOD,,C000013,C000013_E0001,C000013_Interaction-25.mp4,SV_INTERACTION-25_d58405d41af1,Interaction-25.mp4,/mnt/data4t/hyw/20250530/BBOX_VIS-0529-V4C/output/GOOD/C000013_Interaction-25.mp4,/mnt/data4t/hyw/20250530/BBOX_VIS-0529-V4C/output_selected_IDs/C000013_Interaction-25.mp4.csv,/mnt/data4t/hyw/20250530/Interaction_Annotator_59/output/annotations/Displacement/C000013.csv,/mnt/data4t/hyw/20250530/Interaction_Annotator_59/output/videos/Displacement/C000013_Interaction-25.mp4,/mnt/data4t/hyw/20250530/V4C_S1_S2/V_9,/mnt/data4t/hyw/20250530/V4C_S1_S2/V_9/manifest.json,/mnt/data4t/hyw/20250530/V4C_S1_S2/V_9/tracking_boxes.csv,/mnt/data4t/hyw/20250530/V4C_S1_S2/V_9/keypoints.csv,/mnt/data4t/hyw/20250530/V4C_S1_S2/V_9/Interaction-25.mp4,0,1223,0,1223,0,0,1119.333,31.733,1751.709,1610.331,/mnt/data4t/hyw/20250530/BBOX_VIS-0529-V4C/output/visualization_index.csv
old_20250530_v4c|GOOD|C000014_Interaction-29.mp4,1,old_20250530_v4c,train,trn,GOOD_default_train,unfriendly,unfriendly,GOOD,,C000014,C000014_E0001,C000014_Interaction-29.mp4,SV_INTERACTION-29_96b85fb7e331,Interaction-29.mp4,/mnt/data4t/hyw/20250530/BBOX_VIS-0529-V4C/output/GOOD/C000014_Interaction-29.mp4,/mnt/data4t/hyw/20250530/BBOX_VIS-0529-V4C/output_selected_IDs/C000014_Interaction-29.mp4.csv,/mnt/data4t/hyw/20250530/Interaction_Annotator_59/output/annotations/Displacement/C000014.csv,/mnt/data4t/hyw/20250530/Interaction_Annotator_59/output/videos/Displacement/C000014_Interaction-29.mp4,/mnt/data4t/hyw/20250530/V4C_S1_S2/V_10,/mnt/data4t/hyw/20250530/V4C_S1_S2/V_10/manifest.json,/mnt/data4t/hyw/20250530/V4C_S1_S2/V_10/tracking_boxes.csv,/mnt/data4t/hyw/20250530/V4C_S1_S2/V_10/keypoints.csv,/mnt/data4t/hyw/20250530/V4C_S1_S2/V_10/Interaction-29.mp4,0,563,0,563,0,0,67.618,638.624,3231.007,1003.44,/mnt/data4t/hyw/20250530/BBOX_VIS-0529-V4C/output/visualization_index.csv
old_20250530_v4c|GOOD|C000015_Interaction-31.mp4,1,old_20250530_v4c,train,trn,GOOD_default_train,unfriendly,unfriendly,GOOD,,C000015,C000015_E0001,C000015_Interaction-31.mp4,SV_INTERACTION-31_f448c7653e0d,Interaction-31.mp4,/mnt/data4t/hyw/20250530/BBOX_VIS-0529-V4C/output/GOOD/C000015_Interaction-31.mp4,/mnt/data4t/hyw/20250530/BBOX_VIS-0529-V4C/output_selected_IDs/C000015_Interaction-31.mp4.csv,/mnt/data4t/hyw/20250530/Interaction_Annotator_59/output/annotations/Displacement/C000015.csv,/mnt/data4t/hyw/20250530/Interaction_Annotator_59/output/videos/Displacement/C000015_Interaction-31.mp4,/mnt/data4t/hyw/20250530/V4C_S1_S2/V_12,/mnt/data4t/hyw/20250530/V4C_S1_S2/V_12/manifest.json,/mnt/data4t/hyw/20250530/V4C_S1_S2/V_12/tracking_boxes.csv,/mnt/data4t/hyw/20250530/V4C_S1_S2/V_12/keypoints.csv,/mnt/data4t/hyw/20250530/V4C_S1_S2/V_12/Interaction-31.mp4,0,427,0,427,0,0,519.338,45.526,2565.496,1827.571,/mnt/data4t/hyw/20250530/BBOX_VIS-0529-V4C/output/visualization_index.csv
old_20250530_v4c|GOOD|C000017_Interaction-35.mp4,1,old_20250530_v4c,train,trn,GOOD_default_train,unfriendly,unfriendly,GOOD,,C000017,C000017_E0001,C000017_Interaction-35.mp4,SV_INTERACTION-35_0f82bc50bec4,Interaction-35.mp4,/mnt/data4t/hyw/20250530/BBOX_VIS-0529-V4C/output/GOOD/C000017_Interaction-35.mp4,/mnt/data4t/hyw/20250530/BBOX_VIS-0529-V4C/output_selected_IDs/C000017_Interaction-35.mp4.csv,/mnt/data4t/hyw/20250530/Interaction_Annotator_59/output/annotations/Displacement/C000017.csv,/mnt/data4t/hyw/20250530/Interaction_Annotator_59/output/videos/Displacement/C000017_Interaction-35.mp4,/mnt/data4t/hyw/20250530/V4C_S1_S2/V_14,/mnt/data4t/hyw/20250530/V4C_S1_S2/V_14/manifest.json,/mnt/data4t/hyw/20250530/V4C_S1_S2/V_14/tracking_boxes.csv,/mnt/data4t/hyw/20250530/V4C_S1_S2/V_14/keypoints.csv,/mnt/data4t/hyw/20250530/V4C_S1_S2/V_14/Interaction-35.mp4,0,1474,0,1474,0,0,736.578,300.696,2313.774,1551.711,/mnt/data4t/hyw/20250530/BBOX_VIS-0529-V4C/output/visualization_index.csv
old_20250530_v4c|GOOD|C000018_Interaction-36.mp4,1,old_20250530_v4c,train,trn,GOOD_default_train,unfriendly,unfriendly,GOOD,,C000018,C000018_E0001,C000018_Interaction-36.mp4,SV_INTERACTION-36_62f612fffb55,Interaction-36.mp4,/mnt/data4t/hyw/20250530/BBOX_VIS-0529-V4C/output/GOOD/C000018_Interaction-36.mp4,/mnt/data4t/hyw/20250530/BBOX_VIS-0529-V4C/output_selected_IDs/C000018_Interaction-36.mp4.csv,/mnt/data4t/hyw/20250530/Interaction_Annotator_59/output/annotations/Displacement/C000018.csv,/mnt/data4t/hyw/20250530/Interaction_Annotator_59/output/videos/Displacement/C000018_Interaction-36.mp4,/mnt/data4t/hyw/20250530/V4C_S1_S2/V_15,/mnt/data4t/hyw/20250530/V4C_S1_S2/V_15/manifest.json,/mnt/data4t/hyw/20250530/V4C_S1_S2/V_15/tracking_boxes.csv,/mnt/data4t/hyw/20250530/V4C_S1_S2/V_15/keypoints.csv,/mnt/data4t/hyw/20250530/V4C_S1_S2/V_15/Interaction-36.mp4,0,1793,0,1793,0,0,208.996,0.0,2951.699,1028.276,/mnt/data4t/hyw/20250530/BBOX_VIS-0529-V4C/output/visualization_index.csv
old_20250530_v4c|GOOD|C000021_Interaction-46.mp4,1,old_20250530_v4c,train,trn,GOOD_default_train,unfriendly,unfriendly,GOOD,,C000021,C000021_E0001,C000021_Interaction-46.mp4,SV_INTERACTION-46_ecad67945f37,Interaction-46.mp4,/mnt/data4t/hyw/20250530/BBOX_VIS-0529-V4C/output/GOOD/C000021_Interaction-46.mp4,/mnt/data4t/hyw/20250530/BBOX_VIS-0529-V4C/output_selected_IDs/C000021_Interaction-46.mp4.csv,/mnt/data4t/hyw/20250530/Interaction_Annotator_59/output/annotations/Displacement/C000021.csv,/mnt/data4t/hyw/20250530/Interaction_Annotator_59/output/videos/Displacement/C000021_Interaction-46.mp4,/mnt/data4t/hyw/20250530/V4C_S1_S2/V_19,/mnt/data4t/hyw/20250530/V4C_S1_S2/V_19/manifest.json,/mnt/data4t/hyw/20250530/V4C_S1_S2/V_19/tracking_boxes.csv,/mnt/data4t/hyw/20250530/V4C_S1_S2/V_19/keypoints.csv,/mnt/data4t/hyw/20250530/V4C_S1_S2/V_19/Interaction-46.mp4,0,838,0,838,0,0,1933.12,324.834,1703.434,1420.678,/mnt/data4t/hyw/20250530/BBOX_VIS-0529-V4C/output/visualization_index.csv
old_20250530_v4c|GOOD|C000022_Interaction-49.mp4,1,old_20250530_v4c,train,trn,GOOD_default_train,unfriendly,unfriendly,GOOD,,C000022,C000022_E0001,C000022_Interaction-49.mp4,SV_INTERACTION-49_669c54b28895,Interaction-49.mp4,/mnt/data4t/hyw/20250530/BBOX_VIS-0529-V4C/output/GOOD/C000022_Interaction-49.mp4,/mnt/data4t/hyw/20250530/BBOX_VIS-0529-V4C/output_selected_IDs/C000022_Interaction-49.mp4.csv,/mnt/data4t/hyw/20250530/Interaction_Annotator_59/output/annotations/Displacement/C000022.csv,/mnt/data4t/hyw/20250530/Interaction_Annotator_59/output/videos/Displacement/C000022_Interaction-49.mp4,/mnt/data4t/hyw/20250530/V4C_S1_S2/V_20,/mnt/data4t/hyw/20250530/V4C_S1_S2/V_20/manifest.json,/mnt/data4t/hyw/20250530/V4C_S1_S2/V_20/tracking_boxes.csv,/mnt/data4t/hyw/20250530/V4C_S1_S2/V_20/keypoints.csv,/mnt/data4t/hyw/20250530/V4C_S1_S2/V_20/Interaction-49.mp4,0,2317,0,2317,0,0,608.993,0.0,2937.906,1073.104,/mnt/data4t/hyw/20250530/BBOX_VIS-0529-V4C/output/visualization_index.csv
old_20250530_v4c|GOOD|C000023_Interaction-50.mp4,1,old_20250530_v4c,train,trn,GOOD_default_train,unfriendly,unfriendly,GOOD,,C000023,C000023_E0001,C000023_Interaction-50.mp4,SV_INTERACTION-50_ccd22924c9b6,Interaction-50.mp4,/mnt/data4t/hyw/20250530/BBOX_VIS-0529-V4C/output/GOOD/C000023_Interaction-50.mp4,/mnt/data4t/hyw/20250530/BBOX_VIS-0529-V4C/output_selected_IDs/C000023_Interaction-50.mp4.csv,/mnt/data4t/hyw/20250530/Interaction_Annotator_59/output/annotations/Displacement/C000023.csv,/mnt/data4t/hyw/20250530/Interaction_Annotator_59/output/videos/Displacement/C000023_Interaction-50.mp4,/mnt/data4t/hyw/20250530/V4C_S1_S2/V_21,/mnt/data4t/hyw/20250530/V4C_S1_S2/V_21/manifest.json,/mnt/data4t/hyw/20250530/V4C_S1_S2/V_21/tracking_boxes.csv,/mnt/data4t/hyw/20250530/V4C_S1_S2/V_21/keypoints.csv,/mnt/data4t/hyw/20250530/V4C_S1_S2/V_21/Interaction-50.mp4,0,454,0,454,0,0,240.03,662.762,3599.97,599.995,/mnt/data4t/hyw/20250530/BBOX_VIS-0529-V4C/output/visualization_index.csv
old_20250530_v4c|GOOD|C000024_Interaction-51.mp4,1,old_20250530_v4c,train,trn,GOOD_default_train,unfriendly,unfriendly,GOOD,,C000024,C000024_E0001,C000024_Interaction-51.mp4,SV_INTERACTION-51_d3b40441a08f,Interaction-51.mp4,/mnt/data4t/hyw/20250530/BBOX_VIS-0529-V4C/output/GOOD/C000024_Interaction-51.mp4,/mnt/data4t/hyw/20250530/BBOX_VIS-0529-V4C/output_selected_IDs/C000024_Interaction-51.mp4.csv,/mnt/data4t/hyw/20250530/Interaction_Annotator_59/output/annotations/Displacement/C000024.csv,/mnt/data4t/hyw/20250530/Interaction_Annotator_59/output/videos/Displacement/C000024_Interaction-51.mp4,/mnt/data4t/hyw/20250530/V4C_S1_S2/V_22,/mnt/data4t/hyw/20250530/V4C_S1_S2/V_22/manifest.json,/mnt/data4t/hyw/20250530/V4C_S1_S2/V_22/tracking_boxes.csv,/mnt/data4t/hyw/20250530/V4C_S1_S2/V_22/keypoints.csv,/mnt/data4t/hyw/20250530/V4C_S1_S2/V_22/Interaction-51.mp4,0,1069,0,1069,0,0,905.542,121.387,2475.841,1706.882,/mnt/data4t/hyw/20250530/BBOX_VIS-0529-V4C/output/visualization_index.csv
old_20250530_v4c|GOOD|C000025_Interaction-55.mp4,1,old_20250530_v4c,train,trn,GOOD_default_train,unfriendly,unfriendly,GOOD,,C000025,C000025_E0001,C000025_Interaction-55.mp4,SV_INTERACTION-55_193dd144c7a6,Interaction-55.mp4,/mnt/data4t/hyw/20250530/BBOX_VIS-0529-V4C/output/GOOD/C000025_Interaction-55.mp4,/mnt/data4t/hyw/20250530/BBOX_VIS-0529-V4C/output_selected_IDs/C000025_Interaction-55.mp4.csv,/mnt/data4t/hyw/20250530/Interaction_Annotator_59/output/annotations/Displacement/C000025.csv,/mnt/data4t/hyw/20250530/Interaction_Annotator_59/output/videos/Displacement/C000025_Interaction-55.mp4,/mnt/data4t/hyw/20250530/V4C_S1_S2/V_23,/mnt/data4t/hyw/20250530/V4C_S1_S2/V_23/manifest.json,/mnt/data4t/hyw/20250530/V4C_S1_S2/V_23/tracking_boxes.csv,/mnt/data4t/hyw/20250530/V4C_S1_S2/V_23/keypoints.csv,/mnt/data4t/hyw/20250530/V4C_S1_S2/V_23/Interaction-55.mp4,0,307,0,307,0,0,615.889,128.284,2627.564,1851.709,/mnt/data4t/hyw/20250530/BBOX_VIS-0529-V4C/output/visualization_index.csv
old_20250530_v4c|GOOD|C000026_Interaction-56.mp4,1,old_20250530_v4c,train,trn,GOOD_default_train,unfriendly,unfriendly,GOOD,,C000026,C000026_E0001,C000026_Interaction-56.mp4,SV_INTERACTION-56_035c9060334f,Interaction-56.mp4,/mnt/data4t/hyw/20250530/BBOX_VIS-0529-V4C/output/GOOD/C000026_Interaction-56.mp4,/mnt/data4t/hyw/20250530/BBOX_VIS-0529-V4C/output_selected_IDs/C000026_Interaction-56.mp4.csv,/mnt/data4t/hyw/20250530/Interaction_Annotator_59/output/annotations/Displacement/C000026.csv,/mnt/data4t/hyw/20250530/Interaction_Annotator_59/output/videos/Displacement/C000026_Interaction-56.mp4,/mnt/data4t/hyw/20250530/V4C_S1_S2/V_24,/mnt/data4t/hyw/20250530/V4C_S1_S2/V_24/manifest.json,/mnt/data4t/hyw/20250530/V4C_S1_S2/V_24/tracking_boxes.csv,/mnt/data4t/hyw/20250530/V4C_S1_S2/V_24/keypoints.csv,/mnt/data4t/hyw/20250530/V4C_S1_S2/V_24/Interaction-56.mp4,0,568,0,568,0,0,864.163,52.422,2527.565,886.199,/mnt/data4t/hyw/20250530/BBOX_VIS-0529-V4C/output/visualization_index.csv
old_20250530_v4c|GOOD|C000028_Interaction-59.mp4,1,old_20250530_v4c,train,trn,GOOD_default_train,unfriendly,unfriendly,GOOD,,C000028,C000028_E0001,C000028_Interaction-59.mp4,SV_INTERACTION-59_38c1b3d777c2,Interaction-59.mp4,/mnt/data4t/hyw/20250530/BBOX_VIS-0529-V4C/output/GOOD/C000028_Interaction-59.mp4,/mnt/data4t/hyw/20250530/BBOX_VIS-0529-V4C/output_selected_IDs/C000028_Interaction-59.mp4.csv,/mnt/data4t/hyw/20250530/Interaction_Annotator_59/output/annotations/Displacement/C000028.csv,/mnt/data4t/hyw/20250530/Interaction_Annotator_59/output/videos/Displacement/C000028_Interaction-59.mp4,/mnt/data4t/hyw/20250530/V4C_S1_S2/V_26,/mnt/data4t/hyw/20250530/V4C_S1_S2/V_26/manifest.json,/mnt/data4t/hyw/20250530/V4C_S1_S2/V_26/tracking_boxes.csv,/mnt/data4t/hyw/20250530/V4C_S1_S2/V_26/keypoints.csv,/mnt/data4t/hyw/20250530/V4C_S1_S2/V_26/Interaction-59.mp4,0,370,0,370,0,0,2229.669,38.629,1106.887,1906.88,/mnt/data4t/hyw/20250530/BBOX_VIS-0529-V4C/output/visualization_index.csv
old_20250530_v4c|GOOD|C000029_Interaction-63.mp4,1,old_20250530_v4c,train,trn,GOOD_default_train,unfriendly,unfriendly,GOOD,,C000029,C000029_E0001,C000029_Interaction-63.mp4,SV_INTERACTION-63_fb80726d5fac,Interaction-63.mp4,/mnt/data4t/hyw/20250530/BBOX_VIS-0529-V4C/output/GOOD/C000029_Interaction-63.mp4,/mnt/data4t/hyw/20250530/BBOX_VIS-0529-V4C/output_selected_IDs/C000029_Interaction-63.mp4.csv,/mnt/data4t/hyw/20250530/Interaction_Annotator_59/output/annotations/Displacement/C000029.csv,/mnt/data4t/hyw/20250530/Interaction_Annotator_59/output/videos/Displacement/C000029_Interaction-63.mp4,/mnt/data4t/hyw/20250530/V4C_S1_S2/V_28,/mnt/data4t/hyw/20250530/V4C_S1_S2/V_28/manifest.json,/mnt/data4t/hyw/20250530/V4C_S1_S2/V_28/tracking_boxes.csv,/mnt/data4t/hyw/20250530/V4C_S1_S2/V_28/keypoints.csv,/mnt/data4t/hyw/20250530/V4C_S1_S2/V_28/Interaction-63.mp4,0,287,0,287,0,0,781.405,37.931,2589.633,1042.069,/mnt/data4t/hyw/20250530/BBOX_VIS-0529-V4C/output/visualization_index.csv
old_20250530_v4c|GOOD|C000030_Interaction-64.mp4,1,old_20250530_v4c,train,trn,GOOD_default_train,unfriendly,unfriendly,GOOD,,C000030,C000030_E0001,C000030_Interaction-64.mp4,SV_INTERACTION-64_7bbc372f238a,Interaction-64.mp4,/mnt/data4t/hyw/20250530/BBOX_VIS-0529-V4C/output/GOOD/C000030_Interaction-64.mp4,/mnt/data4t/hyw/20250530/BBOX_VIS-0529-V4C/output_selected_IDs/C000030_Interaction-64.mp4.csv,/mnt/data4t/hyw/20250530/Interaction_Annotator_59/output/annotations/Displacement/C000030.csv,/mnt/data4t/hyw/20250530/Interaction_Annotator_59/output/videos/Displacement/C000030_Interaction-64.mp4,/mnt/data4t/hyw/20250530/V4C_S1_S2/V_29,/mnt/data4t/hyw/20250530/V4C_S1_S2/V_29/manifest.json,/mnt/data4t/hyw/20250530/V4C_S1_S2/V_29/tracking_boxes.csv,/mnt/data4t/hyw/20250530/V4C_S1_S2/V_29/keypoints.csv,/mnt/data4t/hyw/20250530/V4C_S1_S2/V_29/Interaction-64.mp4,0,385,0,385,0,0,757.267,766.21,2517.22,806.89,/mnt/data4t/hyw/20250530/BBOX_VIS-0529-V4C/output/visualization_index.csv
old_20250530_v4c|GOOD|C000031_Interaction-65.mp4,1,old_20250530_v4c,train,trn,GOOD_default_train,unfriendly,unfriendly,GOOD,,C000031,C000031_E0001,C000031_Interaction-65.mp4,SV_INTERACTION-65_7fb9153a1619,Interaction-65.mp4,/mnt/data4t/hyw/20250530/BBOX_VIS-0529-V4C/output/GOOD/C000031_Interaction-65.mp4,/mnt/data4t/hyw/20250530/BBOX_VIS-0529-V4C/output_selected_IDs/C000031_Interaction-65.mp4.csv,/mnt/data4t/hyw/20250530/Interaction_Annotator_59/output/annotations/Displacement/C000031.csv,/mnt/data4t/hyw/20250530/Interaction_Annotator_59/output/videos/Displacement/C000031_Interaction-65.mp4,/mnt/data4t/hyw/20250530/V4C_S1_S2/V_30,/mnt/data4t/hyw/20250530/V4C_S1_S2/V_30/manifest.json,/mnt/data4t/hyw/20250530/V4C_S1_S2/V_30/tracking_boxes.csv,/mnt/data4t/hyw/20250530/V4C_S1_S2/V_30/keypoints.csv,/mnt/data4t/hyw/20250530/V4C_S1_S2/V_30/Interaction-65.mp4,0,527,0,527,0,0,726.233,159.318,2206.878,796.545,/mnt/data4t/hyw/20250530/BBOX_VIS-0529-V4C/output/visualization_index.csv
old_20250530_v4c|GOOD|C000032_Interaction-66.mp4,1,old_20250530_v4c,train,trn,GOOD_default_train,unfriendly,unfriendly,GOOD,,C000032,C000032_E0001,C000032_Interaction-66.mp4,SV_INTERACTION-66_ca06acb78888,Interaction-66.mp4,/mnt/data4t/hyw/20250530/BBOX_VIS-0529-V4C/output/GOOD/C000032_Interaction-66.mp4,/mnt/data4t/hyw/20250530/BBOX_VIS-0529-V4C/output_selected_IDs/C000032_Interaction-66.mp4.csv,/mnt/data4t/hyw/20250530/Interaction_Annotator_59/output/annotations/Displacement/C000032.csv,/mnt/data4t/hyw/20250530/Interaction_Annotator_59/output/videos/Displacement/C000032_Interaction-66.mp4,/mnt/data4t/hyw/20250530/V4C_S1_S2/V_31,/mnt/data4t/hyw/20250530/V4C_S1_S2/V_31/manifest.json,/mnt/data4t/hyw/20250530/V4C_S1_S2/V_31/tracking_boxes.csv,/mnt/data4t/hyw/20250530/V4C_S1_S2/V_31/keypoints.csv,/mnt/data4t/hyw/20250530/V4C_S1_S2/V_31/Interaction-66.mp4,0,277,0,277,0,0,22.791,228.283,2275.843,1851.709,/mnt/data4t/hyw/20250530/BBOX_VIS-0529-V4C/output/visualization_index.csv
old_20250530_v4c|GOOD|C000033_Interaction-69.mp4,1,old_20250530_v4c,train,trn,GOOD_default_train,unfriendly,unfriendly,GOOD,,C000033,C000033_E0001,C000033_Interaction-69.mp4,SV_INTERACTION-69_1c1521bbc58f,Interaction-69.mp4,/mnt/data4t/hyw/20250530/BBOX_VIS-0529-V4C/output/GOOD/C000033_Interaction-69.mp4,/mnt/data4t/hyw/20250530/BBOX_VIS-0529-V4C/output_selected_IDs/C000033_Interaction-69.mp4.csv,/mnt/data4t/hyw/20250530/Interaction_Annotator_59/output/annotations/Displacement/C000033.csv,/mnt/data4t/hyw/20250530/Interaction_Annotator_59/output/videos/Displacement/C000033_Interaction-69.mp4,/mnt/data4t/hyw/20250530/V4C_S1_S2/V_32,/mnt/data4t/hyw/20250530/V4C_S1_S2/V_32/manifest.json,/mnt/data4t/hyw/20250530/V4C_S1_S2/V_32/tracking_boxes.csv,/mnt/data4t/hyw/20250530/V4C_S1_S2/V_32/keypoints.csv,/mnt/data4t/hyw/20250530/V4C_S1_S2/V_32/Interaction-69.mp4,0,457,0,457,0,0,350.374,480.005,3296.524,1099.991,/mnt/data4t/hyw/20250530/BBOX_VIS-0529-V4C/output/visualization_index.csv
old_20250530_v4c|GOOD|C000039_Interaction-12.mp4,1,old_20250530_v4c,train,trn,GOOD_default_train,unfriendly,unfriendly,GOOD,,C000039,C000039_E0001,C000039_Interaction-12.mp4,SV_INTERACTION-12_f8e51096849d,Interaction-12.mp4,/mnt/data4t/hyw/20250530/BBOX_VIS-0529-V4C/output/GOOD/C000039_Interaction-12.mp4,/mnt/data4t/hyw/20250530/BBOX_VIS-0529-V4C/output_selected_IDs/C000039_Interaction-12.mp4.csv,/mnt/data4t/hyw/20250530/Interaction_Annotator_59/output/annotations/Headbutting/C000039.csv,/mnt/data4t/hyw/20250530/Interaction_Annotator_59/output/videos/Headbutting/C000039_Interaction-12.mp4,/mnt/data4t/hyw/20250530/V4C_S1_S2/V_40,/mnt/data4t/hyw/20250530/V4C_S1_S2/V_40/manifest.json,/mnt/data4t/hyw/20250530/V4C_S1_S2/V_40/tracking_boxes.csv,/mnt/data4t/hyw/20250530/V4C_S1_S2/V_40/keypoints.csv,/mnt/data4t/hyw/20250530/V4C_S1_S2/V_40/Interaction-12.mp4,0,368,0,368,0,0,936.576,152.422,2489.634,1889.639,/mnt/data4t/hyw/20250530/BBOX_VIS-0529-V4C/output/visualization_index.csv
old_20250530_v4c|GOOD|C000040_Interaction-14.mp4,1,old_20250530_v4c,train,trn,GOOD_default_train,unfriendly,unfriendly,GOOD,,C000040,C000040_E0001,C000040_Interaction-14.mp4,SV_INTERACTION-14_f1192593254d,Interaction-14.mp4,/mnt/data4t/hyw/20250530/BBOX_VIS-0529-V4C/output/GOOD/C000040_Interaction-14.mp4,/mnt/data4t/hyw/20250530/BBOX_VIS-0529-V4C/output_selected_IDs/C000040_Interaction-14.mp4.csv,/mnt/data4t/hyw/20250530/Interaction_Annotator_59/output/annotations/Headbutting/C000040.csv,/mnt/data4t/hyw/20250530/Interaction_Annotator_59/output/videos/Headbutting/C000040_Interaction-14.mp4,/mnt/data4t/hyw/20250530/V4C_S1_S2/V_41,/mnt/data4t/hyw/20250530/V4C_S1_S2/V_41/manifest.json,/mnt/data4t/hyw/20250530/V4C_S1_S2/V_41/tracking_boxes.csv,/mnt/data4t/hyw/20250530/V4C_S1_S2/V_41/keypoints.csv,/mnt/data4t/hyw/20250530/V4C_S1_S2/V_41/Interaction-14.mp4,0,287,0,287,0,0,1964.154,280.007,1117.232,1206.886,/mnt/data4t/hyw/20250530/BBOX_VIS-0529-V4C/output/visualization_index.csv
old_20250530_v4c|GOOD|C000043_Interaction-17.mp4,1,old_20250530_v4c,train,trn,GOOD_default_train,unfriendly,unfriendly,GOOD,,C000043,C000043_E0001,C000043_Interaction-17.mp4,SV_INTERACTION-17_97d95ff0db49,Interaction-17.mp4,/mnt/data4t/hyw/20250530/BBOX_VIS-0529-V4C/output/GOOD/C000043_Interaction-17.mp4,/mnt/data4t/hyw/20250530/BBOX_VIS-0529-V4C/output_selected_IDs/C000043_Interaction-17.mp4.csv,/mnt/data4t/hyw/20250530/Interaction_Annotator_59/output/annotations/Headbutting/C000043.csv,/mnt/data4t/hyw/20250530/Interaction_Annotator_59/output/videos/Headbutting/C000043_Interaction-17.mp4,/mnt/data4t/hyw/20250530/V4C_S1_S2/V_44,/mnt/data4t/hyw/20250530/V4C_S1_S2/V_44/manifest.json,/mnt/data4t/hyw/20250530/V4C_S1_S2/V_44/tracking_boxes.csv,/mnt/data4t/hyw/20250530/V4C_S1_S2/V_44/keypoints.csv,/mnt/data4t/hyw/20250530/V4C_S1_S2/V_44/Interaction-17.mp4,0,2261,0,2261,0,0,702.095,62.767,2003.431,1665.503,/mnt/data4t/hyw/20250530/BBOX_VIS-0529-V4C/output/visualization_index.csv
old_20250530_v4c|GOOD|C000044_Interaction-26.mp4,1,old_20250530_v4c,train,trn,GOOD_default_train,unfriendly,unfriendly,GOOD,,C000044,C000044_E0001,C000044_Interaction-26.mp4,SV_INTERACTION-26_c30499861825,Interaction-26.mp4,/mnt/data4t/hyw/20250530/BBOX_VIS-0529-V4C/output/GOOD/C000044_Interaction-26.mp4,/mnt/data4t/hyw/20250530/BBOX_VIS-0529-V4C/output_selected_IDs/C000044_Interaction-26.mp4.csv,/mnt/data4t/hyw/20250530/Interaction_Annotator_59/output/annotations/Headbutting/C000044.csv,/mnt/data4t/hyw/20250530/Interaction_Annotator_59/output/videos/Headbutting/C000044_Interaction-26.mp4,/mnt/data4t/hyw/20250530/V4C_S1_S2/V_45,/mnt/data4t/hyw/20250530/V4C_S1_S2/V_45/manifest.json,/mnt/data4t/hyw/20250530/V4C_S1_S2/V_45/tracking_boxes.csv,/mnt/data4t/hyw/20250530/V4C_S1_S2/V_45/keypoints.csv,/mnt/data4t/hyw/20250530/V4C_S1_S2/V_45/Interaction-26.mp4,0,905,0,905,0,0,1108.989,124.836,2024.121,1489.643,/mnt/data4t/hyw/20250530/BBOX_VIS-0529-V4C/output/visualization_index.csv
old_20250530_v4c|GOOD|C000045_Interaction-41.mp4,1,old_20250530_v4c,train,trn,GOOD_default_train,unfriendly,unfriendly,GOOD,,C000045,C000045_E0001,C000045_Interaction-41.mp4,SV_INTERACTION-41_b3a1c6e62a59,Interaction-41.mp4,/mnt/data4t/hyw/20250530/BBOX_VIS-0529-V4C/output/GOOD/C000045_Interaction-41.mp4,/mnt/data4t/hyw/20250530/BBOX_VIS-0529-V4C/output_selected_IDs/C000045_Interaction-41.mp4.csv,/mnt/data4t/hyw/20250530/Interaction_Annotator_59/output/annotations/Headbutting/C000045.csv,/mnt/data4t/hyw/20250530/Interaction_Annotator_59/output/videos/Headbutting/C000045_Interaction-41.mp4,/mnt/data4t/hyw/20250530/V4C_S1_S2/V_46,/mnt/data4t/hyw/20250530/V4C_S1_S2/V_46/manifest.json,/mnt/data4t/hyw/20250530/V4C_S1_S2/V_46/tracking_boxes.csv,/mnt/data4t/hyw/20250530/V4C_S1_S2/V_46/keypoints.csv,/mnt/data4t/hyw/20250530/V4C_S1_S2/V_46/Interaction-41.mp4,0,269,0,269,0,0,0.0,0.0,1734.468,1189.645,/mnt/data4t/hyw/20250530/BBOX_VIS-0529-V4C/output/visualization_index.csv
old_20250530_v4c|GOOD|C000046_Interaction-45.mp4,1,old_20250530_v4c,train,trn,GOOD_default_train,unfriendly,unfriendly,GOOD,,C000046,C000046_E0001,C000046_Interaction-45.mp4,SV_INTERACTION-45_0b726ab48ba6,Interaction-45.mp4,/mnt/data4t/hyw/20250530/BBOX_VIS-0529-V4C/output/GOOD/C000046_Interaction-45.mp4,/mnt/data4t/hyw/20250530/BBOX_VIS-0529-V4C/output_selected_IDs/C000046_Interaction-45.mp4.csv,/mnt/data4t/hyw/20250530/Interaction_Annotator_59/output/annotations/Headbutting/C000046.csv,/mnt/data4t/hyw/20250530/Interaction_Annotator_59/output/videos/Headbutting/C000046_Interaction-45.mp4,/mnt/data4t/hyw/20250530/V4C_S1_S2/V_47,/mnt/data4t/hyw/20250530/V4C_S1_S2/V_47/manifest.json,/mnt/data4t/hyw/20250530/V4C_S1_S2/V_47/tracking_boxes.csv,/mnt/data4t/hyw/20250530/V4C_S1_S2/V_47/keypoints.csv,/mnt/data4t/hyw/20250530/V4C_S1_S2/V_47/Interaction-45.mp4,0,249,0,249,0,0,836.577,397.247,2882.734,1699.986,/mnt/data4t/hyw/20250530/BBOX_VIS-0529-V4C/output/visualization_index.csv
old_20250530_v4c|GOOD|C000047_Interaction-54.mp4,1,old_20250530_v4c,train,trn,GOOD_default_train,unfriendly,unfriendly,GOOD,,C000047,C000047_E0001,C000047_Interaction-54.mp4,SV_INTERACTION-54_3ab7143f553f,Interaction-54.mp4,/mnt/data4t/hyw/20250530/BBOX_VIS-0529-V4C/output/GOOD/C000047_Interaction-54.mp4,/mnt/data4t/hyw/20250530/BBOX_VIS-0529-V4C/output_selected_IDs/C000047_Interaction-54.mp4.csv,/mnt/data4t/hyw/20250530/Interaction_Annotator_59/output/annotations/Headbutting/C000047.csv,/mnt/data4t/hyw/20250530/Interaction_Annotator_59/output/videos/Headbutting/C000047_Interaction-54.mp4,/mnt/data4t/hyw/20250530/V4C_S1_S2/V_48,/mnt/data4t/hyw/20250530/V4C_S1_S2/V_48/manifest.json,/mnt/data4t/hyw/20250530/V4C_S1_S2/V_48/tracking_boxes.csv,/mnt/data4t/hyw/20250530/V4C_S1_S2/V_48/keypoints.csv,/mnt/data4t/hyw/20250530/V4C_S1_S2/V_48/Interaction-54.mp4,0,1660,0,1660,0,0,577.958,0.0,2837.907,1855.856,/mnt/data4t/hyw/20250530/BBOX_VIS-0529-V4C/output/visualization_index.csv
old_20250530_v4c|GOOD|C000048_Interaction-60.mp4,1,old_20250530_v4c,train,trn,GOOD_default_train,unfriendly,unfriendly,GOOD,,C000048,C000048_E0001,C000048_Interaction-60.mp4,SV_INTERACTION-60_0e7ee425ae52,Interaction-60.mp4,/mnt/data4t/hyw/20250530/BBOX_VIS-0529-V4C/output/GOOD/C000048_Interaction-60.mp4,/mnt/data4t/hyw/20250530/BBOX_VIS-0529-V4C/output_selected_IDs/C000048_Interaction-60.mp4.csv,/mnt/data4t/hyw/20250530/Interaction_Annotator_59/output/annotations/Headbutting/C000048.csv,/mnt/data4t/hyw/20250530/Interaction_Annotator_59/output/videos/Headbutting/C000048_Interaction-60.mp4,/mnt/data4t/hyw/20250530/V4C_S1_S2/V_49,/mnt/data4t/hyw/20250530/V4C_S1_S2/V_49/manifest.json,/mnt/data4t/hyw/20250530/V4C_S1_S2/V_49/tracking_boxes.csv,/mnt/data4t/hyw/20250530/V4C_S1_S2/V_49/keypoints.csv,/mnt/data4t/hyw/20250530/V4C_S1_S2/V_49/Interaction-60.mp4,0,505,0,505,0,0,484.856,535.177,3193.077,1068.957,/mnt/data4t/hyw/20250530/BBOX_VIS-0529-V4C/output/visualization_index.csv
old_20250530_v4c|GOOD|C000049_Interaction-62.mp4,1,old_20250530_v4c,train,trn,GOOD_default_train,unfriendly,unfriendly,GOOD,,C000049,C000049_E0001,C000049_Interaction-62.mp4,SV_INTERACTION-62_a691a48a93f8,Interaction-62.mp4,/mnt/data4t/hyw/20250530/BBOX_VIS-0529-V4C/output/GOOD/C000049_Interaction-62.mp4,/mnt/data4t/hyw/20250530/BBOX_VIS-0529-V4C/output_selected_IDs/C000049_Interaction-62.mp4.csv,/mnt/data4t/hyw/20250530/Interaction_Annotator_59/output/annotations/Headbutting/C000049.csv,/mnt/data4t/hyw/20250530/Interaction_Annotator_59/output/videos/Headbutting/C000049_Interaction-62.mp4,/mnt/data4t/hyw/20250530/V4C_S1_S2/V_50,/mnt/data4t/hyw/20250530/V4C_S1_S2/V_50/manifest.json,/mnt/data4t/hyw/20250530/V4C_S1_S2/V_50/tracking_boxes.csv,/mnt/data4t/hyw/20250530/V4C_S1_S2/V_50/keypoints.csv,/mnt/data4t/hyw/20250530/V4C_S1_S2/V_50/Interaction-62.mp4,0,1025,0,1025,0,0,253.823,700.693,3275.834,999.992,/mnt/data4t/hyw/20250530/BBOX_VIS-0529-V4C/output/visualization_index.csv
old_20250530_sibi|GOOD|C000027_Dry_Cows_Video_3-2.mp4,2,old_20250530_sibi,train,trn,GOOD_default_train,friendly,friendly,GOOD,,C000027,C000027_E0001,C000027_Dry_Cows_Video_3-2.mp4,SV_DRY_COWS_VIDEO_3-2_a931346ca16f,Dry_Cows_Video_3-2.mp4,/mnt/data4t/hyw/20250530/BBOX_VIS-0528-SIBI/output/GOOD/C000027_Dry_Cows_Video_3-2.mp4,/mnt/data4t/hyw/20250530/BBOX_VIS-0528-SIBI/output_selected_IDs/C000027_Dry_Cows_Video_3-2.mp4.csv,/mnt/data4t/hyw/20250530/Interaction_Annotator_70/output/annotations/1_Nuzzling/C000027.csv,/mnt/data4t/hyw/20250530/Interaction_Annotator_70/output/videos/1_Nuzzling/C000027_Dry_Cows_Video_3-2.mp4,/mnt/data4t/hyw/20250530/VSIBI_S1/V_16,/mnt/data4t/hyw/20250530/VSIBI_S1/V_16/manifest.json,/mnt/data4t/hyw/20250530/VSIBI_S1/V_16/tracking_boxes.csv,/mnt/data4t/hyw/20250530/VSIBI_S1/V_16/keypoints.csv,/mnt/data4t/hyw/20250530/VSIBI_S1/V_16/Dry_Cows_Video_3-2.mp4,0,257,0,257,0,0,995.196,776.554,1496.539,1368.954,/mnt/data4t/hyw/20250530/BBOX_VIS-0528-SIBI/output/visualization_index.csv
old_20250530_sibi|GOOD|C000028_Dry_Cows_Video_3-3.mp4,2,old_20250530_sibi,train,trn,GOOD_default_train,friendly,friendly,GOOD,,C000028,C000028_E0001,C000028_Dry_Cows_Video_3-3.mp4,SV_DRY_COWS_VIDEO_3-3_d83c5e2e8776,Dry_Cows_Video_3-3.mp4,/mnt/data4t/hyw/20250530/BBOX_VIS-0528-SIBI/output/GOOD/C000028_Dry_Cows_Video_3-3.mp4,/mnt/data4t/hyw/20250530/BBOX_VIS-0528-SIBI/output_selected_IDs/C000028_Dry_Cows_Video_3-3.mp4.csv,/mnt/data4t/hyw/20250530/Interaction_Annotator_70/output/annotations/0_Licking/C000028.csv,/mnt/data4t/hyw/20250530/Interaction_Annotator_70/output/videos/0_Licking/C000028_Dry_Cows_Video_3-3.mp4,/mnt/data4t/hyw/20250530/VSIBI_S1/V_6,/mnt/data4t/hyw/20250530/VSIBI_S1/V_6/manifest.json,/mnt/data4t/hyw/20250530/VSIBI_S1/V_6/tracking_boxes.csv,/mnt/data4t/hyw/20250530/VSIBI_S1/V_6/keypoints.csv,/mnt/data4t/hyw/20250530/VSIBI_S1/V_6/Dry_Cows_Video_3-3.mp4,0,3611,0,3611,0,0,753.819,555.866,2348.256,686.201,/mnt/data4t/hyw/20250530/BBOX_VIS-0528-SIBI/output/visualization_index.csv
old_20250530_sibi|GOOD|C000029_Dry_Cows_Video_3-4.mp4,2,old_20250530_sibi,train,trn,GOOD_default_train,friendly,friendly,GOOD,,C000029,C000029_E0001,C000029_Dry_Cows_Video_3-4.mp4,SV_DRY_COWS_VIDEO_3-4_10b3c97e8a5a,Dry_Cows_Video_3-4.mp4,/mnt/data4t/hyw/20250530/BBOX_VIS-0528-SIBI/output/GOOD/C000029_Dry_Cows_Video_3-4.mp4,/mnt/data4t/hyw/20250530/BBOX_VIS-0528-SIBI/output_selected_IDs/C000029_Dry_Cows_Video_3-4.mp4.csv,/mnt/data4t/hyw/20250530/Interaction_Annotator_70/output/annotations/0_Licking/C000029.csv,/mnt/data4t/hyw/20250530/Interaction_Annotator_70/output/videos/0_Licking/C000029_Dry_Cows_Video_3-4.mp4,/mnt/data4t/hyw/20250530/VSIBI_S1/V_7,/mnt/data4t/hyw/20250530/VSIBI_S1/V_7/manifest.json,/mnt/data4t/hyw/20250530/VSIBI_S1/V_7/tracking_boxes.csv,/mnt/data4t/hyw/20250530/VSIBI_S1/V_7/keypoints.csv,/mnt/data4t/hyw/20250530/VSIBI_S1/V_7/Dry_Cows_Video_3-4.mp4,0,11191,0,11191,0,0,677.958,580.004,2299.981,593.098,/mnt/data4t/hyw/20250530/BBOX_VIS-0528-SIBI/output/visualization_index.csv
old_20250530_sibi|GOOD|C000031_Dry_Cows_Video_3-6.mp4,2,old_20250530_sibi,train,trn,GOOD_default_train,friendly,friendly,GOOD,,C000031,C000031_E0001,C000031_Dry_Cows_Video_3-6.mp4,SV_DRY_COWS_VIDEO_3-6_e8b20c8bead9,Dry_Cows_Video_3-6.mp4,/mnt/data4t/hyw/20250530/BBOX_VIS-0528-SIBI/output/GOOD/C000031_Dry_Cows_Video_3-6.mp4,/mnt/data4t/hyw/20250530/BBOX_VIS-0528-SIBI/output_selected_IDs/C000031_Dry_Cows_Video_3-6.mp4.csv,/mnt/data4t/hyw/20250530/Interaction_Annotator_70/output/annotations/0_Licking/C000031.csv,/mnt/data4t/hyw/20250530/Interaction_Annotator_70/output/videos/0_Licking/C000031_Dry_Cows_Video_3-6.mp4,/mnt/data4t/hyw/20250530/VSIBI_S1/V_8,/mnt/data4t/hyw/20250530/VSIBI_S1/V_8/manifest.json,/mnt/data4t/hyw/20250530/VSIBI_S1/V_8/tracking_boxes.csv,/mnt/data4t/hyw/20250530/VSIBI_S1/V_8/keypoints.csv,/mnt/data4t/hyw/20250530/VSIBI_S1/V_8/Dry_Cows_Video_3-6.mp4,0,4430,0,4430,0,0,453.822,700.693,1489.643,1175.852,/mnt/data4t/hyw/20250530/BBOX_VIS-0528-SIBI/output/visualization_index.csv
old_20250530_sibi|GOOD|C000002_Dry_Cows_Video_1-2.mp4,2,old_20250530_sibi,train,trn,GOOD_default_train,unfriendly,unfriendly,GOOD,,C000002,C000002_E0001,C000002_Dry_Cows_Video_1-2.mp4,SV_DRY_COWS_VIDEO_1-2_d8c5a936f6f4,Dry_Cows_Video_1-2.mp4,/mnt/data4t/hyw/20250530/BBOX_VIS-0528-SIBI/output/GOOD/C000002_Dry_Cows_Video_1-2.mp4,/mnt/data4t/hyw/20250530/BBOX_VIS-0528-SIBI/output_selected_IDs/C000002_Dry_Cows_Video_1-2.mp4.csv,/mnt/data4t/hyw/20250530/Interaction_Annotator_70/output/annotations/3_Displacement/C000002.csv,/mnt/data4t/hyw/20250530/Interaction_Annotator_70/output/videos/3_Displacement/C000002_Dry_Cows_Video_1-2.mp4,/mnt/data4t/hyw/20250530/VSIBI_S1/V_30,/mnt/data4t/hyw/20250530/VSIBI_S1/V_30/manifest.json,/mnt/data4t/hyw/20250530/VSIBI_S1/V_30/tracking_boxes.csv,/mnt/data4t/hyw/20250530/VSIBI_S1/V_30/keypoints.csv,/mnt/data4t/hyw/20250530/VSIBI_S1/V_30/Dry_Cows_Video_1-2.mp4,0,182,0,182,0,0,2322.771,342.075,1344.816,1117.232,/mnt/data4t/hyw/20250530/BBOX_VIS-0528-SIBI/output/visualization_index.csv
old_20250530_sibi|GOOD|C000003_Dry_Cows_Video_1-3.mp4,2,old_20250530_sibi,train,trn,GOOD_default_train,unfriendly,unfriendly,GOOD,,C000003,C000003_E0001,C000003_Dry_Cows_Video_1-3.mp4,SV_DRY_COWS_VIDEO_1-3_da2be446f435,Dry_Cows_Video_1-3.mp4,/mnt/data4t/hyw/20250530/BBOX_VIS-0528-SIBI/output/GOOD/C000003_Dry_Cows_Video_1-3.mp4,/mnt/data4t/hyw/20250530/BBOX_VIS-0528-SIBI/output_selected_IDs/C000003_Dry_Cows_Video_1-3.mp4.csv,/mnt/data4t/hyw/20250530/Interaction_Annotator_70/output/annotations/2_Headbutting/C000003.csv,/mnt/data4t/hyw/20250530/Interaction_Annotator_70/output/videos/2_Headbutting/C000003_Dry_Cows_Video_1-3.mp4,/mnt/data4t/hyw/20250530/VSIBI_S1/V_19,/mnt/data4t/hyw/20250530/VSIBI_S1/V_19/manifest.json,/mnt/data4t/hyw/20250530/VSIBI_S1/V_19/tracking_boxes.csv,/mnt/data4t/hyw/20250530/VSIBI_S1/V_19/keypoints.csv,/mnt/data4t/hyw/20250530/VSIBI_S1/V_19/Dry_Cows_Video_1-3.mp4,0,367,0,367,0,0,2098.635,348.972,1355.161,1113.784,/mnt/data4t/hyw/20250530/BBOX_VIS-0528-SIBI/output/visualization_index.csv
old_20250530_sibi|GOOD|C000004_Dry_Cows_Video_1-4.mp4,2,old_20250530_sibi,train,trn,GOOD_default_train,unfriendly,unfriendly,GOOD,,C000004,C000004_E0001,C000004_Dry_Cows_Video_1-4.mp4,SV_DRY_COWS_VIDEO_1-4_e6290ca3cf87,Dry_Cows_Video_1-4.mp4,/mnt/data4t/hyw/20250530/BBOX_VIS-0528-SIBI/output/GOOD/C000004_Dry_Cows_Video_1-4.mp4,/mnt/data4t/hyw/20250530/BBOX_VIS-0528-SIBI/output_selected_IDs/C000004_Dry_Cows_Video_1-4.mp4.csv,/mnt/data4t/hyw/20250530/Interaction_Annotator_70/output/annotations/3_Displacement/C000004.csv,/mnt/data4t/hyw/20250530/Interaction_Annotator_70/output/videos/3_Displacement/C000004_Dry_Cows_Video_1-4.mp4,/mnt/data4t/hyw/20250530/VSIBI_S1/V_31,/mnt/data4t/hyw/20250530/VSIBI_S1/V_31/manifest.json,/mnt/data4t/hyw/20250530/VSIBI_S1/V_31/tracking_boxes.csv,/mnt/data4t/hyw/20250530/VSIBI_S1/V_31/keypoints.csv,/mnt/data4t/hyw/20250530/VSIBI_S1/V_31/Dry_Cows_Video_1-4.mp4,0,232,0,232,0,0,2077.946,111.043,1199.99,1486.194,/mnt/data4t/hyw/20250530/BBOX_VIS-0528-SIBI/output/visualization_index.csv
old_20250530_sibi|GOOD|C000010_Dry_Cows_Video_1-10.mp4,2,old_20250530_sibi,train,trn,GOOD_default_train,unfriendly,unfriendly,GOOD,,C000010,C000010_E0001,C000010_Dry_Cows_Video_1-10.mp4,SV_DRY_COWS_VIDEO_1-10_f83b53e4ddac,Dry_Cows_Video_1-10.mp4,/mnt/data4t/hyw/20250530/BBOX_VIS-0528-SIBI/output/GOOD/C000010_Dry_Cows_Video_1-10.mp4,/mnt/data4t/hyw/20250530/BBOX_VIS-0528-SIBI/output_selected_IDs/C000010_Dry_Cows_Video_1-10.mp4.csv,/mnt/data4t/hyw/20250530/Interaction_Annotator_70/output/annotations/3_Displacement/C000010.csv,/mnt/data4t/hyw/20250530/Interaction_Annotator_70/output/videos/3_Displacement/C000010_Dry_Cows_Video_1-10.mp4,/mnt/data4t/hyw/20250530/VSIBI_S1/V_27,/mnt/data4t/hyw/20250530/VSIBI_S1/V_27/manifest.json,/mnt/data4t/hyw/20250530/VSIBI_S1/V_27/tracking_boxes.csv,/mnt/data4t/hyw/20250530/VSIBI_S1/V_27/keypoints.csv,/mnt/data4t/hyw/20250530/VSIBI_S1/V_27/Dry_Cows_Video_1-10.mp4,0,388,0,388,0,0,715.888,411.04,558.616,1344.816,/mnt/data4t/hyw/20250530/BBOX_VIS-0528-SIBI/output/visualization_index.csv
old_20250530_sibi|GOOD|C000019_Dry_Cows_Video_2-6.mp4,2,old_20250530_sibi,train,trn,GOOD_default_train,unfriendly,unfriendly,GOOD,,C000019,C000019_E0001,C000019_Dry_Cows_Video_2-6.mp4,SV_DRY_COWS_VIDEO_2-6_4164b90358d2,Dry_Cows_Video_2-6.mp4,/mnt/data4t/hyw/20250530/BBOX_VIS-0528-SIBI/output/GOOD/C000019_Dry_Cows_Video_2-6.mp4,/mnt/data4t/hyw/20250530/BBOX_VIS-0528-SIBI/output_selected_IDs/C000019_Dry_Cows_Video_2-6.mp4.csv,/mnt/data4t/hyw/20250530/Interaction_Annotator_70/output/annotations/2_Headbutting/C000019.csv,/mnt/data4t/hyw/20250530/Interaction_Annotator_70/output/videos/2_Headbutting/C000019_Dry_Cows_Video_2-6.mp4,/mnt/data4t/hyw/20250530/VSIBI_S1/V_22,/mnt/data4t/hyw/20250530/VSIBI_S1/V_22/manifest.json,/mnt/data4t/hyw/20250530/VSIBI_S1/V_22/tracking_boxes.csv,/mnt/data4t/hyw/20250530/VSIBI_S1/V_22/keypoints.csv,/mnt/data4t/hyw/20250530/VSIBI_S1/V_22/Dry_Cows_Video_2-6.mp4,0,904,0,904,0,0,1874.499,0.0,1431.022,1011.035,/mnt/data4t/hyw/20250530/BBOX_VIS-0528-SIBI/output/visualization_index.csv
old_20250530_sibi|GOOD|C000023_Dry_Cows_Video_2-10.mp4,2,old_20250530_sibi,train,trn,GOOD_default_train,unfriendly,unfriendly,GOOD,,C000023,C000023_E0001,C000023_Dry_Cows_Video_2-10.mp4,SV_DRY_COWS_VIDEO_2-10_e574c262e3a3,Dry_Cows_Video_2-10.mp4,/mnt/data4t/hyw/20250530/BBOX_VIS-0528-SIBI/output/GOOD/C000023_Dry_Cows_Video_2-10.mp4,/mnt/data4t/hyw/20250530/BBOX_VIS-0528-SIBI/output_selected_IDs/C000023_Dry_Cows_Video_2-10.mp4.csv,/mnt/data4t/hyw/20250530/Interaction_Annotator_70/output/annotations/3_Displacement/C000023.csv,/mnt/data4t/hyw/20250530/Interaction_Annotator_70/output/videos/3_Displacement/C000023_Dry_Cows_Video_2-10.mp4,/mnt/data4t/hyw/20250530/VSIBI_S1/V_45,/mnt/data4t/hyw/20250530/VSIBI_S1/V_45/manifest.json,/mnt/data4t/hyw/20250530/VSIBI_S1/V_45/tracking_boxes.csv,/mnt/data4t/hyw/20250530/VSIBI_S1/V_45/keypoints.csv,/mnt/data4t/hyw/20250530/VSIBI_S1/V_45/Dry_Cows_Video_2-10.mp4,0,495,0,495,0,0,1626.226,335.179,1368.954,999.992,/mnt/data4t/hyw/20250530/BBOX_VIS-0528-SIBI/output/visualization_index.csv
old_20250530_sibi|GOOD|C000038_Dry_Cows_Video_6-3.mp4,2,old_20250530_sibi,train,trn,GOOD_default_train,unfriendly,unfriendly,GOOD,,C000038,C000038_E0001,C000038_Dry_Cows_Video_6-3.mp4,SV_DRY_COWS_VIDEO_6-3_0f73b604b825,Dry_Cows_Video_6-3.mp4,/mnt/data4t/hyw/20250530/BBOX_VIS-0528-SIBI/output/GOOD/C000038_Dry_Cows_Video_6-3.mp4,/mnt/data4t/hyw/20250530/BBOX_VIS-0528-SIBI/output_selected_IDs/C000038_Dry_Cows_Video_6-3.mp4.csv,/mnt/data4t/hyw/20250530/Interaction_Annotator_70/output/annotations/3_Displacement/C000038.csv,/mnt/data4t/hyw/20250530/Interaction_Annotator_70/output/videos/3_Displacement/C000038_Dry_Cows_Video_6-3.mp4,/mnt/data4t/hyw/20250530/VSIBI_S1/V_57,/mnt/data4t/hyw/20250530/VSIBI_S1/V_57/manifest.json,/mnt/data4t/hyw/20250530/VSIBI_S1/V_57/tracking_boxes.csv,/mnt/data4t/hyw/20250530/VSIBI_S1/V_57/keypoints.csv,/mnt/data4t/hyw/20250530/VSIBI_S1/V_57/Dry_Cows_Video_6-3.mp4,0,1681,0,1681,0,0,1284.849,100.698,1479.298,1362.057,/mnt/data4t/hyw/20250530/BBOX_VIS-0528-SIBI/output/visualization_index.csv
old_20250530_sibi|GOOD|C000040_Dry_Cows_Video_8-1.mp4,2,old_20250530_sibi,train,trn,GOOD_default_train,unfriendly,unfriendly,GOOD,,C000040,C000040_E0001,C000040_Dry_Cows_Video_8-1.mp4,SV_DRY_COWS_VIDEO_8-1_965e2c63084c,Dry_Cows_Video_8-1.mp4,/mnt/data4t/hyw/20250530/BBOX_VIS-0528-SIBI/output/GOOD/C000040_Dry_Cows_Video_8-1.mp4,/mnt/data4t/hyw/20250530/BBOX_VIS-0528-SIBI/output_selected_IDs/C000040_Dry_Cows_Video_8-1.mp4.csv,/mnt/data4t/hyw/20250530/Interaction_Annotator_70/output/annotations/2_Headbutting/C000040.csv,/mnt/data4t/hyw/20250530/Interaction_Annotator_70/output/videos/2_Headbutting/C000040_Dry_Cows_Video_8-1.mp4,/mnt/data4t/hyw/20250530/VSIBI_S1/V_26,/mnt/data4t/hyw/20250530/VSIBI_S1/V_26/manifest.json,/mnt/data4t/hyw/20250530/VSIBI_S1/V_26/tracking_boxes.csv,/mnt/data4t/hyw/20250530/VSIBI_S1/V_26/keypoints.csv,/mnt/data4t/hyw/20250530/VSIBI_S1/V_26/Dry_Cows_Video_8-1.mp4,0,409,0,409,0,0,2081.394,459.316,1475.85,844.82,/mnt/data4t/hyw/20250530/BBOX_VIS-0528-SIBI/output/visualization_index.csv
old_20250530_sibi|GOOD|C000041_Dry_Cows_Video_8-2.mp4,2,old_20250530_sibi,train,trn,GOOD_default_train,unfriendly,unfriendly,GOOD,,C000041,C000041_E0001,C000041_Dry_Cows_Video_8-2.mp4,SV_DRY_COWS_VIDEO_8-2_7c278f10fb91,Dry_Cows_Video_8-2.mp4,/mnt/data4t/hyw/20250530/BBOX_VIS-0528-SIBI/output/GOOD/C000041_Dry_Cows_Video_8-2.mp4,/mnt/data4t/hyw/20250530/BBOX_VIS-0528-SIBI/output_selected_IDs/C000041_Dry_Cows_Video_8-2.mp4.csv,/mnt/data4t/hyw/20250530/Interaction_Annotator_70/output/annotations/3_Displacement/C000041.csv,/mnt/data4t/hyw/20250530/Interaction_Annotator_70/output/videos/3_Displacement/C000041_Dry_Cows_Video_8-2.mp4,/mnt/data4t/hyw/20250530/VSIBI_S1/V_58,/mnt/data4t/hyw/20250530/VSIBI_S1/V_58/manifest.json,/mnt/data4t/hyw/20250530/VSIBI_S1/V_58/tracking_boxes.csv,/mnt/data4t/hyw/20250530/VSIBI_S1/V_58/keypoints.csv,/mnt/data4t/hyw/20250530/VSIBI_S1/V_58/Dry_Cows_Video_8-2.mp4,0,2489,0,2489,0,0,719.337,1597.237,720.684,562.763,/mnt/data4t/hyw/20250530/BBOX_VIS-0528-SIBI/output/visualization_index.csv
old_20250530_sibi|GOOD|C000054_Dry_Cows_Video_10-2.mp4,2,old_20250530_sibi,train,trn,GOOD_default_train,unfriendly,unfriendly,GOOD,,C000054,C000054_E0001,C000054_Dry_Cows_Video_10-2.mp4,SV_DRY_COWS_VIDEO_10-2_dccbe0798025,Dry_Cows_Video_10-2.mp4,/mnt/data4t/hyw/20250530/BBOX_VIS-0528-SIBI/output/GOOD/C000054_Dry_Cows_Video_10-2.mp4,/mnt/data4t/hyw/20250530/BBOX_VIS-0528-SIBI/output_selected_IDs/C000054_Dry_Cows_Video_10-2.mp4.csv,/mnt/data4t/hyw/20250530/Interaction_Annotator_70/output/annotations/2_Headbutting/C000054.csv,/mnt/data4t/hyw/20250530/Interaction_Annotator_70/output/videos/2_Headbutting/C000054_Dry_Cows_Video_10-2.mp4,/mnt/data4t/hyw/20250530/VSIBI_S1/V_21,/mnt/data4t/hyw/20250530/VSIBI_S1/V_21/manifest.json,/mnt/data4t/hyw/20250530/VSIBI_S1/V_21/tracking_boxes.csv,/mnt/data4t/hyw/20250530/VSIBI_S1/V_21/keypoints.csv,/mnt/data4t/hyw/20250530/VSIBI_S1/V_21/Dry_Cows_Video_10-2.mp4,0,1658,0,1658,0,0,1833.12,0.0,1444.815,1117.931,/mnt/data4t/hyw/20250530/BBOX_VIS-0528-SIBI/output/visualization_index.csv
old_20250530_sibi|GOOD|C000062_Dry_Cows_Video_13-4.mp4,2,old_20250530_sibi,train,trn,GOOD_default_train,unfriendly,unfriendly,GOOD,,C000062,C000062_E0001,C000062_Dry_Cows_Video_13-4.mp4,SV_DRY_COWS_VIDEO_13-4_e12d8459f57e,Dry_Cows_Video_13-4.mp4,/mnt/data4t/hyw/20250530/BBOX_VIS-0528-SIBI/output/GOOD/C000062_Dry_Cows_Video_13-4.mp4,/mnt/data4t/hyw/20250530/BBOX_VIS-0528-SIBI/output_selected_IDs/C000062_Dry_Cows_Video_13-4.mp4.csv,/mnt/data4t/hyw/20250530/Interaction_Annotator_70/output/annotations/3_Displacement/C000062.csv,/mnt/data4t/hyw/20250530/Interaction_Annotator_70/output/videos/3_Displacement/C000062_Dry_Cows_Video_13-4.mp4,/mnt/data4t/hyw/20250530/VSIBI_S1/V_38,/mnt/data4t/hyw/20250530/VSIBI_S1/V_38/manifest.json,/mnt/data4t/hyw/20250530/VSIBI_S1/V_38/tracking_boxes.csv,/mnt/data4t/hyw/20250530/VSIBI_S1/V_38/keypoints.csv,/mnt/data4t/hyw/20250530/VSIBI_S1/V_38/Dry_Cows_Video_13-4.mp4,0,427,0,427,0,0,2743.458,955.863,675.856,1024.129,/mnt/data4t/hyw/20250530/BBOX_VIS-0528-SIBI/output/visualization_index.csv
old_20250530_sibi|GOOD|C000044_Dry_Cows_Video_8-5.mp4,2,old_20250530_sibi,val,val,GOOD_random_to_val_friendly_2,friendly,friendly,GOOD,,C000044,C000044_E0001,C000044_Dry_Cows_Video_8-5.mp4,SV_DRY_COWS_VIDEO_8-5_3f01bd22ef95,Dry_Cows_Video_8-5.mp4,/mnt/data4t/hyw/20250530/BBOX_VIS-0528-SIBI/output/GOOD/C000044_Dry_Cows_Video_8-5.mp4,/mnt/data4t/hyw/20250530/BBOX_VIS-0528-SIBI/output_selected_IDs/C000044_Dry_Cows_Video_8-5.mp4.csv,/mnt/data4t/hyw/20250530/Interaction_Annotator_70/output/annotations/0_Licking/C000044.csv,/mnt/data4t/hyw/20250530/Interaction_Annotator_70/output/videos/0_Licking/C000044_Dry_Cows_Video_8-5.mp4,/mnt/data4t/hyw/20250530/VSIBI_S1/V_9,/mnt/data4t/hyw/20250530/VSIBI_S1/V_9/manifest.json,/mnt/data4t/hyw/20250530/VSIBI_S1/V_9/tracking_boxes.csv,/mnt/data4t/hyw/20250530/VSIBI_S1/V_9/keypoints.csv,/mnt/data4t/hyw/20250530/VSIBI_S1/V_9/Dry_Cows_Video_8-5.mp4,0,322,0,322,0,0,1212.436,935.174,1344.816,1006.888,/mnt/data4t/hyw/20250530/BBOX_VIS-0528-SIBI/output/visualization_index.csv
old_20250530_sibi|GOOD|C000053_Dry_Cows_Video_10-1.mp4,2,old_20250530_sibi,val,val,GOOD_random_to_val_friendly_2,friendly,friendly,GOOD,,C000053,C000053_E0001,C000053_Dry_Cows_Video_10-1.mp4,SV_DRY_COWS_VIDEO_10-1_b4b4083cc431,Dry_Cows_Video_10-1.mp4,/mnt/data4t/hyw/20250530/BBOX_VIS-0528-SIBI/output/GOOD/C000053_Dry_Cows_Video_10-1.mp4,/mnt/data4t/hyw/20250530/BBOX_VIS-0528-SIBI/output_selected_IDs/C000053_Dry_Cows_Video_10-1.mp4.csv,/mnt/data4t/hyw/20250530/Interaction_Annotator_70/output/annotations/0_Licking/C000053.csv,/mnt/data4t/hyw/20250530/Interaction_Annotator_70/output/videos/0_Licking/C000053_Dry_Cows_Video_10-1.mp4,/mnt/data4t/hyw/20250530/VSIBI_S1/V_2,/mnt/data4t/hyw/20250530/VSIBI_S1/V_2/manifest.json,/mnt/data4t/hyw/20250530/VSIBI_S1/V_2/tracking_boxes.csv,/mnt/data4t/hyw/20250530/VSIBI_S1/V_2/keypoints.csv,/mnt/data4t/hyw/20250530/VSIBI_S1/V_2/Dry_Cows_Video_10-1.mp4,0,573,0,573,0,0,108.997,1073.104,982.75,817.234,/mnt/data4t/hyw/20250530/BBOX_VIS-0528-SIBI/output/visualization_index.csv
old_20250530_sibi|GOOD|C000005_Dry_Cows_Video_1-5.mp4,2,old_20250530_sibi,val,val,GOOD_random_to_val_unfriendly_5,unfriendly,unfriendly,GOOD,,C000005,C000005_E0001,C000005_Dry_Cows_Video_1-5.mp4,SV_DRY_COWS_VIDEO_1-5_a3d54a329860,Dry_Cows_Video_1-5.mp4,/mnt/data4t/hyw/20250530/BBOX_VIS-0528-SIBI/output/GOOD/C000005_Dry_Cows_Video_1-5.mp4,/mnt/data4t/hyw/20250530/BBOX_VIS-0528-SIBI/output_selected_IDs/C000005_Dry_Cows_Video_1-5.mp4.csv,/mnt/data4t/hyw/20250530/Interaction_Annotator_70/output/annotations/2_Headbutting/C000005.csv,/mnt/data4t/hyw/20250530/Interaction_Annotator_70/output/videos/2_Headbutting/C000005_Dry_Cows_Video_1-5.mp4,/mnt/data4t/hyw/20250530/VSIBI_S1/V_20,/mnt/data4t/hyw/20250530/VSIBI_S1/V_20/manifest.json,/mnt/data4t/hyw/20250530/VSIBI_S1/V_20/tracking_boxes.csv,/mnt/data4t/hyw/20250530/VSIBI_S1/V_20/keypoints.csv,/mnt/data4t/hyw/20250530/VSIBI_S1/V_20/Dry_Cows_Video_1-5.mp4,0,287,0,287,0,0,922.783,231.731,844.82,1113.784,/mnt/data4t/hyw/20250530/BBOX_VIS-0528-SIBI/output/visualization_index.csv
old_20250530_sibi|GOOD|C000022_Dry_Cows_Video_2-9.mp4,2,old_20250530_sibi,val,val,GOOD_random_to_val_unfriendly_5,unfriendly,unfriendly,GOOD,,C000022,C000022_E0001,C000022_Dry_Cows_Video_2-9.mp4,SV_DRY_COWS_VIDEO_2-9_36fda98b2308,Dry_Cows_Video_2-9.mp4,/mnt/data4t/hyw/20250530/BBOX_VIS-0528-SIBI/output/GOOD/C000022_Dry_Cows_Video_2-9.mp4,/mnt/data4t/hyw/20250530/BBOX_VIS-0528-SIBI/output_selected_IDs/C000022_Dry_Cows_Video_2-9.mp4.csv,/mnt/data4t/hyw/20250530/Interaction_Annotator_70/output/annotations/2_Headbutting/C000022.csv,/mnt/data4t/hyw/20250530/Interaction_Annotator_70/output/videos/2_Headbutting/C000022_Dry_Cows_Video_2-9.mp4,/mnt/data4t/hyw/20250530/VSIBI_S1/V_25,/mnt/data4t/hyw/20250530/VSIBI_S1/V_25/manifest.json,/mnt/data4t/hyw/20250530/VSIBI_S1/V_25/tracking_boxes.csv,/mnt/data4t/hyw/20250530/VSIBI_S1/V_25/keypoints.csv,/mnt/data4t/hyw/20250530/VSIBI_S1/V_25/Dry_Cows_Video_2-9.mp4,0,2261,0,2261,0,0,1715.88,0.0,1293.093,1069.655,/mnt/data4t/hyw/20250530/BBOX_VIS-0528-SIBI/output/visualization_index.csv
old_20250530_sibi|GOOD|C000030_Dry_Cows_Video_3-5.mp4,2,old_20250530_sibi,val,val,GOOD_random_to_val_unfriendly_5,unfriendly,unfriendly,GOOD,,C000030,C000030_E0001,C000030_Dry_Cows_Video_3-5.mp4,SV_DRY_COWS_VIDEO_3-5_832a52ee03ba,Dry_Cows_Video_3-5.mp4,/mnt/data4t/hyw/20250530/BBOX_VIS-0528-SIBI/output/GOOD/C000030_Dry_Cows_Video_3-5.mp4,/mnt/data4t/hyw/20250530/BBOX_VIS-0528-SIBI/output_selected_IDs/C000030_Dry_Cows_Video_3-5.mp4.csv,/mnt/data4t/hyw/20250530/Interaction_Annotator_70/output/annotations/Ambiguous_2_3_Headbutting_or_Displacement/C000030.csv,/mnt/data4t/hyw/20250530/Interaction_Annotator_70/output/videos/Ambiguous_2_3_Headbutting_or_Displacement/C000030_Dry_Cows_Video_3-5.mp4,/mnt/data4t/hyw/20250530/VSIBI_S1/V_67,/mnt/data4t/hyw/20250530/VSIBI_S1/V_67/manifest.json,/mnt/data4t/hyw/20250530/VSIBI_S1/V_67/tracking_boxes.csv,/mnt/data4t/hyw/20250530/VSIBI_S1/V_67/keypoints.csv,/mnt/data4t/hyw/20250530/VSIBI_S1/V_67/Dry_Cows_Video_3-5.mp4,0,563,0,563,0,0,398.65,731.727,2082.741,582.754,/mnt/data4t/hyw/20250530/BBOX_VIS-0528-SIBI/output/visualization_index.csv
old_20250530_sibi|GOOD|C000035_Dry_Cows_Video_5-2.mp4,2,old_20250530_sibi,val,val,GOOD_random_to_val_unfriendly_5,unfriendly,unfriendly,GOOD,,C000035,C000035_E0001,C000035_Dry_Cows_Video_5-2.mp4,SV_DRY_COWS_VIDEO_5-2_9c0b74eeed68,Dry_Cows_Video_5-2.mp4,/mnt/data4t/hyw/20250530/BBOX_VIS-0528-SIBI/output/GOOD/C000035_Dry_Cows_Video_5-2.mp4,/mnt/data4t/hyw/20250530/BBOX_VIS-0528-SIBI/output_selected_IDs/C000035_Dry_Cows_Video_5-2.mp4.csv,/mnt/data4t/hyw/20250530/Interaction_Annotator_70/output/annotations/3_Displacement/C000035.csv,/mnt/data4t/hyw/20250530/Interaction_Annotator_70/output/videos/3_Displacement/C000035_Dry_Cows_Video_5-2.mp4,/mnt/data4t/hyw/20250530/VSIBI_S1/V_55,/mnt/data4t/hyw/20250530/VSIBI_S1/V_55/manifest.json,/mnt/data4t/hyw/20250530/VSIBI_S1/V_55/tracking_boxes.csv,/mnt/data4t/hyw/20250530/VSIBI_S1/V_55/keypoints.csv,/mnt/data4t/hyw/20250530/VSIBI_S1/V_55/Dry_Cows_Video_5-2.mp4,0,1793,0,1793,0,0,843.474,1721.374,1748.261,438.626,/mnt/data4t/hyw/20250530/BBOX_VIS-0528-SIBI/output/visualization_index.csv
old_20250530_sibi|GOOD|C000046_Dry_Cows_Video_9-1.mp4,2,old_20250530_sibi,val,val,GOOD_random_to_val_unfriendly_5,unfriendly,unfriendly,GOOD,,C000046,C000046_E0001,C000046_Dry_Cows_Video_9-1.mp4,SV_DRY_COWS_VIDEO_9-1_9eaee43d34eb,Dry_Cows_Video_9-1.mp4,/mnt/data4t/hyw/20250530/BBOX_VIS-0528-SIBI/output/GOOD/C000046_Dry_Cows_Video_9-1.mp4,/mnt/data4t/hyw/20250530/BBOX_VIS-0528-SIBI/output_selected_IDs/C000046_Dry_Cows_Video_9-1.mp4.csv,/mnt/data4t/hyw/20250530/Interaction_Annotator_70/output/annotations/3_Displacement/C000046.csv,/mnt/data4t/hyw/20250530/Interaction_Annotator_70/output/videos/3_Displacement/C000046_Dry_Cows_Video_9-1.mp4,/mnt/data4t/hyw/20250530/VSIBI_S1/V_60,/mnt/data4t/hyw/20250530/VSIBI_S1/V_60/manifest.json,/mnt/data4t/hyw/20250530/VSIBI_S1/V_60/tracking_boxes.csv,/mnt/data4t/hyw/20250530/VSIBI_S1/V_60/keypoints.csv,/mnt/data4t/hyw/20250530/VSIBI_S1/V_60/Dry_Cows_Video_9-1.mp4,0,883,0,883,0,0,1036.575,1524.824,1317.23,327.583,/mnt/data4t/hyw/20250530/BBOX_VIS-0528-SIBI/output/visualization_index.csv
old_20250530_0521|GOOD|C000061_GX050003_11056_11887.mp4,3,old_20250530_0521,train,trn,GOOD_default_train,friendly,friendly,GOOD,,C000061,C000061_E0001,C000061_GX050003_11056_11887.mp4,,,/mnt/data4t/hyw/20250530/BBOX_VIS-0521/GOOD/C000061_GX050003_11056_11887.mp4,/mnt/data4t/hyw/20250530/BBOX_VIS-0521/output_selected_IDs/C000061_GX050003_11056_11887.mp4.csv,/mnt/data4t/hyw/20250530/Interaction_Annotator-0521/output/annotations/SV_GX050003_6662db3fcc99/C000061.csv,/mnt/data4t/hyw/20250530/Interaction_Annotator-0521/output/videos/SV_GX050003_6662db3fcc99/C000061_GX050003_11056_11887.mp4,/mnt/data4t/hyw/20250530/S1_V0520/output_shards/v0520_4/shard_02/V_25,/mnt/data4t/hyw/20250530/S1_V0520/output_shards/v0520_4/shard_02/V_25/manifest.json,/mnt/data4t/hyw/20250530/S1_V0520/output_shards/v0520_4/shard_02/V_25/tracking_boxes.csv,/mnt/data4t/hyw/20250530/S1_V0520/output_shards/v0520_4/shard_02/V_25/keypoints.csv,F:\S1_V0520\output_shards\v0520_4\shard_02\V_25\C000061_GX050003_11056_11887.mp4,0,831,,,,,136.583,0.699,872.406,1106.887,/mnt/data4t/hyw/20250530/BBOX_VIS-0521/output/visualization_index.csv
old_20250530_0521|GOOD|C000067_GX080005_7041_7490.mp4,3,old_20250530_0521,train,trn,GOOD_default_train,friendly,friendly,GOOD,,C000067,C000067_E0001,C000067_GX080005_7041_7490.mp4,,,/mnt/data4t/hyw/20250530/BBOX_VIS-0521/GOOD/C000067_GX080005_7041_7490.mp4,/mnt/data4t/hyw/20250530/BBOX_VIS-0521/output_selected_IDs/C000067_GX080005_7041_7490.mp4.csv,/mnt/data4t/hyw/20250530/Interaction_Annotator-0521/output/annotations/SV_GX080005_1afd2f943db8/C000067.csv,/mnt/data4t/hyw/20250530/Interaction_Annotator-0521/output/videos/SV_GX080005_1afd2f943db8/C000067_GX080005_7041_7490.mp4,/mnt/data4t/hyw/20250530/S1_V0520/output_shards/v0520_4/shard_01/V_26,/mnt/data4t/hyw/20250530/S1_V0520/output_shards/v0520_4/shard_01/V_26/manifest.json,/mnt/data4t/hyw/20250530/S1_V0520/output_shards/v0520_4/shard_01/V_26/tracking_boxes.csv,/mnt/data4t/hyw/20250530/S1_V0520/output_shards/v0520_4/shard_01/V_26/keypoints.csv,F:\S1_V0520\output_shards\v0520_4\shard_01\V_26\C000067_GX080005_7041_7490.mp4,0,258,,,,,71.762,466.885,739.672,660.984,/mnt/data4t/hyw/20250530/BBOX_VIS-0521/output/visualization_index.csv
old_20250530_0521|GOOD|C000147_GX040005_8331_8780.mp4,3,old_20250530_0521,train,trn,GOOD_default_train,friendly,friendly,GOOD,,C000147,C000147_E0001,C000147_GX040005_8331_8780.mp4,,,/mnt/data4t/hyw/20250530/BBOX_VIS-0521/GOOD/C000147_GX040005_8331_8780.mp4,/mnt/data4t/hyw/20250530/BBOX_VIS-0521/output_selected_IDs/C000147_GX040005_8331_8780.mp4.csv,/mnt/data4t/hyw/20250530/Interaction_Annotator-0521/output/annotations/SV_GX040005_58ebbac01a13/C000147.csv,/mnt/data4t/hyw/20250530/Interaction_Annotator-0521/output/videos/SV_GX040005_58ebbac01a13/C000147_GX040005_8331_8780.mp4,/mnt/data4t/hyw/20250530/S1_V0520/output_shards/v0520_4/shard_01/V_22,/mnt/data4t/hyw/20250530/S1_V0520/output_shards/v0520_4/shard_01/V_22/manifest.json,/mnt/data4t/hyw/20250530/S1_V0520/output_shards/v0520_4/shard_01/V_22/tracking_boxes.csv,/mnt/data4t/hyw/20250530/S1_V0520/output_shards/v0520_4/shard_01/V_22/keypoints.csv,F:\S1_V0520\output_shards\v0520_4\shard_01\V_22\C000147_GX040005_8331_8780.mp4,0,175,,,,,297.336,2570.492,897.049,1154.098,/mnt/data4t/hyw/20250530/BBOX_VIS-0521/output/visualization_index.csv
old_20250530_0521|GOOD|C000151_GX040005_13441_13890.mp4,3,old_20250530_0521,train,trn,GOOD_default_train,friendly,friendly,GOOD,,C000151,C000151_E0001,C000151_GX040005_13441_13890.mp4,,,/mnt/data4t/hyw/20250530/BBOX_VIS-0521/GOOD/C000151_GX040005_13441_13890.mp4,/mnt/data4t/hyw/20250530/BBOX_VIS-0521/output_selected_IDs/C000151_GX040005_13441_13890.mp4.csv,/mnt/data4t/hyw/20250530/Interaction_Annotator-0521/output/annotations/SV_GX040005_58ebbac01a13/C000151.csv,/mnt/data4t/hyw/20250530/Interaction_Annotator-0521/output/videos/SV_GX040005_58ebbac01a13/C000151_GX040005_13441_13890.mp4,/mnt/data4t/hyw/20250530/S1_V0520/output_shards/v0520_4/shard_00/V_18,/mnt/data4t/hyw/20250530/S1_V0520/output_shards/v0520_4/shard_00/V_18/manifest.json,/mnt/data4t/hyw/20250530/S1_V0520/output_shards/v0520_4/shard_00/V_18/tracking_boxes.csv,/mnt/data4t/hyw/20250530/S1_V0520/output_shards/v0520_4/shard_00/V_18/keypoints.csv,F:\S1_V0520\output_shards\v0520_4\shard_00\V_18\C000151_GX040005_13441_13890.mp4,0,449,,,,,491.434,1836.066,1668.566,1180.328,/mnt/data4t/hyw/20250530/BBOX_VIS-0521/output/visualization_index.csv
old_20250530_0521|GOOD|C000173_GX140004_17153_17602.mp4,3,old_20250530_0521,train,trn,GOOD_default_train,friendly,friendly,GOOD,,C000173,C000173_E0001,C000173_GX140004_17153_17602.mp4,,,/mnt/data4t/hyw/20250530/BBOX_VIS-0521/GOOD/C000173_GX140004_17153_17602.mp4,/mnt/data4t/hyw/20250530/BBOX_VIS-0521/output_selected_IDs/C000173_GX140004_17153_17602.mp4.csv,/mnt/data4t/hyw/20250530/Interaction_Annotator-0521/output/annotations/SV_GX140004_088145ad5905/C000173.csv,/mnt/data4t/hyw/20250530/Interaction_Annotator-0521/output/videos/SV_GX140004_088145ad5905/C000173_GX140004_17153_17602.mp4,/mnt/data4t/hyw/20250530/S1_V0520/output_shards/v0520_4/shard_00/V_30,/mnt/data4t/hyw/20250530/S1_V0520/output_shards/v0520_4/shard_00/V_30/manifest.json,/mnt/data4t/hyw/20250530/S1_V0520/output_shards/v0520_4/shard_00/V_30/tracking_boxes.csv,/mnt/data4t/hyw/20250530/S1_V0520/output_shards/v0520_4/shard_00/V_30/keypoints.csv,F:\S1_V0520\output_shards\v0520_4\shard_00\V_30\C000173_GX140004_17153_17602.mp4,0,209,,,,,1029.679,748.968,1213.783,1411.032,/mnt/data4t/hyw/20250530/BBOX_VIS-0521/output/visualization_index.csv
old_20250530_0521|GOOD|C000184_GX090005_38200_38965.mp4,3,old_20250530_0521,train,trn,GOOD_default_train,friendly,friendly,GOOD,,C000184,C000184_E0001,C000184_GX090005_38200_38965.mp4,,,/mnt/data4t/hyw/20250530/BBOX_VIS-0521/GOOD/C000184_GX090005_38200_38965.mp4,/mnt/data4t/hyw/20250530/BBOX_VIS-0521/output_selected_IDs/C000184_GX090005_38200_38965.mp4.csv,/mnt/data4t/hyw/20250530/Interaction_Annotator-0521/output/annotations/SV_GX090005_cabbced54bf6/C000184.csv,/mnt/data4t/hyw/20250530/Interaction_Annotator-0521/output/videos/SV_GX090005_cabbced54bf6/C000184_GX090005_38200_38965.mp4,/mnt/data4t/hyw/20250530/S1_V0520/output_shards/v0520_4/shard_00/V_24,/mnt/data4t/hyw/20250530/S1_V0520/output_shards/v0520_4/shard_00/V_24/manifest.json,/mnt/data4t/hyw/20250530/S1_V0520/output_shards/v0520_4/shard_00/V_24/tracking_boxes.csv,/mnt/data4t/hyw/20250530/S1_V0520/output_shards/v0520_4/shard_00/V_24/keypoints.csv,F:\S1_V0520\output_shards\v0520_4\shard_00\V_24\C000184_GX090005_38200_38965.mp4,0,424,,,,,1222.781,338.627,1693.089,1372.402,/mnt/data4t/hyw/20250530/BBOX_VIS-0521/output/visualization_index.csv
old_20250530_0521|GOOD|C000186_GX090011_0_449.mp4,3,old_20250530_0521,train,trn,GOOD_default_train,friendly,friendly,GOOD,,C000186,C000186_E0001,C000186_GX090011_0_449.mp4,,,/mnt/data4t/hyw/20250530/BBOX_VIS-0521/GOOD/C000186_GX090011_0_449.mp4,/mnt/data4t/hyw/20250530/BBOX_VIS-0521/output_selected_IDs/C000186_GX090011_0_449.mp4.csv,/mnt/data4t/hyw/20250530/Interaction_Annotator-0521/output/annotations/SV_GX090011_743d4c29a402/C000186.csv,/mnt/data4t/hyw/20250530/Interaction_Annotator-0521/output/videos/SV_GX090011_743d4c29a402/C000186_GX090011_0_449.mp4,/mnt/data4t/hyw/20250530/S1_V0520/output_shards/v0520_4/shard_03/V_22,/mnt/data4t/hyw/20250530/S1_V0520/output_shards/v0520_4/shard_03/V_22/manifest.json,/mnt/data4t/hyw/20250530/S1_V0520/output_shards/v0520_4/shard_03/V_22/tracking_boxes.csv,/mnt/data4t/hyw/20250530/S1_V0520/output_shards/v0520_4/shard_03/V_22/keypoints.csv,F:\S1_V0520\output_shards\v0520_4\shard_03\V_22\C000186_GX090011_0_449.mp4,0,449,,,,,2050.36,907.588,1165.507,924.13,/mnt/data4t/hyw/20250530/BBOX_VIS-0521/output/visualization_index.csv
old_20250530_0521|GOOD|C000188_GX090011_2203_2652.mp4,3,old_20250530_0521,train,trn,GOOD_default_train,friendly,friendly,GOOD,,C000188,C000188_E0001,C000188_GX090011_2203_2652.mp4,,,/mnt/data4t/hyw/20250530/BBOX_VIS-0521/GOOD/C000188_GX090011_2203_2652.mp4,/mnt/data4t/hyw/20250530/BBOX_VIS-0521/output_selected_IDs/C000188_GX090011_2203_2652.mp4.csv,/mnt/data4t/hyw/20250530/Interaction_Annotator-0521/output/annotations/SV_GX090011_743d4c29a402/C000188.csv,/mnt/data4t/hyw/20250530/Interaction_Annotator-0521/output/videos/SV_GX090011_743d4c29a402/C000188_GX090011_2203_2652.mp4,/mnt/data4t/hyw/20250530/S1_V0520/output_shards/v0520_4/shard_00/V_26,/mnt/data4t/hyw/20250530/S1_V0520/output_shards/v0520_4/shard_00/V_26/manifest.json,/mnt/data4t/hyw/20250530/S1_V0520/output_shards/v0520_4/shard_00/V_26/tracking_boxes.csv,/mnt/data4t/hyw/20250530/S1_V0520/output_shards/v0520_4/shard_00/V_26/keypoints.csv,F:\S1_V0520\output_shards\v0520_4\shard_00\V_26\C000188_GX090011_2203_2652.mp4,0,449,,,,,2060.705,890.346,1137.921,962.061,/mnt/data4t/hyw/20250530/BBOX_VIS-0521/output/visualization_index.csv
old_20250530_0521|GOOD|C000214_GX090002_72336_72785.mp4,3,old_20250530_0521,train,trn,GOOD_default_train,friendly,friendly,GOOD,,C000214,C000214_E0001,C000214_GX090002_72336_72785.mp4,,,/mnt/data4t/hyw/20250530/BBOX_VIS-0521/GOOD/C000214_GX090002_72336_72785.mp4,/mnt/data4t/hyw/20250530/BBOX_VIS-0521/output_selected_IDs/C000214_GX090002_72336_72785.mp4.csv,/mnt/data4t/hyw/20250530/Interaction_Annotator-0521/output/annotations/SV_GX090002_ba93005dceac/C000214.csv,/mnt/data4t/hyw/20250530/Interaction_Annotator-0521/output/videos/SV_GX090002_ba93005dceac/C000214_GX090002_72336_72785.mp4,/mnt/data4t/hyw/20250530/S1_V0520/output_shards/v0520_4/shard_02/V_27,/mnt/data4t/hyw/20250530/S1_V0520/output_shards/v0520_4/shard_02/V_27/manifest.json,/mnt/data4t/hyw/20250530/S1_V0520/output_shards/v0520_4/shard_02/V_27/tracking_boxes.csv,/mnt/data4t/hyw/20250530/S1_V0520/output_shards/v0520_4/shard_02/V_27/keypoints.csv,F:\S1_V0520\output_shards\v0520_4\shard_02\V_27\C000214_GX090002_72336_72785.mp4,0,99,,,,,1398.641,145.525,1655.158,796.545,/mnt/data4t/hyw/20250530/BBOX_VIS-0521/output/visualization_index.csv
old_20250530_0521|GOOD|C000287_GX110002_2781_3230.mp4,3,old_20250530_0521,train,trn,GOOD_default_train,friendly,friendly,GOOD,,C000287,C000287_E0001,C000287_GX110002_2781_3230.mp4,,,/mnt/data4t/hyw/20250530/BBOX_VIS-0521/GOOD/C000287_GX110002_2781_3230.mp4,/mnt/data4t/hyw/20250530/BBOX_VIS-0521/output_selected_IDs/C000287_GX110002_2781_3230.mp4.csv,/mnt/data4t/hyw/20250530/Interaction_Annotator-0521/output/annotations/SV_GX110002_411ac3850013/C000287.csv,/mnt/data4t/hyw/20250530/Interaction_Annotator-0521/output/videos/SV_GX110002_411ac3850013/C000287_GX110002_2781_3230.mp4,/mnt/data4t/hyw/20250530/S1_V0520/output_shards/v0520_4/shard_00/V_27,/mnt/data4t/hyw/20250530/S1_V0520/output_shards/v0520_4/shard_00/V_27/manifest.json,/mnt/data4t/hyw/20250530/S1_V0520/output_shards/v0520_4/shard_00/V_27/tracking_boxes.csv,/mnt/data4t/hyw/20250530/S1_V0520/output_shards/v0520_4/shard_00/V_27/keypoints.csv,F:\S1_V0520\output_shards\v0520_4\shard_00\V_27\C000287_GX110002_2781_3230.mp4,0,449,,,,,636.579,1124.827,1751.709,1035.173,/mnt/data4t/hyw/20250530/BBOX_VIS-0521/output/visualization_index.csv
old_20250530_0521|GOOD1|C000008_GX040008_2581_3030.mp4,3,old_20250530_0521,train,trn,GOOD1_default_train,no_interaction,fake_interaction,GOOD1,GOOD1,C000008,C000008_E0001,C000008_GX040008_2581_3030.mp4,SV_GX040008_36a437f96b24,GX040008.MP4,/mnt/data4t/hyw/20250530/BBOX_FAKE/output/GOOD1/C000008_GX040008_2581_3030.mp4,,/mnt/data4t/hyw/20250530/Interaction_Annotator-0521/output/annotations/SV_GX040008_36a437f96b24/C000008.csv,/mnt/data4t/hyw/20250530/Interaction_Annotator-0521/output/fake_interaction/SV_GX040008_36a437f96b24/C000008_GX040008_2581_3030.mp4,/mnt/data4t/hyw/20250530/S1_V0520/output_shards/v0520_4/shard_02/V_6,/mnt/data4t/hyw/20250530/S1_V0520/output_shards/v0520_4/shard_02/V_6/manifest.json,/mnt/data4t/hyw/20250530/S1_V0520/output_shards/v0520_4/shard_02/V_6/tracking_boxes.csv,/mnt/data4t/hyw/20250530/S1_V0520/output_shards/v0520_4/shard_02/V_6/keypoints.csv,/mnt/data4t/hyw/20250530/S1_V0520/output_shards/v0520_4/shard_02/V_6/C000008_GX040008_2581_3030.mp4,0,449,2581,3030,2581,0,1591.743,180.008,1306.886,593.098,/mnt/data4t/hyw/20250530/BBOX_FAKE/output/visualization_index.csv
old_20250530_0521|GOOD1|C000010_GX050008_8980_10500.mp4,3,old_20250530_0521,train,trn,GOOD1_default_train,no_interaction,fake_interaction,GOOD1,GOOD1,C000010,C000010_E0001,C000010_GX050008_8980_10500.mp4,SV_GX050008_d41325cc93b6,GX050008.MP4,/mnt/data4t/hyw/20250530/BBOX_FAKE/output/GOOD1/C000010_GX050008_8980_10500.mp4,,/mnt/data4t/hyw/20250530/Interaction_Annotator-0521/output/annotations/SV_GX050008_d41325cc93b6/C000010.csv,/mnt/data4t/hyw/20250530/Interaction_Annotator-0521/output/fake_interaction/SV_GX050008_d41325cc93b6/C000010_GX050008_8980_10500.mp4,/mnt/data4t/hyw/20250530/S1_V0520/output_shards/v0520_4/shard_00/V_4,/mnt/data4t/hyw/20250530/S1_V0520/output_shards/v0520_4/shard_00/V_4/manifest.json,/mnt/data4t/hyw/20250530/S1_V0520/output_shards/v0520_4/shard_00/V_4/tracking_boxes.csv,/mnt/data4t/hyw/20250530/S1_V0520/output_shards/v0520_4/shard_00/V_4/keypoints.csv,/mnt/data4t/hyw/20250530/S1_V0520/output_shards/v0520_4/shard_00/V_4/C000010_GX050008_8980_10500.mp4,0,1520,8980,10500,8980,0,1702.087,211.042,903.441,520.685,/mnt/data4t/hyw/20250530/BBOX_FAKE/output/visualization_index.csv
old_20250530_0521|GOOD1|C000015_GX080003_3661_4110.mp4,3,old_20250530_0521,train,trn,GOOD1_default_train,no_interaction,fake_interaction,GOOD1,GOOD1,C000015,C000015_E0001,C000015_GX080003_3661_4110.mp4,SV_GX080003_3868d5d67c00,GX080003.MP4,/mnt/data4t/hyw/20250530/BBOX_FAKE/output/GOOD1/C000015_GX080003_3661_4110.mp4,,/mnt/data4t/hyw/20250530/Interaction_Annotator-0521/output/annotations/SV_GX080003_3868d5d67c00/C000015.csv,/mnt/data4t/hyw/20250530/Interaction_Annotator-0521/output/fake_interaction/SV_GX080003_3868d5d67c00/C000015_GX080003_3661_4110.mp4,/mnt/data4t/hyw/20250530/S1_V0520/output_shards/v0520_4/shard_02/V_8,/mnt/data4t/hyw/20250530/S1_V0520/output_shards/v0520_4/shard_02/V_8/manifest.json,/mnt/data4t/hyw/20250530/S1_V0520/output_shards/v0520_4/shard_02/V_8/tracking_boxes.csv,/mnt/data4t/hyw/20250530/S1_V0520/output_shards/v0520_4/shard_02/V_8/keypoints.csv,/mnt/data4t/hyw/20250530/S1_V0520/output_shards/v0520_4/shard_02/V_8/C000015_GX080003_3661_4110.mp4,0,449,3661,4110,3661,0,636.579,0.0,1617.228,1042.069,/mnt/data4t/hyw/20250530/BBOX_FAKE/output/visualization_index.csv
old_20250530_0521|GOOD1|C000020_GX140003_39681_40130.mp4,3,old_20250530_0521,train,trn,GOOD1_default_train,no_interaction,fake_interaction,GOOD1,GOOD1,C000020,C000020_E0001,C000020_GX140003_39681_40130.mp4,SV_GX140003_fd861976db00,GX140003.MP4,/mnt/data4t/hyw/20250530/BBOX_FAKE/output/GOOD1/C000020_GX140003_39681_40130.mp4,,/mnt/data4t/hyw/20250530/Interaction_Annotator-0521/output/annotations/SV_GX140003_fd861976db00/C000020.csv,/mnt/data4t/hyw/20250530/Interaction_Annotator-0521/output/fake_interaction/SV_GX140003_fd861976db00/C000020_GX140003_39681_40130.mp4,/mnt/data4t/hyw/20250530/S1_V0520/output_shards/v0520_4/shard_02/V_18,/mnt/data4t/hyw/20250530/S1_V0520/output_shards/v0520_4/shard_02/V_18/manifest.json,/mnt/data4t/hyw/20250530/S1_V0520/output_shards/v0520_4/shard_02/V_18/tracking_boxes.csv,/mnt/data4t/hyw/20250530/S1_V0520/output_shards/v0520_4/shard_02/V_18/keypoints.csv,/mnt/data4t/hyw/20250530/S1_V0520/output_shards/v0520_4/shard_02/V_18/C000020_GX140003_39681_40130.mp4,0,449,39681,40130,39681,0,2850.353,448.971,989.647,1265.507,/mnt/data4t/hyw/20250530/BBOX_FAKE/output/visualization_index.csv
old_20250530_0521|GOOD1|C000021_GX140003_40221_40670.mp4,3,old_20250530_0521,train,trn,GOOD1_default_train,no_interaction,fake_interaction,GOOD1,GOOD1,C000021,C000021_E0001,C000021_GX140003_40221_40670.mp4,SV_GX140003_fd861976db00,GX140003.MP4,/mnt/data4t/hyw/20250530/BBOX_FAKE/output/GOOD1/C000021_GX140003_40221_40670.mp4,,/mnt/data4t/hyw/20250530/Interaction_Annotator-0521/output/annotations/SV_GX140003_fd861976db00/C000021.csv,/mnt/data4t/hyw/20250530/Interaction_Annotator-0521/output/fake_interaction/SV_GX140003_fd861976db00/C000021_GX140003_40221_40670.mp4,/mnt/data4t/hyw/20250530/S1_V0520/output_shards/v0520_4/shard_02/V_19,/mnt/data4t/hyw/20250530/S1_V0520/output_shards/v0520_4/shard_02/V_19/manifest.json,/mnt/data4t/hyw/20250530/S1_V0520/output_shards/v0520_4/shard_02/V_19/tracking_boxes.csv,/mnt/data4t/hyw/20250530/S1_V0520/output_shards/v0520_4/shard_02/V_19/keypoints.csv,/mnt/data4t/hyw/20250530/S1_V0520/output_shards/v0520_4/shard_02/V_19/C000021_GX140003_40221_40670.mp4,0,449,40221,40670,40221,0,281.409,0.0,1613.78,962.76,/mnt/data4t/hyw/20250530/BBOX_FAKE/output/visualization_index.csv
old_20250530_0521|GOOD1|C000025_GX160005_3003_3452.mp4,3,old_20250530_0521,train,trn,GOOD1_default_train,no_interaction,fake_interaction,GOOD1,GOOD1,C000025,C000025_E0001,C000025_GX160005_3003_3452.mp4,SV_GX160005_94958f8f8b33,GX160005.MP4,/mnt/data4t/hyw/20250530/BBOX_FAKE/output/GOOD1/C000025_GX160005_3003_3452.mp4,,/mnt/data4t/hyw/20250530/Interaction_Annotator-0521/output/annotations/SV_GX160005_94958f8f8b33/C000025.csv,/mnt/data4t/hyw/20250530/Interaction_Annotator-0521/output/fake_interaction/SV_GX160005_94958f8f8b33/C000025_GX160005_3003_3452.mp4,/mnt/data4t/hyw/20250530/S1_V0520/output_shards/v0520_4/shard_01/V_18,/mnt/data4t/hyw/20250530/S1_V0520/output_shards/v0520_4/shard_01/V_18/manifest.json,/mnt/data4t/hyw/20250530/S1_V0520/output_shards/v0520_4/shard_01/V_18/tracking_boxes.csv,/mnt/data4t/hyw/20250530/S1_V0520/output_shards/v0520_4/shard_01/V_18/keypoints.csv,/mnt/data4t/hyw/20250530/S1_V0520/output_shards/v0520_4/shard_01/V_18/C000025_GX160005_3003_3452.mp4,0,449,3003,3452,3003,0,680.287,456.393,1479.713,1405.902,/mnt/data4t/hyw/20250530/BBOX_FAKE/output/visualization_index.csv
old_20250530_0521|GOOD1|C000030_GX060004_23608_24057.mp4,3,old_20250530_0521,train,trn,GOOD1_default_train,no_interaction,fake_interaction,GOOD1,GOOD1,C000030,C000030_E0001,C000030_GX060004_23608_24057.mp4,SV_GX060004_db5e3de6a4fa,GX060004.MP4,/mnt/data4t/hyw/20250530/BBOX_FAKE/output/GOOD1/C000030_GX060004_23608_24057.mp4,,/mnt/data4t/hyw/20250530/Interaction_Annotator-0521/output/annotations/SV_GX060004_db5e3de6a4fa/C000030.csv,/mnt/data4t/hyw/20250530/Interaction_Annotator-0521/output/fake_interaction/SV_GX060004_db5e3de6a4fa/C000030_GX060004_23608_24057.mp4,/mnt/data4t/hyw/20250530/S1_V0520/output_shards/v0520_4/shard_01/V_6,/mnt/data4t/hyw/20250530/S1_V0520/output_shards/v0520_4/shard_01/V_6/manifest.json,/mnt/data4t/hyw/20250530/S1_V0520/output_shards/v0520_4/shard_01/V_6/tracking_boxes.csv,/mnt/data4t/hyw/20250530/S1_V0520/output_shards/v0520_4/shard_01/V_6/keypoints.csv,/mnt/data4t/hyw/20250530/S1_V0520/output_shards/v0520_4/shard_01/V_6/C000030_GX060004_23608_24057.mp4,0,449,23608,24057,23608,0,2964.145,1321.377,593.098,838.623,/mnt/data4t/hyw/20250530/BBOX_FAKE/output/visualization_index.csv
old_20250530_0521|GOOD1|C000037_GX140005_473_922.mp4,3,old_20250530_0521,train,trn,GOOD1_default_train,no_interaction,fake_interaction,GOOD1,GOOD1,C000037,C000037_E0001,C000037_GX140005_473_922.mp4,SV_GX140005_f3d245c2cc63,GX140005.MP4,/mnt/data4t/hyw/20250530/BBOX_FAKE/output/GOOD1/C000037_GX140005_473_922.mp4,,/mnt/data4t/hyw/20250530/Interaction_Annotator-0521/output/annotations/SV_GX140005_f3d245c2cc63/C000037.csv,/mnt/data4t/hyw/20250530/Interaction_Annotator-0521/output/fake_interaction/SV_GX140005_f3d245c2cc63/C000037_GX140005_473_922.mp4,/mnt/data4t/hyw/20250530/S1_V0520/output_shards/v0520_4/shard_02/V_21,/mnt/data4t/hyw/20250530/S1_V0520/output_shards/v0520_4/shard_02/V_21/manifest.json,/mnt/data4t/hyw/20250530/S1_V0520/output_shards/v0520_4/shard_02/V_21/tracking_boxes.csv,/mnt/data4t/hyw/20250530/S1_V0520/output_shards/v0520_4/shard_02/V_21/keypoints.csv,/mnt/data4t/hyw/20250530/S1_V0520/output_shards/v0520_4/shard_02/V_21/C000037_GX140005_473_922.mp4,0,142,473,615,473,0,591.751,611.038,2593.082,1406.885,/mnt/data4t/hyw/20250530/BBOX_FAKE/output/visualization_index.csv
old_20250530_0521|GOOD1|C000038_GX150005_4453_4902.mp4,3,old_20250530_0521,train,trn,GOOD1_default_train,no_interaction,fake_interaction,GOOD1,GOOD1,C000038,C000038_E0001,C000038_GX150005_4453_4902.mp4,SV_GX150005_7cd03fd437cd,GX150005.MP4,/mnt/data4t/hyw/20250530/BBOX_FAKE/output/GOOD1/C000038_GX150005_4453_4902.mp4,,/mnt/data4t/hyw/20250530/Interaction_Annotator-0521/output/annotations/SV_GX150005_7cd03fd437cd/C000038.csv,/mnt/data4t/hyw/20250530/Interaction_Annotator-0521/output/fake_interaction/SV_GX150005_7cd03fd437cd/C000038_GX150005_4453_4902.mp4,/mnt/data4t/hyw/20250530/S1_V0520/output_shards/v0520_4/shard_00/V_15,/mnt/data4t/hyw/20250530/S1_V0520/output_shards/v0520_4/shard_00/V_15/manifest.json,/mnt/data4t/hyw/20250530/S1_V0520/output_shards/v0520_4/shard_00/V_15/tracking_boxes.csv,/mnt/data4t/hyw/20250530/S1_V0520/output_shards/v0520_4/shard_00/V_15/keypoints.csv,/mnt/data4t/hyw/20250530/S1_V0520/output_shards/v0520_4/shard_00/V_15/C000038_GX150005_4453_4902.mp4,0,449,4453,4902,4453,0,3019.317,514.488,706.891,1248.265,/mnt/data4t/hyw/20250530/BBOX_FAKE/output/visualization_index.csv
old_20250530_0521|GOOD1|C000055_GX100006_4073_4522.mp4,3,old_20250530_0521,train,trn,GOOD1_default_train,no_interaction,fake_interaction,GOOD1,GOOD1,C000055,C000055_E0001,C000055_GX100006_4073_4522.mp4,SV_GX100006_60fec66e0a4d,GX100006.MP4,/mnt/data4t/hyw/20250530/BBOX_FAKE/output/GOOD1/C000055_GX100006_4073_4522.mp4,,/mnt/data4t/hyw/20250530/Interaction_Annotator-0521/output/annotations/SV_GX100006_60fec66e0a4d/C000055.csv,/mnt/data4t/hyw/20250530/Interaction_Annotator-0521/output/fake_interaction/SV_GX100006_60fec66e0a4d/C000055_GX100006_4073_4522.mp4,/mnt/data4t/hyw/20250530/S1_V0520/output_shards/v0520_4/shard_03/V_13,/mnt/data4t/hyw/20250530/S1_V0520/output_shards/v0520_4/shard_03/V_13/manifest.json,/mnt/data4t/hyw/20250530/S1_V0520/output_shards/v0520_4/shard_03/V_13/tracking_boxes.csv,/mnt/data4t/hyw/20250530/S1_V0520/output_shards/v0520_4/shard_03/V_13/keypoints.csv,/mnt/data4t/hyw/20250530/S1_V0520/output_shards/v0520_4/shard_03/V_13/C000055_GX100006_4073_4522.mp4,0,449,4073,4522,4073,0,0.0,607.59,1584.847,1106.887,/mnt/data4t/hyw/20250530/BBOX_FAKE/output/visualization_index.csv
old_20250530_0521|GOOD1|C000056_GX100002_1736_2185.mp4,3,old_20250530_0521,train,trn,GOOD1_default_train,no_interaction,fake_interaction,GOOD1,GOOD1,C000056,C000056_E0001,C000056_GX100002_1736_2185.mp4,SV_GX100002_9d567e893671,GX100002.MP4,/mnt/data4t/hyw/20250530/BBOX_FAKE/output/GOOD1/C000056_GX100002_1736_2185.mp4,,/mnt/data4t/hyw/20250530/Interaction_Annotator-0521/output/annotations/SV_GX100002_9d567e893671/C000056.csv,/mnt/data4t/hyw/20250530/Interaction_Annotator-0521/output/fake_interaction/SV_GX100002_9d567e893671/C000056_GX100002_1736_2185.mp4,/mnt/data4t/hyw/20250530/S1_V0520/output_shards/v0520_4/shard_01/V_13,/mnt/data4t/hyw/20250530/S1_V0520/output_shards/v0520_4/shard_01/V_13/manifest.json,/mnt/data4t/hyw/20250530/S1_V0520/output_shards/v0520_4/shard_01/V_13/tracking_boxes.csv,/mnt/data4t/hyw/20250530/S1_V0520/output_shards/v0520_4/shard_01/V_13/keypoints.csv,/mnt/data4t/hyw/20250530/S1_V0520/output_shards/v0520_4/shard_01/V_13/C000056_GX100002_1736_2185.mp4,0,166,2011,2177,2011,0,2440.012,0.0,1268.955,1521.376,/mnt/data4t/hyw/20250530/BBOX_FAKE/output/visualization_index.csv
old_20250530_0521|GOOD1|C000058_GX100002_16268_16717.mp4,3,old_20250530_0521,train,trn,GOOD1_default_train,no_interaction,fake_interaction,GOOD1,GOOD1,C000058,C000058_E0001,C000058_GX100002_16268_16717.mp4,SV_GX100002_9d567e893671,GX100002.MP4,/mnt/data4t/hyw/20250530/BBOX_FAKE/output/GOOD1/C000058_GX100002_16268_16717.mp4,,/mnt/data4t/hyw/20250530/Interaction_Annotator-0521/output/annotations/SV_GX100002_9d567e893671/C000058.csv,/mnt/data4t/hyw/20250530/Interaction_Annotator-0521/output/fake_interaction/SV_GX100002_9d567e893671/C000058_GX100002_16268_16717.mp4,/mnt/data4t/hyw/20250530/S1_V0520/output_shards/v0520_4/shard_01/V_14,/mnt/data4t/hyw/20250530/S1_V0520/output_shards/v0520_4/shard_01/V_14/manifest.json,/mnt/data4t/hyw/20250530/S1_V0520/output_shards/v0520_4/shard_01/V_14/tracking_boxes.csv,/mnt/data4t/hyw/20250530/S1_V0520/output_shards/v0520_4/shard_01/V_14/keypoints.csv,/mnt/data4t/hyw/20250530/S1_V0520/output_shards/v0520_4/shard_01/V_14/C000058_GX100002_16268_16717.mp4,0,449,16268,16717,16268,0,2288.289,0.0,1468.953,1490.341,/mnt/data4t/hyw/20250530/BBOX_FAKE/output/visualization_index.csv
old_20250530_0521|GOOD1|C000063_GX150003_3516_3965.mp4,3,old_20250530_0521,train,trn,GOOD1_default_train,no_interaction,fake_interaction,GOOD1,GOOD1,C000063,C000063_E0001,C000063_GX150003_3516_3965.mp4,SV_GX150003_40603850b6cd,GX150003.MP4,/mnt/data4t/hyw/20250530/BBOX_FAKE/output/GOOD1/C000063_GX150003_3516_3965.mp4,,/mnt/data4t/hyw/20250530/Interaction_Annotator-0521/output/annotations/SV_GX150003_40603850b6cd/C000063.csv,/mnt/data4t/hyw/20250530/Interaction_Annotator-0521/output/fake_interaction/SV_GX150003_40603850b6cd/C000063_GX150003_3516_3965.mp4,/mnt/data4t/hyw/20250530/S1_V0520/output_shards/v0520_4/shard_00/V_13,/mnt/data4t/hyw/20250530/S1_V0520/output_shards/v0520_4/shard_00/V_13/manifest.json,/mnt/data4t/hyw/20250530/S1_V0520/output_shards/v0520_4/shard_00/V_13/tracking_boxes.csv,/mnt/data4t/hyw/20250530/S1_V0520/output_shards/v0520_4/shard_00/V_13/keypoints.csv,/mnt/data4t/hyw/20250530/S1_V0520/output_shards/v0520_4/shard_00/V_13/C000063_GX150003_3516_3965.mp4,0,449,3516,3965,3516,0,191.755,914.484,1555.159,896.544,/mnt/data4t/hyw/20250530/BBOX_FAKE/output/visualization_index.csv
old_20250530_0521|GOOD1|C000066_GX160003_85_589.mp4,3,old_20250530_0521,train,trn,GOOD1_default_train,no_interaction,fake_interaction,GOOD1,GOOD1,C000066,C000066_E0001,C000066_GX160003_85_589.mp4,SV_GX160003_f5f50ffb2a32,GX160003.MP4,/mnt/data4t/hyw/20250530/BBOX_FAKE/output/GOOD1/C000066_GX160003_85_589.mp4,,/mnt/data4t/hyw/20250530/Interaction_Annotator-0521/output/annotations/SV_GX160003_f5f50ffb2a32/C000066.csv,/mnt/data4t/hyw/20250530/Interaction_Annotator-0521/output/fake_interaction/SV_GX160003_f5f50ffb2a32/C000066_GX160003_85_589.mp4,/mnt/data4t/hyw/20250530/S1_V0520/output_shards/v0520_4/shard_00/V_16,/mnt/data4t/hyw/20250530/S1_V0520/output_shards/v0520_4/shard_00/V_16/manifest.json,/mnt/data4t/hyw/20250530/S1_V0520/output_shards/v0520_4/shard_00/V_16/tracking_boxes.csv,/mnt/data4t/hyw/20250530/S1_V0520/output_shards/v0520_4/shard_00/V_16/keypoints.csv,/mnt/data4t/hyw/20250530/S1_V0520/output_shards/v0520_4/shard_00/V_16/C000066_GX160003_85_589.mp4,0,504,85,589,85,0,253.823,93.801,1617.228,1248.265,/mnt/data4t/hyw/20250530/BBOX_FAKE/output/visualization_index.csv
old_20250530_0521|GOOD1|C000073_GX010006_911_1360.mp4,3,old_20250530_0521,train,trn,GOOD1_default_train,no_interaction,fake_interaction,GOOD1,GOOD1,C000073,C000073_E0001,C000073_GX010006_911_1360.mp4,SV_GX010006_a89ee5282cc5,GX010006.MP4,/mnt/data4t/hyw/20250530/BBOX_FAKE/output/GOOD1/C000073_GX010006_911_1360.mp4,,/mnt/data4t/hyw/20250530/Interaction_Annotator-0521/output/annotations/SV_GX010006_a89ee5282cc5/C000073.csv,/mnt/data4t/hyw/20250530/Interaction_Annotator-0521/output/fake_interaction/SV_GX010006_a89ee5282cc5/C000073_GX010006_911_1360.mp4,/mnt/data4t/hyw/20250530/S1_V0520/output_shards/v0520_4/shard_03/V_1,/mnt/data4t/hyw/20250530/S1_V0520/output_shards/v0520_4/shard_03/V_1/manifest.json,/mnt/data4t/hyw/20250530/S1_V0520/output_shards/v0520_4/shard_03/V_1/tracking_boxes.csv,/mnt/data4t/hyw/20250530/S1_V0520/output_shards/v0520_4/shard_03/V_1/keypoints.csv,/mnt/data4t/hyw/20250530/S1_V0520/output_shards/v0520_4/shard_03/V_1/C000073_GX010006_911_1360.mp4,0,302,911,1213,911,0,139.959,451.148,1615.738,1064.918,/mnt/data4t/hyw/20250530/BBOX_FAKE/output/visualization_index.csv
old_20250530_0521|GOOD1|C000078_GX040004_10056_10505.mp4,3,old_20250530_0521,train,trn,GOOD1_default_train,no_interaction,fake_interaction,GOOD1,GOOD1,C000078,C000078_E0001,C000078_GX040004_10056_10505.mp4,SV_GX040004_ae86c577c436,GX040004.MP4,/mnt/data4t/hyw/20250530/BBOX_FAKE/output/GOOD1/C000078_GX040004_10056_10505.mp4,,/mnt/data4t/hyw/20250530/Interaction_Annotator-0521/output/annotations/SV_GX040004_ae86c577c436/C000078.csv,/mnt/data4t/hyw/20250530/Interaction_Annotator-0521/output/fake_interaction/SV_GX040004_ae86c577c436/C000078_GX040004_10056_10505.mp4,/mnt/data4t/hyw/20250530/S1_V0520/output_shards/v0520_4/shard_01/V_4,/mnt/data4t/hyw/20250530/S1_V0520/output_shards/v0520_4/shard_01/V_4/manifest.json,/mnt/data4t/hyw/20250530/S1_V0520/output_shards/v0520_4/shard_01/V_4/tracking_boxes.csv,/mnt/data4t/hyw/20250530/S1_V0520/output_shards/v0520_4/shard_01/V_4/keypoints.csv,/mnt/data4t/hyw/20250530/S1_V0520/output_shards/v0520_4/shard_01/V_4/C000078_GX040004_10056_10505.mp4,0,449,10056,10505,10056,0,826.232,0.0,1199.99,1021.38,/mnt/data4t/hyw/20250530/BBOX_FAKE/output/visualization_index.csv
old_20250530_0521|GOOD1|C000086_GX030005_583_1032.mp4,3,old_20250530_0521,train,trn,GOOD1_default_train,no_interaction,fake_interaction,GOOD1,GOOD1,C000086,C000086_E0001,C000086_GX030005_583_1032.mp4,SV_GX030005_f00513489cce,GX030005.MP4,/mnt/data4t/hyw/20250530/BBOX_FAKE/output/GOOD1/C000086_GX030005_583_1032.mp4,,/mnt/data4t/hyw/20250530/Interaction_Annotator-0521/output/annotations/SV_GX030005_f00513489cce/C000086.csv,/mnt/data4t/hyw/20250530/Interaction_Annotator-0521/output/fake_interaction/SV_GX030005_f00513489cce/C000086_GX030005_583_1032.mp4,/mnt/data4t/hyw/20250530/S1_V0520/output_shards/v0520_4/shard_02/V_4,/mnt/data4t/hyw/20250530/S1_V0520/output_shards/v0520_4/shard_02/V_4/manifest.json,/mnt/data4t/hyw/20250530/S1_V0520/output_shards/v0520_4/shard_02/V_4/tracking_boxes.csv,/mnt/data4t/hyw/20250530/S1_V0520/output_shards/v0520_4/shard_02/V_4/keypoints.csv,/mnt/data4t/hyw/20250530/S1_V0520/output_shards/v0520_4/shard_02/V_4/C000086_GX030005_583_1032.mp4,0,449,583,1032,583,0,1650.363,0.0,1241.369,1024.828,/mnt/data4t/hyw/20250530/BBOX_FAKE/output/visualization_index.csv
old_20250530_0521|GOOD1|C000094_GX070006_15038_15487.mp4,3,old_20250530_0521,train,trn,GOOD1_default_train,no_interaction,fake_interaction,GOOD1,GOOD1,C000094,C000094_E0001,C000094_GX070006_15038_15487.mp4,SV_GX070006_70793fc3ae8f,GX070006.MP4,/mnt/data4t/hyw/20250530/BBOX_FAKE/output/GOOD1/C000094_GX070006_15038_15487.mp4,,/mnt/data4t/hyw/20250530/Interaction_Annotator-0521/output/annotations/SV_GX070006_70793fc3ae8f/C000094.csv,/mnt/data4t/hyw/20250530/Interaction_Annotator-0521/output/fake_interaction/SV_GX070006_70793fc3ae8f/C000094_GX070006_15038_15487.mp4,/mnt/data4t/hyw/20250530/S1_V0520/output_shards/v0520_4/shard_02/V_7,/mnt/data4t/hyw/20250530/S1_V0520/output_shards/v0520_4/shard_02/V_7/manifest.json,/mnt/data4t/hyw/20250530/S1_V0520/output_shards/v0520_4/shard_02/V_7/tracking_boxes.csv,/mnt/data4t/hyw/20250530/S1_V0520/output_shards/v0520_4/shard_02/V_7/keypoints.csv,/mnt/data4t/hyw/20250530/S1_V0520/output_shards/v0520_4/shard_02/V_7/C000094_GX070006_15038_15487.mp4,0,449,15038,15487,15038,0,0.0,0.0,1120.943,954.754,/mnt/data4t/hyw/20250530/BBOX_FAKE/output/visualization_index.csv
old_20250530_0521|GOOD1|C000096_GX090007_1113_1562.mp4,3,old_20250530_0521,train,trn,GOOD1_default_train,no_interaction,fake_interaction,GOOD1,GOOD1,C000096,C000096_E0001,C000096_GX090007_1113_1562.mp4,SV_GX090007_fe562d437125,GX090007.MP4,/mnt/data4t/hyw/20250530/BBOX_FAKE/output/GOOD1/C000096_GX090007_1113_1562.mp4,,/mnt/data4t/hyw/20250530/Interaction_Annotator-0521/output/annotations/SV_GX090007_fe562d437125/C000096.csv,/mnt/data4t/hyw/20250530/Interaction_Annotator-0521/output/fake_interaction/SV_GX090007_fe562d437125/C000096_GX090007_1113_1562.mp4,/mnt/data4t/hyw/20250530/S1_V0520/output_shards/v0520_4/shard_00/V_11,/mnt/data4t/hyw/20250530/S1_V0520/output_shards/v0520_4/shard_00/V_11/manifest.json,/mnt/data4t/hyw/20250530/S1_V0520/output_shards/v0520_4/shard_00/V_11/tracking_boxes.csv,/mnt/data4t/hyw/20250530/S1_V0520/output_shards/v0520_4/shard_00/V_11/keypoints.csv,/mnt/data4t/hyw/20250530/S1_V0520/output_shards/v0520_4/shard_00/V_11/C000096_GX090007_1113_1562.mp4,0,449,1113,1562,1113,0,1846.913,569.659,1306.886,1590.341,/mnt/data4t/hyw/20250530/BBOX_FAKE/output/visualization_index.csv
old_20250530_0521|GOOD1|C000099_GX090007_4020_5089.mp4,3,old_20250530_0521,train,trn,GOOD1_default_train,no_interaction,fake_interaction,GOOD1,GOOD1,C000099,C000099_E0001,C000099_GX090007_4020_5089.mp4,SV_GX090007_fe562d437125,GX090007.MP4,/mnt/data4t/hyw/20250530/BBOX_FAKE/output/GOOD1/C000099_GX090007_4020_5089.mp4,,/mnt/data4t/hyw/20250530/Interaction_Annotator-0521/output/annotations/SV_GX090007_fe562d437125/C000099.csv,/mnt/data4t/hyw/20250530/Interaction_Annotator-0521/output/fake_interaction/SV_GX090007_fe562d437125/C000099_GX090007_4020_5089.mp4,/mnt/data4t/hyw/20250530/S1_V0520/output_shards/v0520_4/shard_02/V_13,/mnt/data4t/hyw/20250530/S1_V0520/output_shards/v0520_4/shard_02/V_13/manifest.json,/mnt/data4t/hyw/20250530/S1_V0520/output_shards/v0520_4/shard_02/V_13/tracking_boxes.csv,/mnt/data4t/hyw/20250530/S1_V0520/output_shards/v0520_4/shard_02/V_13/keypoints.csv,/mnt/data4t/hyw/20250530/S1_V0520/output_shards/v0520_4/shard_02/V_13/C000099_GX090007_4020_5089.mp4,0,1069,4020,5089,4020,0,2608.976,711.038,851.717,1124.128,/mnt/data4t/hyw/20250530/BBOX_FAKE/output/visualization_index.csv
old_20250530_0521|GOOD1|C000119_GX080006_20686_21135.mp4,3,old_20250530_0521,train,trn,GOOD1_default_train,no_interaction,fake_interaction,GOOD1,GOOD1,C000119,C000119_E0001,C000119_GX080006_20686_21135.mp4,SV_GX080006_f8fd660b5de1,GX080006.MP4,/mnt/data4t/hyw/20250530/BBOX_FAKE/output/GOOD1/C000119_GX080006_20686_21135.mp4,,/mnt/data4t/hyw/20250530/Interaction_Annotator-0521/output/annotations/SV_GX080006_f8fd660b5de1/C000119.csv,/mnt/data4t/hyw/20250530/Interaction_Annotator-0521/output/fake_interaction/SV_GX080006_f8fd660b5de1/C000119_GX080006_20686_21135.mp4,/mnt/data4t/hyw/20250530/S1_V0520/output_shards/v0520_4/shard_02/V_10,/mnt/data4t/hyw/20250530/S1_V0520/output_shards/v0520_4/shard_02/V_10/manifest.json,/mnt/data4t/hyw/20250530/S1_V0520/output_shards/v0520_4/shard_02/V_10/tracking_boxes.csv,/mnt/data4t/hyw/20250530/S1_V0520/output_shards/v0520_4/shard_02/V_10/keypoints.csv,/mnt/data4t/hyw/20250530/S1_V0520/output_shards/v0520_4/shard_02/V_10/C000119_GX080006_20686_21135.mp4,0,449,20686,21135,20686,0,74.514,28.285,3748.244,2110.327,/mnt/data4t/hyw/20250530/BBOX_FAKE/output/visualization_index.csv
old_20250530_0521|GOOD1|C000120_GX080006_21196_21857.mp4,3,old_20250530_0521,train,trn,GOOD1_default_train,no_interaction,fake_interaction,GOOD1,GOOD1,C000120,C000120_E0001,C000120_GX080006_21196_21857.mp4,SV_GX080006_f8fd660b5de1,GX080006.MP4,/mnt/data4t/hyw/20250530/BBOX_FAKE/output/GOOD1/C000120_GX080006_21196_21857.mp4,,/mnt/data4t/hyw/20250530/Interaction_Annotator-0521/output/annotations/SV_GX080006_f8fd660b5de1/C000120.csv,/mnt/data4t/hyw/20250530/Interaction_Annotator-0521/output/fake_interaction/SV_GX080006_f8fd660b5de1/C000120_GX080006_21196_21857.mp4,/mnt/data4t/hyw/20250530/S1_V0520/output_shards/v0520_4/shard_00/V_9,/mnt/data4t/hyw/20250530/S1_V0520/output_shards/v0520_4/shard_00/V_9/manifest.json,/mnt/data4t/hyw/20250530/S1_V0520/output_shards/v0520_4/shard_00/V_9/tracking_boxes.csv,/mnt/data4t/hyw/20250530/S1_V0520/output_shards/v0520_4/shard_00/V_9/keypoints.csv,/mnt/data4t/hyw/20250530/S1_V0520/output_shards/v0520_4/shard_00/V_9/C000120_GX080006_21196_21857.mp4,0,661,21196,21857,21196,0,88.307,28.285,3713.762,2099.982,/mnt/data4t/hyw/20250530/BBOX_FAKE/output/visualization_index.csv
old_20250530_0521|GOOD1|C000121_GX010002_2946_3395.mp4,3,old_20250530_0521,train,trn,GOOD1_default_train,no_interaction,fake_interaction,GOOD1,GOOD1,C000121,C000121_E0001,C000121_GX010002_2946_3395.mp4,SV_GX010002_d83815a91bff,GX010002.MP4,/mnt/data4t/hyw/20250530/BBOX_FAKE/output/GOOD1/C000121_GX010002_2946_3395.mp4,,/mnt/data4t/hyw/20250530/Interaction_Annotator-0521/output/annotations/SV_GX010002_d83815a91bff/C000121.csv,/mnt/data4t/hyw/20250530/Interaction_Annotator-0521/output/fake_interaction/SV_GX010002_d83815a91bff/C000121_GX010002_2946_3395.mp4,/mnt/data4t/hyw/20250530/S1_V0520/output_shards/v0520_4/shard_02/V_1,/mnt/data4t/hyw/20250530/S1_V0520/output_shards/v0520_4/shard_02/V_1/manifest.json,/mnt/data4t/hyw/20250530/S1_V0520/output_shards/v0520_4/shard_02/V_1/tracking_boxes.csv,/mnt/data4t/hyw/20250530/S1_V0520/output_shards/v0520_4/shard_02/V_1/keypoints.csv,/mnt/data4t/hyw/20250530/S1_V0520/output_shards/v0520_4/shard_02/V_1/C000121_GX010002_2946_3395.mp4,0,449,2946,3395,2946,0,177.962,0.0,1875.846,2073.095,/mnt/data4t/hyw/20250530/BBOX_FAKE/output/visualization_index.csv
old_20250530_0521|GOOD1|C000124_GX080002_0_449.mp4,3,old_20250530_0521,train,trn,GOOD1_default_train,no_interaction,fake_interaction,GOOD1,GOOD1,C000124,C000124_E0001,C000124_GX080002_0_449.mp4,SV_GX080002_60ed880ef196,GX080002.MP4,/mnt/data4t/hyw/20250530/BBOX_FAKE/output/GOOD1/C000124_GX080002_0_449.mp4,,/mnt/data4t/hyw/20250530/Interaction_Annotator-0521/output/annotations/SV_GX080002_60ed880ef196/C000124.csv,/mnt/data4t/hyw/20250530/Interaction_Annotator-0521/output/fake_interaction/SV_GX080002_60ed880ef196/C000124_GX080002_0_449.mp4,/mnt/data4t/hyw/20250530/S1_V0520/output_shards/v0520_4/shard_00/V_7,/mnt/data4t/hyw/20250530/S1_V0520/output_shards/v0520_4/shard_00/V_7/manifest.json,/mnt/data4t/hyw/20250530/S1_V0520/output_shards/v0520_4/shard_00/V_7/tracking_boxes.csv,/mnt/data4t/hyw/20250530/S1_V0520/output_shards/v0520_4/shard_00/V_7/keypoints.csv,/mnt/data4t/hyw/20250530/S1_V0520/output_shards/v0520_4/shard_00/V_7/C000124_GX080002_0_449.mp4,0,449,0,449,0,0,571.062,34.482,1737.916,2066.199,/mnt/data4t/hyw/20250530/BBOX_FAKE/output/visualization_index.csv
old_20250530_0521|GOOD1|C000128_GX020008_2576_3025.mp4,3,old_20250530_0521,train,trn,GOOD1_default_train,no_interaction,fake_interaction,GOOD1,GOOD1,C000128,C000128_E0001,C000128_GX020008_2576_3025.mp4,SV_GX020008_012c93d54a7f,GX020008.MP4,/mnt/data4t/hyw/20250530/BBOX_FAKE/output/GOOD1/C000128_GX020008_2576_3025.mp4,,/mnt/data4t/hyw/20250530/Interaction_Annotator-0521/output/annotations/SV_GX020008_012c93d54a7f/C000128.csv,/mnt/data4t/hyw/20250530/Interaction_Annotator-0521/output/fake_interaction/SV_GX020008_012c93d54a7f/C000128_GX020008_2576_3025.mp4,/mnt/data4t/hyw/20250530/S1_V0520/output_shards/v0520_4/shard_03/V_4,/mnt/data4t/hyw/20250530/S1_V0520/output_shards/v0520_4/shard_03/V_4/manifest.json,/mnt/data4t/hyw/20250530/S1_V0520/output_shards/v0520_4/shard_03/V_4/tracking_boxes.csv,/mnt/data4t/hyw/20250530/S1_V0520/output_shards/v0520_4/shard_03/V_4/keypoints.csv,/mnt/data4t/hyw/20250530/S1_V0520/output_shards/v0520_4/shard_03/V_4/C000128_GX020008_2576_3025.mp4,0,449,2576,3025,2576,0,0.0,1311.731,622.786,848.269,/mnt/data4t/hyw/20250530/BBOX_FAKE/output/visualization_index.csv
old_20250530_0521|GOOD1|C000135_GX100003_21133_21582.mp4,3,old_20250530_0521,train,trn,GOOD1_default_train,no_interaction,fake_interaction,GOOD1,GOOD1,C000135,C000135_E0001,C000135_GX100003_21133_21582.mp4,SV_GX100003_95ed6508dd15,GX100003.MP4,/mnt/data4t/hyw/20250530/BBOX_FAKE/output/GOOD1/C000135_GX100003_21133_21582.mp4,,/mnt/data4t/hyw/20250530/Interaction_Annotator-0521/output/annotations/SV_GX100003_95ed6508dd15/C000135.csv,/mnt/data4t/hyw/20250530/Interaction_Annotator-0521/output/fake_interaction/SV_GX100003_95ed6508dd15/C000135_GX100003_21133_21582.mp4,/mnt/data4t/hyw/20250530/S1_V0520/output_shards/v0520_4/shard_02/V_15,/mnt/data4t/hyw/20250530/S1_V0520/output_shards/v0520_4/shard_02/V_15/manifest.json,/mnt/data4t/hyw/20250530/S1_V0520/output_shards/v0520_4/shard_02/V_15/tracking_boxes.csv,/mnt/data4t/hyw/20250530/S1_V0520/output_shards/v0520_4/shard_02/V_15/keypoints.csv,/mnt/data4t/hyw/20250530/S1_V0520/output_shards/v0520_4/shard_02/V_15/C000135_GX100003_21133_21582.mp4,0,449,21133,21582,21133,0,2943.456,276.558,896.544,1406.885,/mnt/data4t/hyw/20250530/BBOX_FAKE/output/visualization_index.csv
old_20250530_0521|GOOD1|C000138_GX130003_1790_2290.mp4,3,old_20250530_0521,train,trn,GOOD1_default_train,no_interaction,fake_interaction,GOOD1,GOOD1,C000138,C000138_E0001,C000138_GX130003_1790_2290.mp4,SV_GX130003_988b84d3ed1c,GX130003.MP4,/mnt/data4t/hyw/20250530/BBOX_FAKE/output/GOOD1/C000138_GX130003_1790_2290.mp4,,/mnt/data4t/hyw/20250530/Interaction_Annotator-0521/output/annotations/SV_GX130003_988b84d3ed1c/C000138.csv,/mnt/data4t/hyw/20250530/Interaction_Annotator-0521/output/fake_interaction/SV_GX130003_988b84d3ed1c/C000138_GX130003_1790_2290.mp4,/mnt/data4t/hyw/20250530/S1_V0520/output_shards/v0520_4/shard_01/V_17,/mnt/data4t/hyw/20250530/S1_V0520/output_shards/v0520_4/shard_01/V_17/manifest.json,/mnt/data4t/hyw/20250530/S1_V0520/output_shards/v0520_4/shard_01/V_17/tracking_boxes.csv,/mnt/data4t/hyw/20250530/S1_V0520/output_shards/v0520_4/shard_01/V_17/keypoints.csv,/mnt/data4t/hyw/20250530/S1_V0520/output_shards/v0520_4/shard_01/V_17/C000138_GX130003_1790_2290.mp4,0,500,1790,2290,1790,0,2922.766,0.699,917.234,1793.088,/mnt/data4t/hyw/20250530/BBOX_FAKE/output/visualization_index.csv
old_20250530_0521|GOOD1|C000141_GX020005_1258_1707.mp4,3,old_20250530_0521,train,trn,GOOD1_default_train,no_interaction,fake_interaction,GOOD1,GOOD1,C000141,C000141_E0001,C000141_GX020005_1258_1707.mp4,SV_GX020005_851575cc1248,GX020005.MP4,/mnt/data4t/hyw/20250530/BBOX_FAKE/output/GOOD1/C000141_GX020005_1258_1707.mp4,,/mnt/data4t/hyw/20250530/Interaction_Annotator-0521/output/annotations/SV_GX020005_851575cc1248/C000141.csv,/mnt/data4t/hyw/20250530/Interaction_Annotator-0521/output/fake_interaction/SV_GX020005_851575cc1248/C000141_GX020005_1258_1707.mp4,/mnt/data4t/hyw/20250530/S1_V0520/output_shards/v0520_4/shard_00/V_1,/mnt/data4t/hyw/20250530/S1_V0520/output_shards/v0520_4/shard_00/V_1/manifest.json,/mnt/data4t/hyw/20250530/S1_V0520/output_shards/v0520_4/shard_00/V_1/tracking_boxes.csv,/mnt/data4t/hyw/20250530/S1_V0520/output_shards/v0520_4/shard_00/V_1/keypoints.csv,/mnt/data4t/hyw/20250530/S1_V0520/output_shards/v0520_4/shard_00/V_1/C000141_GX020005_1258_1707.mp4,0,449,1258,1707,1258,0,0.0,0.0,1997.008,991.475,/mnt/data4t/hyw/20250530/BBOX_FAKE/output/visualization_index.csv
old_20250530_0521|GOOD1|C000161_GX090004_34621_35070.mp4,3,old_20250530_0521,train,trn,GOOD1_default_train,no_interaction,fake_interaction,GOOD1,GOOD1,C000161,C000161_E0001,C000161_GX090004_34621_35070.mp4,SV_GX090004_3b7db908ea92,GX090004.MP4,/mnt/data4t/hyw/20250530/BBOX_FAKE/output/GOOD1/C000161_GX090004_34621_35070.mp4,,/mnt/data4t/hyw/20250530/Interaction_Annotator-0521/output/annotations/SV_GX090004_3b7db908ea92/C000161.csv,/mnt/data4t/hyw/20250530/Interaction_Annotator-0521/output/fake_interaction/SV_GX090004_3b7db908ea92/C000161_GX090004_34621_35070.mp4,/mnt/data4t/hyw/20250530/S1_V0520/output_shards/v0520_4/shard_01/V_12,/mnt/data4t/hyw/20250530/S1_V0520/output_shards/v0520_4/shard_01/V_12/manifest.json,/mnt/data4t/hyw/20250530/S1_V0520/output_shards/v0520_4/shard_01/V_12/tracking_boxes.csv,/mnt/data4t/hyw/20250530/S1_V0520/output_shards/v0520_4/shard_01/V_12/keypoints.csv,/mnt/data4t/hyw/20250530/S1_V0520/output_shards/v0520_4/shard_01/V_12/C000161_GX090004_34621_35070.mp4,0,449,34621,35070,34621,0,791.75,0.0,1855.157,914.484,/mnt/data4t/hyw/20250530/BBOX_FAKE/output/visualization_index.csv
old_20250530_0521|GOOD1|C000162_GX090004_35616_36065.mp4,3,old_20250530_0521,train,trn,GOOD1_default_train,no_interaction,fake_interaction,GOOD1,GOOD1,C000162,C000162_E0001,C000162_GX090004_35616_36065.mp4,SV_GX090004_3b7db908ea92,GX090004.MP4,/mnt/data4t/hyw/20250530/BBOX_FAKE/output/GOOD1/C000162_GX090004_35616_36065.mp4,,/mnt/data4t/hyw/20250530/Interaction_Annotator-0521/output/annotations/SV_GX090004_3b7db908ea92/C000162.csv,/mnt/data4t/hyw/20250530/Interaction_Annotator-0521/output/fake_interaction/SV_GX090004_3b7db908ea92/C000162_GX090004_35616_36065.mp4,/mnt/data4t/hyw/20250530/S1_V0520/output_shards/v0520_4/shard_02/V_12,/mnt/data4t/hyw/20250530/S1_V0520/output_shards/v0520_4/shard_02/V_12/manifest.json,/mnt/data4t/hyw/20250530/S1_V0520/output_shards/v0520_4/shard_02/V_12/tracking_boxes.csv,/mnt/data4t/hyw/20250530/S1_V0520/output_shards/v0520_4/shard_02/V_12/keypoints.csv,/mnt/data4t/hyw/20250530/S1_V0520/output_shards/v0520_4/shard_02/V_12/C000162_GX090004_35616_36065.mp4,0,449,35616,36065,35616,0,646.923,0.0,2120.672,848.967,/mnt/data4t/hyw/20250530/BBOX_FAKE/output/visualization_index.csv
old_20250530_0521|GOOD1|C000168_GX110004_10348_10797.mp4,3,old_20250530_0521,train,trn,GOOD1_default_train,no_interaction,fake_interaction,GOOD1,GOOD1,C000168,C000168_E0001,C000168_GX110004_10348_10797.mp4,SV_GX110004_d88f36d04f17,GX110004.MP4,/mnt/data4t/hyw/20250530/BBOX_FAKE/output/GOOD1/C000168_GX110004_10348_10797.mp4,,/mnt/data4t/hyw/20250530/Interaction_Annotator-0521/output/annotations/SV_GX110004_d88f36d04f17/C000168.csv,/mnt/data4t/hyw/20250530/Interaction_Annotator-0521/output/fake_interaction/SV_GX110004_d88f36d04f17/C000168_GX110004_10348_10797.mp4,/mnt/data4t/hyw/20250530/S1_V0520/output_shards/v0520_4/shard_03/V_15,/mnt/data4t/hyw/20250530/S1_V0520/output_shards/v0520_4/shard_03/V_15/manifest.json,/mnt/data4t/hyw/20250530/S1_V0520/output_shards/v0520_4/shard_03/V_15/tracking_boxes.csv,/mnt/data4t/hyw/20250530/S1_V0520/output_shards/v0520_4/shard_03/V_15/keypoints.csv,/mnt/data4t/hyw/20250530/S1_V0520/output_shards/v0520_4/shard_03/V_15/C000168_GX110004_10348_10797.mp4,0,449,10348,10797,10348,0,1529.675,0.0,1810.33,1221.378,/mnt/data4t/hyw/20250530/BBOX_FAKE/output/visualization_index.csv
old_20250530_0521|GOOD1|C000172_GX140004_2056_2505.mp4,3,old_20250530_0521,train,trn,GOOD1_default_train,no_interaction,fake_interaction,GOOD1,GOOD1,C000172,C000172_E0001,C000172_GX140004_2056_2505.mp4,SV_GX140004_088145ad5905,GX140004.MP4,/mnt/data4t/hyw/20250530/BBOX_FAKE/output/GOOD1/C000172_GX140004_2056_2505.mp4,,/mnt/data4t/hyw/20250530/Interaction_Annotator-0521/output/annotations/SV_GX140004_088145ad5905/C000172.csv,/mnt/data4t/hyw/20250530/Interaction_Annotator-0521/output/fake_interaction/SV_GX140004_088145ad5905/C000172_GX140004_2056_2505.mp4,/mnt/data4t/hyw/20250530/S1_V0520/output_shards/v0520_4/shard_02/V_20,/mnt/data4t/hyw/20250530/S1_V0520/output_shards/v0520_4/shard_02/V_20/manifest.json,/mnt/data4t/hyw/20250530/S1_V0520/output_shards/v0520_4/shard_02/V_20/tracking_boxes.csv,/mnt/data4t/hyw/20250530/S1_V0520/output_shards/v0520_4/shard_02/V_20/keypoints.csv,/mnt/data4t/hyw/20250530/S1_V0520/output_shards/v0520_4/shard_02/V_20/C000172_GX140004_2056_2505.mp4,0,449,2056,2505,2056,0,1074.506,0.0,2006.88,1231.723,/mnt/data4t/hyw/20250530/BBOX_FAKE/output/visualization_index.csv
old_20250530_0521|GOOD1|C000174_GX140004_18511_18960.mp4,3,old_20250530_0521,train,trn,GOOD1_default_train,no_interaction,fake_interaction,GOOD1,GOOD1,C000174,C000174_E0001,C000174_GX140004_18511_18960.mp4,SV_GX140004_088145ad5905,GX140004.MP4,/mnt/data4t/hyw/20250530/BBOX_FAKE/output/GOOD1/C000174_GX140004_18511_18960.mp4,,/mnt/data4t/hyw/20250530/Interaction_Annotator-0521/output/annotations/SV_GX140004_088145ad5905/C000174.csv,/mnt/data4t/hyw/20250530/Interaction_Annotator-0521/output/fake_interaction/SV_GX140004_088145ad5905/C000174_GX140004_18511_18960.mp4,/mnt/data4t/hyw/20250530/S1_V0520/output_shards/v0520_4/shard_03/V_17,/mnt/data4t/hyw/20250530/S1_V0520/output_shards/v0520_4/shard_03/V_17/manifest.json,/mnt/data4t/hyw/20250530/S1_V0520/output_shards/v0520_4/shard_03/V_17/tracking_boxes.csv,/mnt/data4t/hyw/20250530/S1_V0520/output_shards/v0520_4/shard_03/V_17/keypoints.csv,/mnt/data4t/hyw/20250530/S1_V0520/output_shards/v0520_4/shard_03/V_17/C000174_GX140004_18511_18960.mp4,0,449,18511,18960,18511,0,1267.608,28.285,2572.392,1441.367,/mnt/data4t/hyw/20250530/BBOX_FAKE/output/visualization_index.csv
old_20250530_0521|GOOD1|C000193_GX020006_3340_4572.mp4,3,old_20250530_0521,train,trn,GOOD1_default_train,no_interaction,fake_interaction,GOOD1,GOOD1,C000193,C000193_E0001,C000193_GX020006_3340_4572.mp4,SV_GX020006_38828ffbb78a,GX020006.MP4,/mnt/data4t/hyw/20250530/BBOX_FAKE/output/GOOD1/C000193_GX020006_3340_4572.mp4,,/mnt/data4t/hyw/20250530/Interaction_Annotator-0521/output/annotations/SV_GX020006_38828ffbb78a/C000193.csv,/mnt/data4t/hyw/20250530/Interaction_Annotator-0521/output/fake_interaction/SV_GX020006_38828ffbb78a/C000193_GX020006_3340_4572.mp4,/mnt/data4t/hyw/20250530/S1_V0520/output_shards/v0520_4/shard_03/V_3,/mnt/data4t/hyw/20250530/S1_V0520/output_shards/v0520_4/shard_03/V_3/manifest.json,/mnt/data4t/hyw/20250530/S1_V0520/output_shards/v0520_4/shard_03/V_3/tracking_boxes.csv,/mnt/data4t/hyw/20250530/S1_V0520/output_shards/v0520_4/shard_03/V_3/keypoints.csv,/mnt/data4t/hyw/20250530/S1_V0520/output_shards/v0520_4/shard_03/V_3/C000193_GX020006_3340_4572.mp4,0,1232,3340,4572,3340,0,560.717,435.178,1044.819,1237.921,/mnt/data4t/hyw/20250530/BBOX_FAKE/output/visualization_index.csv
old_20250530_0521|GOOD1|C000195_GX050006_22918_23367.mp4,3,old_20250530_0521,train,trn,GOOD1_default_train,no_interaction,fake_interaction,GOOD1,GOOD1,C000195,C000195_E0001,C000195_GX050006_22918_23367.mp4,SV_GX050006_71d8821a3bc0,GX050006.MP4,/mnt/data4t/hyw/20250530/BBOX_FAKE/output/GOOD1/C000195_GX050006_22918_23367.mp4,,/mnt/data4t/hyw/20250530/Interaction_Annotator-0521/output/annotations/SV_GX050006_71d8821a3bc0/C000195.csv,/mnt/data4t/hyw/20250530/Interaction_Annotator-0521/output/fake_interaction/SV_GX050006_71d8821a3bc0/C000195_GX050006_22918_23367.mp4,/mnt/data4t/hyw/20250530/S1_V0520/output_shards/v0520_4/shard_03/V_7,/mnt/data4t/hyw/20250530/S1_V0520/output_shards/v0520_4/shard_03/V_7/manifest.json,/mnt/data4t/hyw/20250530/S1_V0520/output_shards/v0520_4/shard_03/V_7/tracking_boxes.csv,/mnt/data4t/hyw/20250530/S1_V0520/output_shards/v0520_4/shard_03/V_7/keypoints.csv,/mnt/data4t/hyw/20250530/S1_V0520/output_shards/v0520_4/shard_03/V_7/C000195_GX050006_22918_23367.mp4,0,449,22918,23367,22918,0,0.0,1678.689,1918.32,1788.852,/mnt/data4t/hyw/20250530/BBOX_FAKE/output/visualization_index.csv
old_20250530_0521|GOOD1|C000197_GX050006_28943_29392.mp4,3,old_20250530_0521,train,trn,GOOD1_default_train,no_interaction,fake_interaction,GOOD1,GOOD1,C000197,C000197_E0001,C000197_GX050006_28943_29392.mp4,SV_GX050006_71d8821a3bc0,GX050006.MP4,/mnt/data4t/hyw/20250530/BBOX_FAKE/output/GOOD1/C000197_GX050006_28943_29392.mp4,,/mnt/data4t/hyw/20250530/Interaction_Annotator-0521/output/annotations/SV_GX050006_71d8821a3bc0/C000197.csv,/mnt/data4t/hyw/20250530/Interaction_Annotator-0521/output/fake_interaction/SV_GX050006_71d8821a3bc0/C000197_GX050006_28943_29392.mp4,/mnt/data4t/hyw/20250530/S1_V0520/output_shards/v0520_4/shard_00/V_3,/mnt/data4t/hyw/20250530/S1_V0520/output_shards/v0520_4/shard_00/V_3/manifest.json,/mnt/data4t/hyw/20250530/S1_V0520/output_shards/v0520_4/shard_00/V_3/tracking_boxes.csv,/mnt/data4t/hyw/20250530/S1_V0520/output_shards/v0520_4/shard_00/V_3/keypoints.csv,/mnt/data4t/hyw/20250530/S1_V0520/output_shards/v0520_4/shard_00/V_3/C000197_GX050006_28943_29392.mp4,0,449,28943,29392,28943,0,0.0,1563.279,1787.172,1657.705,/mnt/data4t/hyw/20250530/BBOX_FAKE/output/visualization_index.csv
old_20250530_0521|GOOD1|C000199_GX040007_1427_2779.mp4,3,old_20250530_0521,train,trn,GOOD1_default_train,no_interaction,fake_interaction,GOOD1,GOOD1,C000199,C000199_E0001,C000199_GX040007_1427_2779.mp4,SV_GX040007_e154ac0d4c2c,GX040007.MP4,/mnt/data4t/hyw/20250530/BBOX_FAKE/output/GOOD1/C000199_GX040007_1427_2779.mp4,,/mnt/data4t/hyw/20250530/Interaction_Annotator-0521/output/annotations/SV_GX040007_e154ac0d4c2c/C000199.csv,/mnt/data4t/hyw/20250530/Interaction_Annotator-0521/output/fake_interaction/SV_GX040007_e154ac0d4c2c/C000199_GX040007_1427_2779.mp4,/mnt/data4t/hyw/20250530/S1_V0520/output_shards/v0520_4/shard_03/V_6,/mnt/data4t/hyw/20250530/S1_V0520/output_shards/v0520_4/shard_03/V_6/manifest.json,/mnt/data4t/hyw/20250530/S1_V0520/output_shards/v0520_4/shard_03/V_6/tracking_boxes.csv,/mnt/data4t/hyw/20250530/S1_V0520/output_shards/v0520_4/shard_03/V_6/keypoints.csv,/mnt/data4t/hyw/20250530/S1_V0520/output_shards/v0520_4/shard_03/V_6/C000199_GX040007_1427_2779.mp4,0,1352,1427,2779,1427,0,1767.604,555.866,1358.609,1493.091,/mnt/data4t/hyw/20250530/BBOX_FAKE/output/visualization_index.csv
old_20250530_0521|GOOD1|C000209_GX090002_60408_60857.mp4,3,old_20250530_0521,train,trn,GOOD1_default_train,no_interaction,fake_interaction,GOOD1,GOOD1,C000209,C000209_E0001,C000209_GX090002_60408_60857.mp4,SV_GX090002_ba93005dceac,GX090002.MP4,/mnt/data4t/hyw/20250530/BBOX_FAKE/output/GOOD1/C000209_GX090002_60408_60857.mp4,,/mnt/data4t/hyw/20250530/Interaction_Annotator-0521/output/annotations/SV_GX090002_ba93005dceac/C000209.csv,/mnt/data4t/hyw/20250530/Interaction_Annotator-0521/output/fake_interaction/SV_GX090002_ba93005dceac/C000209_GX090002_60408_60857.mp4,/mnt/data4t/hyw/20250530/S1_V0520/output_shards/v0520_4/shard_01/V_10,/mnt/data4t/hyw/20250530/S1_V0520/output_shards/v0520_4/shard_01/V_10/manifest.json,/mnt/data4t/hyw/20250530/S1_V0520/output_shards/v0520_4/shard_01/V_10/tracking_boxes.csv,/mnt/data4t/hyw/20250530/S1_V0520/output_shards/v0520_4/shard_01/V_10/keypoints.csv,/mnt/data4t/hyw/20250530/S1_V0520/output_shards/v0520_4/shard_01/V_10/C000209_GX090002_60408_60857.mp4,0,449,60408,60857,60408,0,2640.01,62.767,1199.99,1810.33,/mnt/data4t/hyw/20250530/BBOX_FAKE/output/visualization_index.csv
old_20250530_0521|GOOD1|C000211_GX090002_65736_66185.mp4,3,old_20250530_0521,train,trn,GOOD1_default_train,no_interaction,fake_interaction,GOOD1,GOOD1,C000211,C000211_E0001,C000211_GX090002_65736_66185.mp4,SV_GX090002_ba93005dceac,GX090002.MP4,/mnt/data4t/hyw/20250530/BBOX_FAKE/output/GOOD1/C000211_GX090002_65736_66185.mp4,,/mnt/data4t/hyw/20250530/Interaction_Annotator-0521/output/annotations/SV_GX090002_ba93005dceac/C000211.csv,/mnt/data4t/hyw/20250530/Interaction_Annotator-0521/output/fake_interaction/SV_GX090002_ba93005dceac/C000211_GX090002_65736_66185.mp4,/mnt/data4t/hyw/20250530/S1_V0520/output_shards/v0520_4/shard_00/V_10,/mnt/data4t/hyw/20250530/S1_V0520/output_shards/v0520_4/shard_00/V_10/manifest.json,/mnt/data4t/hyw/20250530/S1_V0520/output_shards/v0520_4/shard_00/V_10/tracking_boxes.csv,/mnt/data4t/hyw/20250530/S1_V0520/output_shards/v0520_4/shard_00/V_10/keypoints.csv,/mnt/data4t/hyw/20250530/S1_V0520/output_shards/v0520_4/shard_00/V_10/C000211_GX090002_65736_66185.mp4,0,449,65736,66185,65736,0,1181.402,373.109,1910.329,1786.891,/mnt/data4t/hyw/20250530/BBOX_FAKE/output/visualization_index.csv
old_20250530_0521|GOOD1|C000215_GX090002_79103_79552.mp4,3,old_20250530_0521,train,trn,GOOD1_default_train,no_interaction,fake_interaction,GOOD1,GOOD1,C000215,C000215_E0001,C000215_GX090002_79103_79552.mp4,SV_GX090002_ba93005dceac,GX090002.MP4,/mnt/data4t/hyw/20250530/BBOX_FAKE/output/GOOD1/C000215_GX090002_79103_79552.mp4,,/mnt/data4t/hyw/20250530/Interaction_Annotator-0521/output/annotations/SV_GX090002_ba93005dceac/C000215.csv,/mnt/data4t/hyw/20250530/Interaction_Annotator-0521/output/fake_interaction/SV_GX090002_ba93005dceac/C000215_GX090002_79103_79552.mp4,/mnt/data4t/hyw/20250530/S1_V0520/output_shards/v0520_4/shard_02/V_11,/mnt/data4t/hyw/20250530/S1_V0520/output_shards/v0520_4/shard_02/V_11/manifest.json,/mnt/data4t/hyw/20250530/S1_V0520/output_shards/v0520_4/shard_02/V_11/tracking_boxes.csv,/mnt/data4t/hyw/20250530/S1_V0520/output_shards/v0520_4/shard_02/V_11/keypoints.csv,/mnt/data4t/hyw/20250530/S1_V0520/output_shards/v0520_4/shard_02/V_11/C000215_GX090002_79103_79552.mp4,0,449,79103,79552,79103,0,2346.909,197.249,1131.025,1962.751,/mnt/data4t/hyw/20250530/BBOX_FAKE/output/visualization_index.csv
old_20250530_0521|GOOD1|C000226_GX020003_80_1545.mp4,3,old_20250530_0521,train,trn,GOOD1_default_train,no_interaction,fake_interaction,GOOD1,GOOD1,C000226,C000226_E0001,C000226_GX020003_80_1545.mp4,SV_GX020003_fb4144e1a938,GX020003.MP4,/mnt/data4t/hyw/20250530/BBOX_FAKE/output/GOOD1/C000226_GX020003_80_1545.mp4,,/mnt/data4t/hyw/20250530/Interaction_Annotator-0521/output/annotations/SV_GX020003_fb4144e1a938/C000226.csv,/mnt/data4t/hyw/20250530/Interaction_Annotator-0521/output/fake_interaction/SV_GX020003_fb4144e1a938/C000226_GX020003_80_1545.mp4,/mnt/data4t/hyw/20250530/S1_V0520/output_shards/v0520_4/shard_01/V_2,/mnt/data4t/hyw/20250530/S1_V0520/output_shards/v0520_4/shard_01/V_2/manifest.json,/mnt/data4t/hyw/20250530/S1_V0520/output_shards/v0520_4/shard_01/V_2/tracking_boxes.csv,/mnt/data4t/hyw/20250530/S1_V0520/output_shards/v0520_4/shard_01/V_2/keypoints.csv,/mnt/data4t/hyw/20250530/S1_V0520/output_shards/v0520_4/shard_01/V_2/C000226_GX020003_80_1545.mp4,0,1465,80,1545,80,0,557.269,397.247,2565.496,1762.753,/mnt/data4t/hyw/20250530/BBOX_FAKE/output/visualization_index.csv
old_20250530_0521|GOOD1|C000227_GX070003_30873_31322.mp4,3,old_20250530_0521,train,trn,GOOD1_default_train,no_interaction,fake_interaction,GOOD1,GOOD1,C000227,C000227_E0001,C000227_GX070003_30873_31322.mp4,SV_GX070003_e97c8d7eace5,GX070003.MP4,/mnt/data4t/hyw/20250530/BBOX_FAKE/output/GOOD1/C000227_GX070003_30873_31322.mp4,,/mnt/data4t/hyw/20250530/Interaction_Annotator-0521/output/annotations/SV_GX070003_e97c8d7eace5/C000227.csv,/mnt/data4t/hyw/20250530/Interaction_Annotator-0521/output/fake_interaction/SV_GX070003_e97c8d7eace5/C000227_GX070003_30873_31322.mp4,/mnt/data4t/hyw/20250530/S1_V0520/output_shards/v0520_4/shard_00/V_6,/mnt/data4t/hyw/20250530/S1_V0520/output_shards/v0520_4/shard_00/V_6/manifest.json,/mnt/data4t/hyw/20250530/S1_V0520/output_shards/v0520_4/shard_00/V_6/tracking_boxes.csv,/mnt/data4t/hyw/20250530/S1_V0520/output_shards/v0520_4/shard_00/V_6/keypoints.csv,/mnt/data4t/hyw/20250530/S1_V0520/output_shards/v0520_4/shard_00/V_6/C000227_GX070003_30873_31322.mp4,0,449,30873,31322,30873,0,2033.119,90.353,1765.502,793.097,/mnt/data4t/hyw/20250530/BBOX_FAKE/output/visualization_index.csv
old_20250530_0521|GOOD1|C000229_GX110003_2613_3062.mp4,3,old_20250530_0521,train,trn,GOOD1_default_train,no_interaction,fake_interaction,GOOD1,GOOD1,C000229,C000229_E0001,C000229_GX110003_2613_3062.mp4,SV_GX110003_5f4715ded162,GX110003.MP4,/mnt/data4t/hyw/20250530/BBOX_FAKE/output/GOOD1/C000229_GX110003_2613_3062.mp4,,/mnt/data4t/hyw/20250530/Interaction_Annotator-0521/output/annotations/SV_GX110003_5f4715ded162/C000229.csv,/mnt/data4t/hyw/20250530/Interaction_Annotator-0521/output/fake_interaction/SV_GX110003_5f4715ded162/C000229_GX110003_2613_3062.mp4,/mnt/data4t/hyw/20250530/S1_V0520/output_shards/v0520_4/shard_03/V_14,/mnt/data4t/hyw/20250530/S1_V0520/output_shards/v0520_4/shard_03/V_14/manifest.json,/mnt/data4t/hyw/20250530/S1_V0520/output_shards/v0520_4/shard_03/V_14/tracking_boxes.csv,/mnt/data4t/hyw/20250530/S1_V0520/output_shards/v0520_4/shard_03/V_14/keypoints.csv,/mnt/data4t/hyw/20250530/S1_V0520/output_shards/v0520_4/shard_03/V_14/C000229_GX110003_2613_3062.mp4,0,449,2613,3062,2613,0,2995.18,0.0,844.82,959.311,/mnt/data4t/hyw/20250530/BBOX_FAKE/output/visualization_index.csv
old_20250530_0521|GOOD|C000035_GX050005_5823_6272.mp4,3,old_20250530_0521,train,trn,GOOD_default_train,unfriendly,unfriendly,GOOD,,C000035,C000035_E0001,C000035_GX050005_5823_6272.mp4,,,/mnt/data4t/hyw/20250530/BBOX_VIS-0521/GOOD/C000035_GX050005_5823_6272.mp4,/mnt/data4t/hyw/20250530/BBOX_VIS-0521/output_selected_IDs/C000035_GX050005_5823_6272.mp4.csv,/mnt/data4t/hyw/20250530/Interaction_Annotator-0521/output/annotations/SV_GX050005_10fbd8c09666/C000035.csv,/mnt/data4t/hyw/20250530/Interaction_Annotator-0521/output/videos/SV_GX050005_10fbd8c09666/C000035_GX050005_5823_6272.mp4,/mnt/data4t/hyw/20250530/S1_V0520/output_shards/v0520_4/shard_01/V_24,/mnt/data4t/hyw/20250530/S1_V0520/output_shards/v0520_4/shard_01/V_24/manifest.json,/mnt/data4t/hyw/20250530/S1_V0520/output_shards/v0520_4/shard_01/V_24/tracking_boxes.csv,/mnt/data4t/hyw/20250530/S1_V0520/output_shards/v0520_4/shard_01/V_24/keypoints.csv,F:\S1_V0520\output_shards\v0520_4\shard_01\V_24\C000035_GX050005_5823_6272.mp4,0,130,,,,,64.17,955.863,1137.921,899.992,/mnt/data4t/hyw/20250530/BBOX_VIS-0521/output/visualization_index.csv
old_20250530_0521|GOOD|C000036_GX050005_18566_19015.mp4,3,old_20250530_0521,train,trn,GOOD_default_train,unfriendly,unfriendly,GOOD,,C000036,C000036_E0001,C000036_GX050005_18566_19015.mp4,,,/mnt/data4t/hyw/20250530/BBOX_VIS-0521/GOOD/C000036_GX050005_18566_19015.mp4,/mnt/data4t/hyw/20250530/BBOX_VIS-0521/output_selected_IDs/C000036_GX050005_18566_19015.mp4.csv,/mnt/data4t/hyw/20250530/Interaction_Annotator-0521/output/annotations/SV_GX050005_10fbd8c09666/C000036.csv,/mnt/data4t/hyw/20250530/Interaction_Annotator-0521/output/videos/SV_GX050005_10fbd8c09666/C000036_GX050005_18566_19015.mp4,/mnt/data4t/hyw/20250530/S1_V0520/output_shards/v0520_4/shard_02/V_26,/mnt/data4t/hyw/20250530/S1_V0520/output_shards/v0520_4/shard_02/V_26/manifest.json,/mnt/data4t/hyw/20250530/S1_V0520/output_shards/v0520_4/shard_02/V_26/tracking_boxes.csv,/mnt/data4t/hyw/20250530/S1_V0520/output_shards/v0520_4/shard_02/V_26/keypoints.csv,F:\S1_V0520\output_shards\v0520_4\shard_02\V_26\C000036_GX050005_18566_19015.mp4,0,322,,,,,1326.228,14.492,1951.708,2145.508,/mnt/data4t/hyw/20250530/BBOX_VIS-0521/output/visualization_index.csv
old_20250530_0521|GOOD|C000049_GX050006_57423_58167.mp4,3,old_20250530_0521,train,trn,GOOD_default_train,unfriendly,unfriendly,GOOD,,C000049,C000049_E0001,C000049_GX050006_57423_58167.mp4,,,/mnt/data4t/hyw/20250530/BBOX_VIS-0521/GOOD/C000049_GX050006_57423_58167.mp4,/mnt/data4t/hyw/20250530/BBOX_VIS-0521/output_selected_IDs/C000049_GX050006_57423_58167.mp4.csv,/mnt/data4t/hyw/20250530/Interaction_Annotator-0521/output/annotations/SV_GX050006_b1189f56c086/C000049.csv,/mnt/data4t/hyw/20250530/Interaction_Annotator-0521/output/videos/SV_GX050006_b1189f56c086/C000049_GX050006_57423_58167.mp4,/mnt/data4t/hyw/20250530/S1_V0520/output_shards/v0520_4/shard_01/V_25,/mnt/data4t/hyw/20250530/S1_V0520/output_shards/v0520_4/shard_01/V_25/manifest.json,/mnt/data4t/hyw/20250530/S1_V0520/output_shards/v0520_4/shard_01/V_25/tracking_boxes.csv,/mnt/data4t/hyw/20250530/S1_V0520/output_shards/v0520_4/shard_01/V_25/keypoints.csv,F:\S1_V0520\output_shards\v0520_4\shard_01\V_25\C000049_GX050006_57423_58167.mp4,0,515,,,,,712.44,669.659,1206.886,1017.233,/mnt/data4t/hyw/20250530/BBOX_VIS-0521/output/visualization_index.csv
old_20250530_0521|GOOD|C000062_GX150003_1803_2542.mp4,3,old_20250530_0521,train,trn,GOOD_default_train,unfriendly,unfriendly,GOOD,,C000062,C000062_E0001,C000062_GX150003_1803_2542.mp4,,,/mnt/data4t/hyw/20250530/BBOX_VIS-0521/GOOD/C000062_GX150003_1803_2542.mp4,/mnt/data4t/hyw/20250530/BBOX_VIS-0521/output_selected_IDs/C000062_GX150003_1803_2542.mp4.csv,/mnt/data4t/hyw/20250530/Interaction_Annotator-0521/output/annotations/SV_GX150003_40603850b6cd/C000062.csv,/mnt/data4t/hyw/20250530/Interaction_Annotator-0521/output/videos/SV_GX150003_40603850b6cd/C000062_GX150003_1803_2542.mp4,/mnt/data4t/hyw/20250530/S1_V0520/output_shards/v0520_4/shard_02/V_30,/mnt/data4t/hyw/20250530/S1_V0520/output_shards/v0520_4/shard_02/V_30/manifest.json,/mnt/data4t/hyw/20250530/S1_V0520/output_shards/v0520_4/shard_02/V_30/tracking_boxes.csv,/mnt/data4t/hyw/20250530/S1_V0520/output_shards/v0520_4/shard_02/V_30/keypoints.csv,F:\S1_V0520\output_shards\v0520_4\shard_02\V_30\C000062_GX150003_1803_2542.mp4,0,266,,,,,191.755,1107.586,1603.435,699.994,/mnt/data4t/hyw/20250530/BBOX_VIS-0521/output/visualization_index.csv
old_20250530_0521|GOOD|C000070_GX090005_39086_39535.mp4,3,old_20250530_0521,train,trn,GOOD_default_train,unfriendly,unfriendly,GOOD,,C000070,C000070_E0001,C000070_GX090005_39086_39535.mp4,,,/mnt/data4t/hyw/20250530/BBOX_VIS-0521/GOOD/C000070_GX090005_39086_39535.mp4,/mnt/data4t/hyw/20250530/BBOX_VIS-0521/output_selected_IDs/C000070_GX090005_39086_39535.mp4.csv,/mnt/data4t/hyw/20250530/Interaction_Annotator-0521/output/annotations/SV_GX090005_19a2d44b8a92/C000070.csv,/mnt/data4t/hyw/20250530/Interaction_Annotator-0521/output/videos/SV_GX090005_19a2d44b8a92/C000070_GX090005_39086_39535.mp4,/mnt/data4t/hyw/20250530/S1_V0520/output_shards/v0520_4/shard_03/V_21,/mnt/data4t/hyw/20250530/S1_V0520/output_shards/v0520_4/shard_03/V_21/manifest.json,/mnt/data4t/hyw/20250530/S1_V0520/output_shards/v0520_4/shard_03/V_21/tracking_boxes.csv,/mnt/data4t/hyw/20250530/S1_V0520/output_shards/v0520_4/shard_03/V_21/keypoints.csv,F:\S1_V0520\output_shards\v0520_4\shard_03\V_21\C000070_GX090005_39086_39535.mp4,0,245,,,,,732.746,2518.033,907.541,1248.525,/mnt/data4t/hyw/20250530/BBOX_VIS-0521/output/visualization_index.csv
old_20250530_0521|GOOD|C000071_GX090005_41101_41550.mp4,3,old_20250530_0521,train,trn,GOOD_default_train,unfriendly,unfriendly,GOOD,,C000071,C000071_E0001,C000071_GX090005_41101_41550.mp4,,,/mnt/data4t/hyw/20250530/BBOX_VIS-0521/GOOD/C000071_GX090005_41101_41550.mp4,/mnt/data4t/hyw/20250530/BBOX_VIS-0521/output_selected_IDs/C000071_GX090005_41101_41550.mp4.csv,/mnt/data4t/hyw/20250530/Interaction_Annotator-0521/output/annotations/SV_GX090005_19a2d44b8a92/C000071.csv,/mnt/data4t/hyw/20250530/Interaction_Annotator-0521/output/videos/SV_GX090005_19a2d44b8a92/C000071_GX090005_41101_41550.mp4,/mnt/data4t/hyw/20250530/S1_V0520/output_shards/v0520_4/shard_00/V_23,/mnt/data4t/hyw/20250530/S1_V0520/output_shards/v0520_4/shard_00/V_23/manifest.json,/mnt/data4t/hyw/20250530/S1_V0520/output_shards/v0520_4/shard_00/V_23/tracking_boxes.csv,/mnt/data4t/hyw/20250530/S1_V0520/output_shards/v0520_4/shard_00/V_23/keypoints.csv,F:\S1_V0520\output_shards\v0520_4\shard_00\V_23\C000071_GX090005_41101_41550.mp4,0,230,,,,,328.811,283.279,897.049,813.115,/mnt/data4t/hyw/20250530/BBOX_VIS-0521/output/visualization_index.csv
old_20250530_0521|GOOD|C000075_GX030004_5553_6002.mp4,3,old_20250530_0521,train,trn,GOOD_default_train,unfriendly,unfriendly,GOOD,,C000075,C000075_E0001,C000075_GX030004_5553_6002.mp4,,,/mnt/data4t/hyw/20250530/BBOX_VIS-0521/GOOD/C000075_GX030004_5553_6002.mp4,/mnt/data4t/hyw/20250530/BBOX_VIS-0521/output_selected_IDs/C000075_GX030004_5553_6002.mp4.csv,/mnt/data4t/hyw/20250530/Interaction_Annotator-0521/output/annotations/SV_GX030004_de6072c33024/C000075.csv,/mnt/data4t/hyw/20250530/Interaction_Annotator-0521/output/videos/SV_GX030004_de6072c33024/C000075_GX030004_5553_6002.mp4,/mnt/data4t/hyw/20250530/S1_V0520/output_shards/v0520_4/shard_03/V_18,/mnt/data4t/hyw/20250530/S1_V0520/output_shards/v0520_4/shard_03/V_18/manifest.json,/mnt/data4t/hyw/20250530/S1_V0520/output_shards/v0520_4/shard_03/V_18/tracking_boxes.csv,/mnt/data4t/hyw/20250530/S1_V0520/output_shards/v0520_4/shard_03/V_18/keypoints.csv,F:\S1_V0520\output_shards\v0520_4\shard_03\V_18\C000075_GX030004_5553_6002.mp4,0,158,,,,,236.582,676.555,1686.193,941.371,/mnt/data4t/hyw/20250530/BBOX_VIS-0521/output/visualization_index.csv
old_20250530_0521|GOOD|C000153_GX130005_20388_20837.mp4,3,old_20250530_0521,train,trn,GOOD_default_train,unfriendly,unfriendly,GOOD,,C000153,C000153_E0001,C000153_GX130005_20388_20837.mp4,,,/mnt/data4t/hyw/20250530/BBOX_VIS-0521/GOOD/C000153_GX130005_20388_20837.mp4,/mnt/data4t/hyw/20250530/BBOX_VIS-0521/output_selected_IDs/C000153_GX130005_20388_20837.mp4.csv,/mnt/data4t/hyw/20250530/Interaction_Annotator-0521/output/annotations/SV_GX130005_8b14ab607e54/C000153.csv,/mnt/data4t/hyw/20250530/Interaction_Annotator-0521/output/videos/SV_GX130005_8b14ab607e54/C000153_GX130005_20388_20837.mp4,/mnt/data4t/hyw/20250530/S1_V0520/output_shards/v0520_4/shard_03/V_28,/mnt/data4t/hyw/20250530/S1_V0520/output_shards/v0520_4/shard_03/V_28/manifest.json,/mnt/data4t/hyw/20250530/S1_V0520/output_shards/v0520_4/shard_03/V_28/tracking_boxes.csv,/mnt/data4t/hyw/20250530/S1_V0520/output_shards/v0520_4/shard_03/V_28/keypoints.csv,F:\S1_V0520\output_shards\v0520_4\shard_03\V_28\C000153_GX130005_20388_20837.mp4,0,204,,,,,942.582,902.295,933.77,1495.082,/mnt/data4t/hyw/20250530/BBOX_VIS-0521/output/visualization_index.csv
old_20250530_0521|GOOD|C000159_GX090004_28453_28902.mp4,3,old_20250530_0521,train,trn,GOOD_default_train,unfriendly,unfriendly,GOOD,,C000159,C000159_E0001,C000159_GX090004_28453_28902.mp4,,,/mnt/data4t/hyw/20250530/BBOX_VIS-0521/GOOD/C000159_GX090004_28453_28902.mp4,/mnt/data4t/hyw/20250530/BBOX_VIS-0521/output_selected_IDs/C000159_GX090004_28453_28902.mp4.csv,/mnt/data4t/hyw/20250530/Interaction_Annotator-0521/output/annotations/SV_GX090004_3b7db908ea92/C000159.csv,/mnt/data4t/hyw/20250530/Interaction_Annotator-0521/output/videos/SV_GX090004_3b7db908ea92/C000159_GX090004_28453_28902.mp4,/mnt/data4t/hyw/20250530/S1_V0520/output_shards/v0520_4/shard_00/V_21,/mnt/data4t/hyw/20250530/S1_V0520/output_shards/v0520_4/shard_00/V_21/manifest.json,/mnt/data4t/hyw/20250530/S1_V0520/output_shards/v0520_4/shard_00/V_21/tracking_boxes.csv,/mnt/data4t/hyw/20250530/S1_V0520/output_shards/v0520_4/shard_00/V_21/keypoints.csv,F:\S1_V0520\output_shards\v0520_4\shard_00\V_21\C000159_GX090004_28453_28902.mp4,0,194,,,,,519.338,1090.345,1165.507,1000.69,/mnt/data4t/hyw/20250530/BBOX_VIS-0521/output/visualization_index.csv
old_20250530_0521|GOOD|C000163_GX090004_37933_38382.mp4,3,old_20250530_0521,train,trn,GOOD_default_train,unfriendly,unfriendly,GOOD,,C000163,C000163_E0001,C000163_GX090004_37933_38382.mp4,,,/mnt/data4t/hyw/20250530/BBOX_VIS-0521/GOOD/C000163_GX090004_37933_38382.mp4,/mnt/data4t/hyw/20250530/BBOX_VIS-0521/output_selected_IDs/C000163_GX090004_37933_38382.mp4.csv,/mnt/data4t/hyw/20250530/Interaction_Annotator-0521/output/annotations/SV_GX090004_3b7db908ea92/C000163.csv,/mnt/data4t/hyw/20250530/Interaction_Annotator-0521/output/videos/SV_GX090004_3b7db908ea92/C000163_GX090004_37933_38382.mp4,/mnt/data4t/hyw/20250530/S1_V0520/output_shards/v0520_4/shard_03/V_20,/mnt/data4t/hyw/20250530/S1_V0520/output_shards/v0520_4/shard_03/V_20/manifest.json,/mnt/data4t/hyw/20250530/S1_V0520/output_shards/v0520_4/shard_03/V_20/tracking_boxes.csv,/mnt/data4t/hyw/20250530/S1_V0520/output_shards/v0520_4/shard_03/V_20/keypoints.csv,F:\S1_V0520\output_shards\v0520_4\shard_03\V_20\C000163_GX090004_37933_38382.mp4,0,449,,,,,543.476,807.589,1375.85,1183.447,/mnt/data4t/hyw/20250530/BBOX_VIS-0521/output/visualization_index.csv
old_20250530_0521|GOOD|C000265_GX040011_90_550.mp4,3,old_20250530_0521,train,trn,GOOD_default_train,unfriendly,unfriendly,GOOD,,C000265,C000265_E0001,C000265_GX040011_90_550.mp4,,,/mnt/data4t/hyw/20250530/BBOX_VIS-0521/GOOD/C000265_GX040011_90_550.mp4,/mnt/data4t/hyw/20250530/BBOX_VIS-0521/output_selected_IDs/C000265_GX040011_90_550.mp4.csv,/mnt/data4t/hyw/20250530/Interaction_Annotator-0521/output/annotations/SV_GX040011_2f6edbacd2e3/C000265.csv,/mnt/data4t/hyw/20250530/Interaction_Annotator-0521/output/videos/SV_GX040011_2f6edbacd2e3/C000265_GX040011_90_550.mp4,/mnt/data4t/hyw/20250530/S1_V0520/output_shards/v0520_4/shard_00/V_19,/mnt/data4t/hyw/20250530/S1_V0520/output_shards/v0520_4/shard_00/V_19/manifest.json,/mnt/data4t/hyw/20250530/S1_V0520/output_shards/v0520_4/shard_00/V_19/tracking_boxes.csv,/mnt/data4t/hyw/20250530/S1_V0520/output_shards/v0520_4/shard_00/V_19/keypoints.csv,F:\S1_V0520\output_shards\v0520_4\shard_00\V_19\C000265_GX040011_90_550.mp4,0,197,,,,,1302.09,93.801,462.065,534.478,/mnt/data4t/hyw/20250530/BBOX_VIS-0521/output/visualization_index.csv
old_20250530_0521|GOOD|C000057_GX100002_13403_13852.mp4,3,old_20250530_0521,val,val,GOOD_random_to_val_friendly_5,friendly,friendly,GOOD,,C000057,C000057_E0001,C000057_GX100002_13403_13852.mp4,,,/mnt/data4t/hyw/20250530/BBOX_VIS-0521/GOOD/C000057_GX100002_13403_13852.mp4,/mnt/data4t/hyw/20250530/BBOX_VIS-0521/output_selected_IDs/C000057_GX100002_13403_13852.mp4.csv,/mnt/data4t/hyw/20250530/Interaction_Annotator-0521/output/annotations/SV_GX100002_9d567e893671/C000057.csv,/mnt/data4t/hyw/20250530/Interaction_Annotator-0521/output/videos/SV_GX100002_9d567e893671/C000057_GX100002_13403_13852.mp4,/mnt/data4t/hyw/20250530/S1_V0520/output_shards/v0520_4/shard_03/V_24,/mnt/data4t/hyw/20250530/S1_V0520/output_shards/v0520_4/shard_03/V_24/manifest.json,/mnt/data4t/hyw/20250530/S1_V0520/output_shards/v0520_4/shard_03/V_24/tracking_boxes.csv,/mnt/data4t/hyw/20250530/S1_V0520/output_shards/v0520_4/shard_03/V_24/keypoints.csv,F:\S1_V0520\output_shards\v0520_4\shard_03\V_24\C000057_GX100002_13403_13852.mp4,0,136,,,,,2498.632,0.0,710.339,1304.136,/mnt/data4t/hyw/20250530/BBOX_VIS-0521/output/visualization_index.csv
old_20250530_0521|GOOD|C000060_GX050003_10021_10470.mp4,3,old_20250530_0521,val,val,GOOD_random_to_val_friendly_5,friendly,friendly,GOOD,,C000060,C000060_E0001,C000060_GX050003_10021_10470.mp4,,,/mnt/data4t/hyw/20250530/BBOX_VIS-0521/GOOD/C000060_GX050003_10021_10470.mp4,/mnt/data4t/hyw/20250530/BBOX_VIS-0521/output_selected_IDs/C000060_GX050003_10021_10470.mp4.csv,/mnt/data4t/hyw/20250530/Interaction_Annotator-0521/output/annotations/SV_GX050003_6662db3fcc99/C000060.csv,/mnt/data4t/hyw/20250530/Interaction_Annotator-0521/output/videos/SV_GX050003_6662db3fcc99/C000060_GX050003_10021_10470.mp4,/mnt/data4t/hyw/20250530/S1_V0520/output_shards/v0520_4/shard_02/V_24,/mnt/data4t/hyw/20250530/S1_V0520/output_shards/v0520_4/shard_02/V_24/manifest.json,/mnt/data4t/hyw/20250530/S1_V0520/output_shards/v0520_4/shard_02/V_24/tracking_boxes.csv,/mnt/data4t/hyw/20250530/S1_V0520/output_shards/v0520_4/shard_02/V_24/keypoints.csv,F:\S1_V0520\output_shards\v0520_4\shard_02\V_24\C000060_GX050003_10021_10470.mp4,0,449,,,,,164.169,62.767,634.477,731.028,/mnt/data4t/hyw/20250530/BBOX_VIS-0521/output/visualization_index.csv
old_20250530_0521|GOOD|C000146_GX020005_23651_24100.mp4,3,old_20250530_0521,val,val,GOOD_random_to_val_friendly_5,friendly,friendly,GOOD,,C000146,C000146_E0001,C000146_GX020005_23651_24100.mp4,,,/mnt/data4t/hyw/20250530/BBOX_VIS-0521/GOOD/C000146_GX020005_23651_24100.mp4,/mnt/data4t/hyw/20250530/BBOX_VIS-0521/output_selected_IDs/C000146_GX020005_23651_24100.mp4.csv,/mnt/data4t/hyw/20250530/Interaction_Annotator-0521/output/annotations/SV_GX020005_851575cc1248/C000146.csv,/mnt/data4t/hyw/20250530/Interaction_Annotator-0521/output/videos/SV_GX020005_851575cc1248/C000146_GX020005_23651_24100.mp4,/mnt/data4t/hyw/20250530/S1_V0520/output_shards/v0520_4/shard_00/V_17,/mnt/data4t/hyw/20250530/S1_V0520/output_shards/v0520_4/shard_00/V_17/manifest.json,/mnt/data4t/hyw/20250530/S1_V0520/output_shards/v0520_4/shard_00/V_17/tracking_boxes.csv,/mnt/data4t/hyw/20250530/S1_V0520/output_shards/v0520_4/shard_00/V_17/keypoints.csv,F:\S1_V0520\output_shards\v0520_4\shard_00\V_17\C000146_GX020005_23651_24100.mp4,0,134,,,,,800.943,419.672,1227.541,1059.672,/mnt/data4t/hyw/20250530/BBOX_VIS-0521/output/visualization_index.csv
old_20250530_0521|GOOD|C000164_GX110004_336_785.mp4,3,old_20250530_0521,val,val,GOOD_random_to_val_friendly_5,friendly,friendly,GOOD,,C000164,C000164_E0001,C000164_GX110004_336_785.mp4,,,/mnt/data4t/hyw/20250530/BBOX_VIS-0521/GOOD/C000164_GX110004_336_785.mp4,/mnt/data4t/hyw/20250530/BBOX_VIS-0521/output_selected_IDs/C000164_GX110004_336_785.mp4.csv,/mnt/data4t/hyw/20250530/Interaction_Annotator-0521/output/annotations/SV_GX110004_d88f36d04f17/C000164.csv,/mnt/data4t/hyw/20250530/Interaction_Annotator-0521/output/videos/SV_GX110004_d88f36d04f17/C000164_GX110004_336_785.mp4,/mnt/data4t/hyw/20250530/S1_V0520/output_shards/v0520_4/shard_00/V_28,/mnt/data4t/hyw/20250530/S1_V0520/output_shards/v0520_4/shard_00/V_28/manifest.json,/mnt/data4t/hyw/20250530/S1_V0520/output_shards/v0520_4/shard_00/V_28/tracking_boxes.csv,/mnt/data4t/hyw/20250530/S1_V0520/output_shards/v0520_4/shard_00/V_28/keypoints.csv,F:\S1_V0520\output_shards\v0520_4\shard_00\V_28\C000164_GX110004_336_785.mp4,0,195,,,,,2429.667,748.968,827.579,513.789,/mnt/data4t/hyw/20250530/BBOX_VIS-0521/output/visualization_index.csv
old_20250530_0521|GOOD|C000171_GX130004_0_449.mp4,3,old_20250530_0521,val,val,GOOD_random_to_val_friendly_5,friendly,friendly,GOOD,,C000171,C000171_E0001,C000171_GX130004_0_449.mp4,,,/mnt/data4t/hyw/20250530/BBOX_VIS-0521/GOOD/C000171_GX130004_0_449.mp4,/mnt/data4t/hyw/20250530/BBOX_VIS-0521/output_selected_IDs/C000171_GX130004_0_449.mp4.csv,/mnt/data4t/hyw/20250530/Interaction_Annotator-0521/output/annotations/SV_GX130004_0d7ffdfca7a6/C000171.csv,/mnt/data4t/hyw/20250530/Interaction_Annotator-0521/output/videos/SV_GX130004_0d7ffdfca7a6/C000171_GX130004_0_449.mp4,/mnt/data4t/hyw/20250530/S1_V0520/output_shards/v0520_4/shard_03/V_27,/mnt/data4t/hyw/20250530/S1_V0520/output_shards/v0520_4/shard_03/V_27/manifest.json,/mnt/data4t/hyw/20250530/S1_V0520/output_shards/v0520_4/shard_03/V_27/tracking_boxes.csv,/mnt/data4t/hyw/20250530/S1_V0520/output_shards/v0520_4/shard_03/V_27/keypoints.csv,F:\S1_V0520\output_shards\v0520_4\shard_03\V_27\C000171_GX130004_0_449.mp4,0,220,,,,,2198.635,14.492,1641.365,751.718,/mnt/data4t/hyw/20250530/BBOX_VIS-0521/output/visualization_index.csv
old_20250530_0521|GOOD1|C000019_GX140003_38973_39422.mp4,3,old_20250530_0521,val,val,GOOD1_random_to_val_12,no_interaction,fake_interaction,GOOD1,GOOD1,C000019,C000019_E0001,C000019_GX140003_38973_39422.mp4,SV_GX140003_fd861976db00,GX140003.MP4,/mnt/data4t/hyw/20250530/BBOX_FAKE/output/GOOD1/C000019_GX140003_38973_39422.mp4,,/mnt/data4t/hyw/20250530/Interaction_Annotator-0521/output/annotations/SV_GX140003_fd861976db00/C000019.csv,/mnt/data4t/hyw/20250530/Interaction_Annotator-0521/output/fake_interaction/SV_GX140003_fd861976db00/C000019_GX140003_38973_39422.mp4,/mnt/data4t/hyw/20250530/S1_V0520/output_shards/v0520_4/shard_03/V_16,/mnt/data4t/hyw/20250530/S1_V0520/output_shards/v0520_4/shard_03/V_16/manifest.json,/mnt/data4t/hyw/20250530/S1_V0520/output_shards/v0520_4/shard_03/V_16/tracking_boxes.csv,/mnt/data4t/hyw/20250530/S1_V0520/output_shards/v0520_4/shard_03/V_16/keypoints.csv,/mnt/data4t/hyw/20250530/S1_V0520/output_shards/v0520_4/shard_03/V_16/C000019_GX140003_38973_39422.mp4,0,205,39214,39419,39214,0,2784.836,311.041,1055.164,1410.333,/mnt/data4t/hyw/20250530/BBOX_FAKE/output/visualization_index.csv
old_20250530_0521|GOOD1|C000039_GX050011_5741_6485.mp4,3,old_20250530_0521,val,val,GOOD1_random_to_val_12,no_interaction,fake_interaction,GOOD1,GOOD1,C000039,C000039_E0001,C000039_GX050011_5741_6485.mp4,SV_GX050011_935f82453f5d,GX050011.MP4,/mnt/data4t/hyw/20250530/BBOX_FAKE/output/GOOD1/C000039_GX050011_5741_6485.mp4,,/mnt/data4t/hyw/20250530/Interaction_Annotator-0521/output/annotations/SV_GX050011_935f82453f5d/C000039.csv,/mnt/data4t/hyw/20250530/Interaction_Annotator-0521/output/fake_interaction/SV_GX050011_935f82453f5d/C000039_GX050011_5741_6485.mp4,/mnt/data4t/hyw/20250530/S1_V0520/output_shards/v0520_4/shard_00/V_5,/mnt/data4t/hyw/20250530/S1_V0520/output_shards/v0520_4/shard_00/V_5/manifest.json,/mnt/data4t/hyw/20250530/S1_V0520/output_shards/v0520_4/shard_00/V_5/tracking_boxes.csv,/mnt/data4t/hyw/20250530/S1_V0520/output_shards/v0520_4/shard_00/V_5/keypoints.csv,/mnt/data4t/hyw/20250530/S1_V0520/output_shards/v0520_4/shard_00/V_5/C000039_GX050011_5741_6485.mp4,0,396,5741,6137,5741,0,560.717,117.939,1486.194,593.098,/mnt/data4t/hyw/20250530/BBOX_FAKE/output/visualization_index.csv
old_20250530_0521|GOOD1|C000041_GX070007_12276_12725.mp4,3,old_20250530_0521,val,val,GOOD1_random_to_val_12,no_interaction,fake_interaction,GOOD1,GOOD1,C000041,C000041_E0001,C000041_GX070007_12276_12725.mp4,SV_GX070007_8c121a81d406,GX070007.MP4,/mnt/data4t/hyw/20250530/BBOX_FAKE/output/GOOD1/C000041_GX070007_12276_12725.mp4,,/mnt/data4t/hyw/20250530/Interaction_Annotator-0521/output/annotations/SV_GX070007_8c121a81d406/C000041.csv,/mnt/data4t/hyw/20250530/Interaction_Annotator-0521/output/fake_interaction/SV_GX070007_8c121a81d406/C000041_GX070007_12276_12725.mp4,/mnt/data4t/hyw/20250530/S1_V0520/output_shards/v0520_4/shard_01/V_7,/mnt/data4t/hyw/20250530/S1_V0520/output_shards/v0520_4/shard_01/V_7/manifest.json,/mnt/data4t/hyw/20250530/S1_V0520/output_shards/v0520_4/shard_01/V_7/tracking_boxes.csv,/mnt/data4t/hyw/20250530/S1_V0520/output_shards/v0520_4/shard_01/V_7/keypoints.csv,/mnt/data4t/hyw/20250530/S1_V0520/output_shards/v0520_4/shard_01/V_7/C000041_GX070007_12276_12725.mp4,0,449,12276,12725,12276,0,0.0,870.356,1153.816,1289.644,/mnt/data4t/hyw/20250530/BBOX_FAKE/output/visualization_index.csv
old_20250530_0521|GOOD1|C000064_GX150003_6591_7040.mp4,3,old_20250530_0521,val,val,GOOD1_random_to_val_12,no_interaction,fake_interaction,GOOD1,GOOD1,C000064,C000064_E0001,C000064_GX150003_6591_7040.mp4,SV_GX150003_40603850b6cd,GX150003.MP4,/mnt/data4t/hyw/20250530/BBOX_FAKE/output/GOOD1/C000064_GX150003_6591_7040.mp4,,/mnt/data4t/hyw/20250530/Interaction_Annotator-0521/output/annotations/SV_GX150003_40603850b6cd/C000064.csv,/mnt/data4t/hyw/20250530/Interaction_Annotator-0521/output/fake_interaction/SV_GX150003_40603850b6cd/C000064_GX150003_6591_7040.mp4,/mnt/data4t/hyw/20250530/S1_V0520/output_shards/v0520_4/shard_00/V_14,/mnt/data4t/hyw/20250530/S1_V0520/output_shards/v0520_4/shard_00/V_14/manifest.json,/mnt/data4t/hyw/20250530/S1_V0520/output_shards/v0520_4/shard_00/V_14/tracking_boxes.csv,/mnt/data4t/hyw/20250530/S1_V0520/output_shards/v0520_4/shard_00/V_14/keypoints.csv,/mnt/data4t/hyw/20250530/S1_V0520/output_shards/v0520_4/shard_00/V_14/C000064_GX150003_6591_7040.mp4,0,449,6591,7040,6591,0,1164.16,62.767,1982.742,1913.777,/mnt/data4t/hyw/20250530/BBOX_FAKE/output/visualization_index.csv
old_20250530_0521|GOOD1|C000126_GX120002_28506_29145.mp4,3,old_20250530_0521,val,val,GOOD1_random_to_val_12,no_interaction,fake_interaction,GOOD1,GOOD1,C000126,C000126_E0001,C000126_GX120002_28506_29145.mp4,SV_GX120002_cea47bb2912e,GX120002.MP4,/mnt/data4t/hyw/20250530/BBOX_FAKE/output/GOOD1/C000126_GX120002_28506_29145.mp4,,/mnt/data4t/hyw/20250530/Interaction_Annotator-0521/output/annotations/SV_GX120002_cea47bb2912e/C000126.csv,/mnt/data4t/hyw/20250530/Interaction_Annotator-0521/output/fake_interaction/SV_GX120002_cea47bb2912e/C000126_GX120002_28506_29145.mp4,/mnt/data4t/hyw/20250530/S1_V0520/output_shards/v0520_4/shard_02/V_17,/mnt/data4t/hyw/20250530/S1_V0520/output_shards/v0520_4/shard_02/V_17/manifest.json,/mnt/data4t/hyw/20250530/S1_V0520/output_shards/v0520_4/shard_02/V_17/tracking_boxes.csv,/mnt/data4t/hyw/20250530/S1_V0520/output_shards/v0520_4/shard_02/V_17/keypoints.csv,/mnt/data4t/hyw/20250530/S1_V0520/output_shards/v0520_4/shard_02/V_17/C000126_GX120002_28506_29145.mp4,0,639,28506,29145,28506,0,505.545,45.526,1565.504,1506.884,/mnt/data4t/hyw/20250530/BBOX_FAKE/output/visualization_index.csv
old_20250530_0521|GOOD1|C000140_GX020005_8_457.mp4,3,old_20250530_0521,val,val,GOOD1_random_to_val_12,no_interaction,fake_interaction,GOOD1,GOOD1,C000140,C000140_E0001,C000140_GX020005_8_457.mp4,SV_GX020005_851575cc1248,GX020005.MP4,/mnt/data4t/hyw/20250530/BBOX_FAKE/output/GOOD1/C000140_GX020005_8_457.mp4,,/mnt/data4t/hyw/20250530/Interaction_Annotator-0521/output/annotations/SV_GX020005_851575cc1248/C000140.csv,/mnt/data4t/hyw/20250530/Interaction_Annotator-0521/output/fake_interaction/SV_GX020005_851575cc1248/C000140_GX020005_8_457.mp4,/mnt/data4t/hyw/20250530/S1_V0520/output_shards/v0520_4/shard_01/V_3,/mnt/data4t/hyw/20250530/S1_V0520/output_shards/v0520_4/shard_01/V_3/manifest.json,/mnt/data4t/hyw/20250530/S1_V0520/output_shards/v0520_4/shard_01/V_3/tracking_boxes.csv,/mnt/data4t/hyw/20250530/S1_V0520/output_shards/v0520_4/shard_01/V_3/keypoints.csv,/mnt/data4t/hyw/20250530/S1_V0520/output_shards/v0520_4/shard_01/V_3/C000140_GX020005_8_457.mp4,0,449,8,457,8,0,0.0,0.0,1734.713,1736.393,/mnt/data4t/hyw/20250530/BBOX_FAKE/output/visualization_index.csv
old_20250530_0521|GOOD1|C000148_GX040005_9568_10017.mp4,3,old_20250530_0521,val,val,GOOD1_random_to_val_12,no_interaction,fake_interaction,GOOD1,GOOD1,C000148,C000148_E0001,C000148_GX040005_9568_10017.mp4,SV_GX040005_58ebbac01a13,GX040005.MP4,/mnt/data4t/hyw/20250530/BBOX_FAKE/output/GOOD1/C000148_GX040005_9568_10017.mp4,,/mnt/data4t/hyw/20250530/Interaction_Annotator-0521/output/annotations/SV_GX040005_58ebbac01a13/C000148.csv,/mnt/data4t/hyw/20250530/Interaction_Annotator-0521/output/fake_interaction/SV_GX040005_58ebbac01a13/C000148_GX040005_9568_10017.mp4,/mnt/data4t/hyw/20250530/S1_V0520/output_shards/v0520_4/shard_01/V_5,/mnt/data4t/hyw/20250530/S1_V0520/output_shards/v0520_4/shard_01/V_5/manifest.json,/mnt/data4t/hyw/20250530/S1_V0520/output_shards/v0520_4/shard_01/V_5/tracking_boxes.csv,/mnt/data4t/hyw/20250530/S1_V0520/output_shards/v0520_4/shard_01/V_5/keypoints.csv,/mnt/data4t/hyw/20250530/S1_V0520/output_shards/v0520_4/shard_01/V_5/C000148_GX040005_9568_10017.mp4,0,449,9568,10017,9568,0,0.0,1395.41,1493.402,1594.754,/mnt/data4t/hyw/20250530/BBOX_FAKE/output/visualization_index.csv
old_20250530_0521|GOOD1|C000160_GX090004_33428_33877.mp4,3,old_20250530_0521,val,val,GOOD1_random_to_val_12,no_interaction,fake_interaction,GOOD1,GOOD1,C000160,C000160_E0001,C000160_GX090004_33428_33877.mp4,SV_GX090004_3b7db908ea92,GX090004.MP4,/mnt/data4t/hyw/20250530/BBOX_FAKE/output/GOOD1/C000160_GX090004_33428_33877.mp4,,/mnt/data4t/hyw/20250530/Interaction_Annotator-0521/output/annotations/SV_GX090004_3b7db908ea92/C000160.csv,/mnt/data4t/hyw/20250530/Interaction_Annotator-0521/output/fake_interaction/SV_GX090004_3b7db908ea92/C000160_GX090004_33428_33877.mp4,/mnt/data4t/hyw/20250530/S1_V0520/output_shards/v0520_4/shard_03/V_12,/mnt/data4t/hyw/20250530/S1_V0520/output_shards/v0520_4/shard_03/V_12/manifest.json,/mnt/data4t/hyw/20250530/S1_V0520/output_shards/v0520_4/shard_03/V_12/tracking_boxes.csv,/mnt/data4t/hyw/20250530/S1_V0520/output_shards/v0520_4/shard_03/V_12/keypoints.csv,/mnt/data4t/hyw/20250530/S1_V0520/output_shards/v0520_4/shard_03/V_12/C000160_GX090004_33428_33877.mp4,0,449,33428,33877,33428,0,81.411,0.0,2448.255,886.898,/mnt/data4t/hyw/20250530/BBOX_FAKE/output/visualization_index.csv
old_20250530_0521|GOOD1|C000167_GX110004_8196_8645.mp4,3,old_20250530_0521,val,val,GOOD1_random_to_val_12,no_interaction,fake_interaction,GOOD1,GOOD1,C000167,C000167_E0001,C000167_GX110004_8196_8645.mp4,SV_GX110004_d88f36d04f17,GX110004.MP4,/mnt/data4t/hyw/20250530/BBOX_FAKE/output/GOOD1/C000167_GX110004_8196_8645.mp4,,/mnt/data4t/hyw/20250530/Interaction_Annotator-0521/output/annotations/SV_GX110004_d88f36d04f17/C000167.csv,/mnt/data4t/hyw/20250530/Interaction_Annotator-0521/output/fake_interaction/SV_GX110004_d88f36d04f17/C000167_GX110004_8196_8645.mp4,/mnt/data4t/hyw/20250530/S1_V0520/output_shards/v0520_4/shard_01/V_15,/mnt/data4t/hyw/20250530/S1_V0520/output_shards/v0520_4/shard_01/V_15/manifest.json,/mnt/data4t/hyw/20250530/S1_V0520/output_shards/v0520_4/shard_01/V_15/tracking_boxes.csv,/mnt/data4t/hyw/20250530/S1_V0520/output_shards/v0520_4/shard_01/V_15/keypoints.csv,/mnt/data4t/hyw/20250530/S1_V0520/output_shards/v0520_4/shard_01/V_15/C000167_GX110004_8196_8645.mp4,0,449,8196,8645,8196,0,657.268,0.0,2979.285,997.242,/mnt/data4t/hyw/20250530/BBOX_FAKE/output/visualization_index.csv
old_20250530_0521|GOOD1|C000170_GX110004_18281_18730.mp4,3,old_20250530_0521,val,val,GOOD1_random_to_val_12,no_interaction,fake_interaction,GOOD1,GOOD1,C000170,C000170_E0001,C000170_GX110004_18281_18730.mp4,SV_GX110004_d88f36d04f17,GX110004.MP4,/mnt/data4t/hyw/20250530/BBOX_FAKE/output/GOOD1/C000170_GX110004_18281_18730.mp4,,/mnt/data4t/hyw/20250530/Interaction_Annotator-0521/output/annotations/SV_GX110004_d88f36d04f17/C000170.csv,/mnt/data4t/hyw/20250530/Interaction_Annotator-0521/output/fake_interaction/SV_GX110004_d88f36d04f17/C000170_GX110004_18281_18730.mp4,/mnt/data4t/hyw/20250530/S1_V0520/output_shards/v0520_4/shard_01/V_16,/mnt/data4t/hyw/20250530/S1_V0520/output_shards/v0520_4/shard_01/V_16/manifest.json,/mnt/data4t/hyw/20250530/S1_V0520/output_shards/v0520_4/shard_01/V_16/tracking_boxes.csv,/mnt/data4t/hyw/20250530/S1_V0520/output_shards/v0520_4/shard_01/V_16/keypoints.csv,/mnt/data4t/hyw/20250530/S1_V0520/output_shards/v0520_4/shard_01/V_16/C000170_GX110004_18281_18730.mp4,0,449,18281,18730,18281,0,277.961,924.829,817.234,968.957,/mnt/data4t/hyw/20250530/BBOX_FAKE/output/visualization_index.csv
old_20250530_0521|GOOD1|C000180_GX020005_376_825.mp4,3,old_20250530_0521,val,val,GOOD1_random_to_val_12,no_interaction,fake_interaction,GOOD1,GOOD1,C000180,C000180_E0001,C000180_GX020005_376_825.mp4,SV_GX020005_c084f9dfacf9,GX020005.MP4,/mnt/data4t/hyw/20250530/BBOX_FAKE/output/GOOD1/C000180_GX020005_376_825.mp4,,/mnt/data4t/hyw/20250530/Interaction_Annotator-0521/output/annotations/SV_GX020005_c084f9dfacf9/C000180.csv,/mnt/data4t/hyw/20250530/Interaction_Annotator-0521/output/fake_interaction/SV_GX020005_c084f9dfacf9/C000180_GX020005_376_825.mp4,/mnt/data4t/hyw/20250530/S1_V0520/output_shards/v0520_4/shard_03/V_2,/mnt/data4t/hyw/20250530/S1_V0520/output_shards/v0520_4/shard_03/V_2/manifest.json,/mnt/data4t/hyw/20250530/S1_V0520/output_shards/v0520_4/shard_03/V_2/tracking_boxes.csv,/mnt/data4t/hyw/20250530/S1_V0520/output_shards/v0520_4/shard_03/V_2/keypoints.csv,/mnt/data4t/hyw/20250530/S1_V0520/output_shards/v0520_4/shard_03/V_2/C000180_GX020005_376_825.mp4,0,449,376,825,376,0,2026.222,345.523,1762.054,1506.884,/mnt/data4t/hyw/20250530/BBOX_FAKE/output/visualization_index.csv
old_20250530_0521|GOOD1|C000198_GX040007_75_1426.mp4,3,old_20250530_0521,val,val,GOOD1_random_to_val_12,no_interaction,fake_interaction,GOOD1,GOOD1,C000198,C000198_E0001,C000198_GX040007_75_1426.mp4,SV_GX040007_e154ac0d4c2c,GX040007.MP4,/mnt/data4t/hyw/20250530/BBOX_FAKE/output/GOOD1/C000198_GX040007_75_1426.mp4,,/mnt/data4t/hyw/20250530/Interaction_Annotator-0521/output/annotations/SV_GX040007_e154ac0d4c2c/C000198.csv,/mnt/data4t/hyw/20250530/Interaction_Annotator-0521/output/fake_interaction/SV_GX040007_e154ac0d4c2c/C000198_GX040007_75_1426.mp4,/mnt/data4t/hyw/20250530/S1_V0520/output_shards/v0520_4/shard_02/V_5,/mnt/data4t/hyw/20250530/S1_V0520/output_shards/v0520_4/shard_02/V_5/manifest.json,/mnt/data4t/hyw/20250530/S1_V0520/output_shards/v0520_4/shard_02/V_5/tracking_boxes.csv,/mnt/data4t/hyw/20250530/S1_V0520/output_shards/v0520_4/shard_02/V_5/keypoints.csv,/mnt/data4t/hyw/20250530/S1_V0520/output_shards/v0520_4/shard_02/V_5/C000198_GX040007_75_1426.mp4,0,1351,75,1426,75,0,1922.775,566.211,1299.989,1362.057,/mnt/data4t/hyw/20250530/BBOX_FAKE/output/visualization_index.csv
old_20250530_0521|GOOD|C000023_GX050005_10343_10792.mp4,3,old_20250530_0521,val,val,GOOD_random_to_val_unfriendly_5,unfriendly,unfriendly,GOOD,,C000023,C000023_E0001,C000023_GX050005_10343_10792.mp4,,,/mnt/data4t/hyw/20250530/BBOX_VIS-0521/GOOD/C000023_GX050005_10343_10792.mp4,/mnt/data4t/hyw/20250530/BBOX_VIS-0521/output_selected_IDs/C000023_GX050005_10343_10792.mp4.csv,/mnt/data4t/hyw/20250530/Interaction_Annotator-0521/output/annotations/SV_GX050005_9f77519b4313/C000023.csv,/mnt/data4t/hyw/20250530/Interaction_Annotator-0521/output/videos/SV_GX050005_9f77519b4313/C000023_GX050005_10343_10792.mp4,/mnt/data4t/hyw/20250530/S1_V0520/output_shards/v0520_4/shard_00/V_20,/mnt/data4t/hyw/20250530/S1_V0520/output_shards/v0520_4/shard_00/V_20/manifest.json,/mnt/data4t/hyw/20250530/S1_V0520/output_shards/v0520_4/shard_00/V_20/tracking_boxes.csv,/mnt/data4t/hyw/20250530/S1_V0520/output_shards/v0520_4/shard_00/V_20/keypoints.csv,F:\S1_V0520\output_shards\v0520_4\shard_00\V_20\C000023_GX050005_10343_10792.mp4,0,248,,,,,459.959,1169.836,1700.041,1458.361,/mnt/data4t/hyw/20250530/BBOX_VIS-0521/output/visualization_index.csv
old_20250530_0521|GOOD|C000051_GX030002_7188_7637.mp4,3,old_20250530_0521,val,val,GOOD_random_to_val_unfriendly_5,unfriendly,unfriendly,GOOD,,C000051,C000051_E0001,C000051_GX030002_7188_7637.mp4,,,/mnt/data4t/hyw/20250530/BBOX_VIS-0521/GOOD/C000051_GX030002_7188_7637.mp4,/mnt/data4t/hyw/20250530/BBOX_VIS-0521/output_selected_IDs/C000051_GX030002_7188_7637.mp4.csv,/mnt/data4t/hyw/20250530/Interaction_Annotator-0521/output/annotations/SV_GX030002_ea250fb86511/C000051.csv,/mnt/data4t/hyw/20250530/Interaction_Annotator-0521/output/videos/SV_GX030002_ea250fb86511/C000051_GX030002_7188_7637.mp4,/mnt/data4t/hyw/20250530/S1_V0520/output_shards/v0520_4/shard_01/V_20,/mnt/data4t/hyw/20250530/S1_V0520/output_shards/v0520_4/shard_01/V_20/manifest.json,/mnt/data4t/hyw/20250530/S1_V0520/output_shards/v0520_4/shard_01/V_20/tracking_boxes.csv,/mnt/data4t/hyw/20250530/S1_V0520/output_shards/v0520_4/shard_01/V_20/keypoints.csv,F:\S1_V0520\output_shards\v0520_4\shard_01\V_20\C000051_GX030002_7188_7637.mp4,0,260,,,,,2577.942,0.0,1262.058,1366.204,/mnt/data4t/hyw/20250530/BBOX_VIS-0521/output/visualization_index.csv
old_20250530_0521|GOOD|C000150_GX040005_12293_12742.mp4,3,old_20250530_0521,val,val,GOOD_random_to_val_unfriendly_5,unfriendly,unfriendly,GOOD,,C000150,C000150_E0001,C000150_GX040005_12293_12742.mp4,,,/mnt/data4t/hyw/20250530/BBOX_VIS-0521/GOOD/C000150_GX040005_12293_12742.mp4,/mnt/data4t/hyw/20250530/BBOX_VIS-0521/output_selected_IDs/C000150_GX040005_12293_12742.mp4.csv,/mnt/data4t/hyw/20250530/Interaction_Annotator-0521/output/annotations/SV_GX040005_58ebbac01a13/C000150.csv,/mnt/data4t/hyw/20250530/Interaction_Annotator-0521/output/videos/SV_GX040005_58ebbac01a13/C000150_GX040005_12293_12742.mp4,/mnt/data4t/hyw/20250530/S1_V0520/output_shards/v0520_4/shard_01/V_23,/mnt/data4t/hyw/20250530/S1_V0520/output_shards/v0520_4/shard_01/V_23/manifest.json,/mnt/data4t/hyw/20250530/S1_V0520/output_shards/v0520_4/shard_01/V_23/tracking_boxes.csv,/mnt/data4t/hyw/20250530/S1_V0520/output_shards/v0520_4/shard_01/V_23/keypoints.csv,F:\S1_V0520\output_shards\v0520_4\shard_01\V_23\C000150_GX040005_12293_12742.mp4,0,247,,,,,0.0,828.852,900.615,1080.656,/mnt/data4t/hyw/20250530/BBOX_VIS-0521/output/visualization_index.csv
old_20250530_0521|GOOD|C000152_GX040005_15008_15457.mp4,3,old_20250530_0521,val,val,GOOD_random_to_val_unfriendly_5,unfriendly,unfriendly,GOOD,,C000152,C000152_E0001,C000152_GX040005_15008_15457.mp4,,,/mnt/data4t/hyw/20250530/BBOX_VIS-0521/GOOD/C000152_GX040005_15008_15457.mp4,/mnt/data4t/hyw/20250530/BBOX_VIS-0521/output_selected_IDs/C000152_GX040005_15008_15457.mp4.csv,/mnt/data4t/hyw/20250530/Interaction_Annotator-0521/output/annotations/SV_GX040005_58ebbac01a13/C000152.csv,/mnt/data4t/hyw/20250530/Interaction_Annotator-0521/output/videos/SV_GX040005_58ebbac01a13/C000152_GX040005_15008_15457.mp4,/mnt/data4t/hyw/20250530/S1_V0520/output_shards/v0520_4/shard_03/V_19,/mnt/data4t/hyw/20250530/S1_V0520/output_shards/v0520_4/shard_03/V_19/manifest.json,/mnt/data4t/hyw/20250530/S1_V0520/output_shards/v0520_4/shard_03/V_19/tracking_boxes.csv,/mnt/data4t/hyw/20250530/S1_V0520/output_shards/v0520_4/shard_03/V_19/keypoints.csv,F:\S1_V0520\output_shards\v0520_4\shard_03\V_19\C000152_GX040005_15008_15457.mp4,0,449,,,,,486.189,1668.197,1673.811,1316.721,/mnt/data4t/hyw/20250530/BBOX_VIS-0521/output/visualization_index.csv
old_20250530_0521|GOOD|C000187_GX090011_988_2180.mp4,3,old_20250530_0521,val,val,GOOD_random_to_val_unfriendly_5,unfriendly,unfriendly,GOOD,,C000187,C000187_E0001,C000187_GX090011_988_2180.mp4,,,/mnt/data4t/hyw/20250530/BBOX_VIS-0521/GOOD/C000187_GX090011_988_2180.mp4,/mnt/data4t/hyw/20250530/BBOX_VIS-0521/output_selected_IDs/C000187_GX090011_988_2180.mp4.csv,/mnt/data4t/hyw/20250530/Interaction_Annotator-0521/output/annotations/SV_GX090011_743d4c29a402/C000187.csv,/mnt/data4t/hyw/20250530/Interaction_Annotator-0521/output/videos/SV_GX090011_743d4c29a402/C000187_GX090011_988_2180.mp4,/mnt/data4t/hyw/20250530/S1_V0520/output_shards/v0520_4/shard_03/V_23,/mnt/data4t/hyw/20250530/S1_V0520/output_shards/v0520_4/shard_03/V_23/manifest.json,/mnt/data4t/hyw/20250530/S1_V0520/output_shards/v0520_4/shard_03/V_23/tracking_boxes.csv,/mnt/data4t/hyw/20250530/S1_V0520/output_shards/v0520_4/shard_03/V_23/keypoints.csv,F:\S1_V0520\output_shards\v0520_4\shard_03\V_23\C000187_GX090011_988_2180.mp4,0,416,,,,,2053.808,897.243,1134.473,917.234,/mnt/data4t/hyw/20250530/BBOX_VIS-0521/output/visualization_index.csv
old_20250530_0527|GOOD|C000015_GX060008_2323_2772.mp4,4,old_20250530_0527,train,trn,GOOD_default_train,friendly,friendly,GOOD,,C000015,C000015_E0001,C000015_GX060008_2323_2772.mp4,SV_GX060008_cf429f9d6995,GX060008.MP4,/mnt/data4t/hyw/20250530/BBOX_VIS-0527-V2/output/GOOD/C000015_GX060008_2323_2772.mp4,/mnt/data4t/hyw/20250530/BBOX_VIS-0527-V2/output_selected_IDs/C000015_GX060008_2323_2772.mp4.csv,/mnt/data4t/hyw/20250530/Interaction_Annotator-0526/output/annotations/SV_GX060008_cf429f9d6995/C000015.csv,/mnt/data4t/hyw/20250530/Interaction_Annotator-0526/output/videos/SV_GX060008_cf429f9d6995/C000015_GX060008_2323_2772.mp4,/mnt/data4t/hyw/20250530/V0521_22_seg_S1/output0527_4/shard_02/V_18,/mnt/data4t/hyw/20250530/V0521_22_seg_S1/output0527_4/shard_02/V_18/manifest.json,/mnt/data4t/hyw/20250530/V0521_22_seg_S1/output0527_4/shard_02/V_18/tracking_boxes.csv,/mnt/data4t/hyw/20250530/V0521_22_seg_S1/output0527_4/shard_02/V_18/keypoints.csv,/mnt/data4t/hyw/20250530/V0521_22_seg_S1/output0527_4/shard_02/V_18/C000015_GX060008_2323_2772.mp4,0,449,2323,2772,2323,0,0.0,1566.902,622.786,593.098,/mnt/data4t/hyw/20250530/BBOX_VIS-0527-V2/output/visualization_index.csv
old_20250530_0527|GOOD|C000016_GX060008_5813_6262.mp4,4,old_20250530_0527,train,trn,GOOD_default_train,friendly,friendly,GOOD,,C000016,C000016_E0001,C000016_GX060008_5813_6262.mp4,SV_GX060008_cf429f9d6995,GX060008.MP4,/mnt/data4t/hyw/20250530/BBOX_VIS-0527-V2/output/GOOD/C000016_GX060008_5813_6262.mp4,/mnt/data4t/hyw/20250530/BBOX_VIS-0527-V2/output_selected_IDs/C000016_GX060008_5813_6262.mp4.csv,/mnt/data4t/hyw/20250530/Interaction_Annotator-0526/output/annotations/SV_GX060008_cf429f9d6995/C000016.csv,/mnt/data4t/hyw/20250530/Interaction_Annotator-0526/output/videos/SV_GX060008_cf429f9d6995/C000016_GX060008_5813_6262.mp4,/mnt/data4t/hyw/20250530/V0521_22_seg_S1/output0527_4/shard_00/V_19,/mnt/data4t/hyw/20250530/V0521_22_seg_S1/output0527_4/shard_00/V_19/manifest.json,/mnt/data4t/hyw/20250530/V0521_22_seg_S1/output0527_4/shard_00/V_19/tracking_boxes.csv,/mnt/data4t/hyw/20250530/V0521_22_seg_S1/output0527_4/shard_00/V_19/keypoints.csv,/mnt/data4t/hyw/20250530/V0521_22_seg_S1/output0527_4/shard_00/V_19/C000016_GX060008_5813_6262.mp4,0,449,5813,6262,5813,0,0.0,1493.79,715.888,666.21,/mnt/data4t/hyw/20250530/BBOX_VIS-0527-V2/output/visualization_index.csv
old_20250530_0527|GOOD2|C000002_GX040006_3933_4382.mp4,4,old_20250530_0527,train,trn,GOOD2_default_train,no_interaction,fake_interaction,GOOD2,GOOD2,C000002,C000002_E0001,C000002_GX040006_3933_4382.mp4,SV_GX040006_66cb09d84ca5,GX040006.MP4,/mnt/data4t/hyw/20250530/BBOX_FAKE/output/GOOD2/C000002_GX040006_3933_4382.mp4,,/mnt/data4t/hyw/20250530/Interaction_Annotator-0526/output/annotations/SV_GX040006_66cb09d84ca5/C000002.csv,/mnt/data4t/hyw/20250530/Interaction_Annotator-0526/output/fake_interaction/SV_GX040006_66cb09d84ca5/C000002_GX040006_3933_4382.mp4,/mnt/data4t/hyw/20250530/V0521_22_seg_S1/output0527_4/shard_02/V_7,/mnt/data4t/hyw/20250530/V0521_22_seg_S1/output0527_4/shard_02/V_7/manifest.json,/mnt/data4t/hyw/20250530/V0521_22_seg_S1/output0527_4/shard_02/V_7/tracking_boxes.csv,/mnt/data4t/hyw/20250530/V0521_22_seg_S1/output0527_4/shard_02/V_7/keypoints.csv,/mnt/data4t/hyw/20250530/V0521_22_seg_S1/output0527_4/shard_02/V_7/C000002_GX040006_3933_4382.mp4,0,352,4004,4356,4004,0,942.582,1400.656,1028.197,2308.197,/mnt/data4t/hyw/20250530/BBOX_FAKE/output/visualization_index.csv
old_20250530_0527|GOOD2|C000003_GX040006_32651_33100.mp4,4,old_20250530_0527,train,trn,GOOD2_default_train,no_interaction,fake_interaction,GOOD2,GOOD2,C000003,C000003_E0001,C000003_GX040006_32651_33100.mp4,SV_GX040006_66cb09d84ca5,GX040006.MP4,/mnt/data4t/hyw/20250530/BBOX_FAKE/output/GOOD2/C000003_GX040006_32651_33100.mp4,,/mnt/data4t/hyw/20250530/Interaction_Annotator-0526/output/annotations/SV_GX040006_66cb09d84ca5/C000003.csv,/mnt/data4t/hyw/20250530/Interaction_Annotator-0526/output/fake_interaction/SV_GX040006_66cb09d84ca5/C000003_GX040006_32651_33100.mp4,/mnt/data4t/hyw/20250530/V0521_22_seg_S1/output0527_4/shard_00/V_6,/mnt/data4t/hyw/20250530/V0521_22_seg_S1/output0527_4/shard_00/V_6/manifest.json,/mnt/data4t/hyw/20250530/V0521_22_seg_S1/output0527_4/shard_00/V_6/tracking_boxes.csv,/mnt/data4t/hyw/20250530/V0521_22_seg_S1/output0527_4/shard_00/V_6/keypoints.csv,/mnt/data4t/hyw/20250530/V0521_22_seg_S1/output0527_4/shard_00/V_6/C000003_GX040006_32651_33100.mp4,0,449,32651,33100,32651,0,3.566,262.295,1411.148,1180.328,/mnt/data4t/hyw/20250530/BBOX_FAKE/output/visualization_index.csv
old_20250530_0527|GOOD2|C000004_GX040006_33943_34392.mp4,4,old_20250530_0527,train,trn,GOOD2_default_train,no_interaction,fake_interaction,GOOD2,GOOD2,C000004,C000004_E0001,C000004_GX040006_33943_34392.mp4,SV_GX040006_66cb09d84ca5,GX040006.MP4,/mnt/data4t/hyw/20250530/BBOX_FAKE/output/GOOD2/C000004_GX040006_33943_34392.mp4,,/mnt/data4t/hyw/20250530/Interaction_Annotator-0526/output/annotations/SV_GX040006_66cb09d84ca5/C000004.csv,/mnt/data4t/hyw/20250530/Interaction_Annotator-0526/output/fake_interaction/SV_GX040006_66cb09d84ca5/C000004_GX040006_33943_34392.mp4,/mnt/data4t/hyw/20250530/V0521_22_seg_S1/output0527_4/shard_03/V_5,/mnt/data4t/hyw/20250530/V0521_22_seg_S1/output0527_4/shard_03/V_5/manifest.json,/mnt/data4t/hyw/20250530/V0521_22_seg_S1/output0527_4/shard_03/V_5/tracking_boxes.csv,/mnt/data4t/hyw/20250530/V0521_22_seg_S1/output0527_4/shard_03/V_5/keypoints.csv,/mnt/data4t/hyw/20250530/V0521_22_seg_S1/output0527_4/shard_03/V_5/C000004_GX040006_33943_34392.mp4,0,449,33943,34392,33943,0,1241.598,2281.967,918.402,1558.033,/mnt/data4t/hyw/20250530/BBOX_FAKE/output/visualization_index.csv
old_20250530_0527|GOOD2|C000005_GX040006_34975_35595.mp4,4,old_20250530_0527,train,trn,GOOD2_default_train,no_interaction,fake_interaction,GOOD2,GOOD2,C000005,C000005_E0001,C000005_GX040006_34975_35595.mp4,SV_GX040006_66cb09d84ca5,GX040006.MP4,/mnt/data4t/hyw/20250530/BBOX_FAKE/output/GOOD2/C000005_GX040006_34975_35595.mp4,,/mnt/data4t/hyw/20250530/Interaction_Annotator-0526/output/annotations/SV_GX040006_66cb09d84ca5/C000005.csv,/mnt/data4t/hyw/20250530/Interaction_Annotator-0526/output/fake_interaction/SV_GX040006_66cb09d84ca5/C000005_GX040006_34975_35595.mp4,/mnt/data4t/hyw/20250530/V0521_22_seg_S1/output0527_4/shard_00/V_7,/mnt/data4t/hyw/20250530/V0521_22_seg_S1/output0527_4/shard_00/V_7/manifest.json,/mnt/data4t/hyw/20250530/V0521_22_seg_S1/output0527_4/shard_00/V_7/tracking_boxes.csv,/mnt/data4t/hyw/20250530/V0521_22_seg_S1/output0527_4/shard_00/V_7/keypoints.csv,/mnt/data4t/hyw/20250530/V0521_22_seg_S1/output0527_4/shard_00/V_7/C000005_GX040006_34975_35595.mp4,0,620,34975,35595,34975,0,0.0,204.59,1372.746,1232.787,/mnt/data4t/hyw/20250530/BBOX_FAKE/output/visualization_index.csv
old_20250530_0527|GOOD2|C000007_GX040006_37503_38470.mp4,4,old_20250530_0527,train,trn,GOOD2_default_train,no_interaction,fake_interaction,GOOD2,GOOD2,C000007,C000007_E0001,C000007_GX040006_37503_38470.mp4,SV_GX040006_66cb09d84ca5,GX040006.MP4,/mnt/data4t/hyw/20250530/BBOX_FAKE/output/GOOD2/C000007_GX040006_37503_38470.mp4,,/mnt/data4t/hyw/20250530/Interaction_Annotator-0526/output/annotations/SV_GX040006_66cb09d84ca5/C000007.csv,/mnt/data4t/hyw/20250530/Interaction_Annotator-0526/output/fake_interaction/SV_GX040006_66cb09d84ca5/C000007_GX040006_37503_38470.mp4,/mnt/data4t/hyw/20250530/V0521_22_seg_S1/output0527_4/shard_03/V_6,/mnt/data4t/hyw/20250530/V0521_22_seg_S1/output0527_4/shard_03/V_6/manifest.json,/mnt/data4t/hyw/20250530/V0521_22_seg_S1/output0527_4/shard_03/V_6/tracking_boxes.csv,/mnt/data4t/hyw/20250530/V0521_22_seg_S1/output0527_4/shard_03/V_6/keypoints.csv,/mnt/data4t/hyw/20250530/V0521_22_seg_S1/output0527_4/shard_03/V_6/C000007_GX040006_37503_38470.mp4,0,967,37503,38470,37503,0,428.484,2423.607,1731.516,1416.393,/mnt/data4t/hyw/20250530/BBOX_FAKE/output/visualization_index.csv
old_20250530_0527|GOOD2|C000009_GX040006_41756_42205.mp4,4,old_20250530_0527,train,trn,GOOD2_default_train,no_interaction,fake_interaction,GOOD2,GOOD2,C000009,C000009_E0001,C000009_GX040006_41756_42205.mp4,SV_GX040006_66cb09d84ca5,GX040006.MP4,/mnt/data4t/hyw/20250530/BBOX_FAKE/output/GOOD2/C000009_GX040006_41756_42205.mp4,,/mnt/data4t/hyw/20250530/Interaction_Annotator-0526/output/annotations/SV_GX040006_66cb09d84ca5/C000009.csv,/mnt/data4t/hyw/20250530/Interaction_Annotator-0526/output/fake_interaction/SV_GX040006_66cb09d84ca5/C000009_GX040006_41756_42205.mp4,/mnt/data4t/hyw/20250530/V0521_22_seg_S1/output0527_4/shard_00/V_8,/mnt/data4t/hyw/20250530/V0521_22_seg_S1/output0527_4/shard_00/V_8/manifest.json,/mnt/data4t/hyw/20250530/V0521_22_seg_S1/output0527_4/shard_00/V_8/tracking_boxes.csv,/mnt/data4t/hyw/20250530/V0521_22_seg_S1/output0527_4/shard_00/V_8/keypoints.csv,/mnt/data4t/hyw/20250530/V0521_22_seg_S1/output0527_4/shard_00/V_8/C000009_GX040006_41756_42205.mp4,0,251,41945,42196,41945,0,297.336,2554.754,1736.393,1164.59,/mnt/data4t/hyw/20250530/BBOX_FAKE/output/visualization_index.csv
old_20250530_0527|GOOD2|C000012_GX040006_46180_47705.mp4,4,old_20250530_0527,train,trn,GOOD2_default_train,no_interaction,fake_interaction,GOOD2,GOOD2,C000012,C000012_E0001,C000012_GX040006_46180_47705.mp4,SV_GX040006_66cb09d84ca5,GX040006.MP4,/mnt/data4t/hyw/20250530/BBOX_FAKE/output/GOOD2/C000012_GX040006_46180_47705.mp4,,/mnt/data4t/hyw/20250530/Interaction_Annotator-0526/output/annotations/SV_GX040006_66cb09d84ca5/C000012.csv,/mnt/data4t/hyw/20250530/Interaction_Annotator-0526/output/fake_interaction/SV_GX040006_66cb09d84ca5/C000012_GX040006_46180_47705.mp4,/mnt/data4t/hyw/20250530/V0521_22_seg_S1/output0527_4/shard_00/V_9,/mnt/data4t/hyw/20250530/V0521_22_seg_S1/output0527_4/shard_00/V_9/manifest.json,/mnt/data4t/hyw/20250530/V0521_22_seg_S1/output0527_4/shard_00/V_9/tracking_boxes.csv,/mnt/data4t/hyw/20250530/V0521_22_seg_S1/output0527_4/shard_00/V_9/keypoints.csv,/mnt/data4t/hyw/20250530/V0521_22_seg_S1/output0527_4/shard_00/V_9/C000012_GX040006_46180_47705.mp4,0,1525,46180,47705,46180,0,1257.336,199.344,902.664,676.721,/mnt/data4t/hyw/20250530/BBOX_FAKE/output/visualization_index.csv
old_20250530_0527|GOOD2|C000014_GX040006_51135_51600.mp4,4,old_20250530_0527,train,trn,GOOD2_default_train,no_interaction,fake_interaction,GOOD2,GOOD2,C000014,C000014_E0001,C000014_GX040006_51135_51600.mp4,SV_GX040006_66cb09d84ca5,GX040006.MP4,/mnt/data4t/hyw/20250530/BBOX_FAKE/output/GOOD2/C000014_GX040006_51135_51600.mp4,,/mnt/data4t/hyw/20250530/Interaction_Annotator-0526/output/annotations/SV_GX040006_66cb09d84ca5/C000014.csv,/mnt/data4t/hyw/20250530/Interaction_Annotator-0526/output/fake_interaction/SV_GX040006_66cb09d84ca5/C000014_GX040006_51135_51600.mp4,/mnt/data4t/hyw/20250530/V0521_22_seg_S1/output0527_4/shard_02/V_8,/mnt/data4t/hyw/20250530/V0521_22_seg_S1/output0527_4/shard_02/V_8/manifest.json,/mnt/data4t/hyw/20250530/V0521_22_seg_S1/output0527_4/shard_02/V_8/tracking_boxes.csv,/mnt/data4t/hyw/20250530/V0521_22_seg_S1/output0527_4/shard_02/V_8/keypoints.csv,/mnt/data4t/hyw/20250530/V0521_22_seg_S1/output0527_4/shard_02/V_8/C000014_GX040006_51135_51600.mp4,0,465,51135,51600,51135,0,0.0,2224.262,1005.533,1332.459,/mnt/data4t/hyw/20250530/BBOX_FAKE/output/visualization_index.csv
old_20250530_0527|GOOD2|C000018_GX140004_0_449.mp4,4,old_20250530_0527,train,trn,GOOD2_default_train,no_interaction,fake_interaction,GOOD2,GOOD2,C000018,C000018_E0001,C000018_GX140004_0_449.mp4,SV_GX140004_088145ad5905,GX140004.MP4,/mnt/data4t/hyw/20250530/BBOX_FAKE/output/GOOD2/C000018_GX140004_0_449.mp4,,/mnt/data4t/hyw/20250530/Interaction_Annotator-0526/output/annotations/SV_GX140004_088145ad5905/C000018.csv,/mnt/data4t/hyw/20250530/Interaction_Annotator-0526/output/fake_interaction/SV_GX140004_088145ad5905/C000018_GX140004_0_449.mp4,/mnt/data4t/hyw/20250530/V0521_22_seg_S1/output0527_4/shard_01/V_12,/mnt/data4t/hyw/20250530/V0521_22_seg_S1/output0527_4/shard_01/V_12/manifest.json,/mnt/data4t/hyw/20250530/V0521_22_seg_S1/output0527_4/shard_01/V_12/tracking_boxes.csv,/mnt/data4t/hyw/20250530/V0521_22_seg_S1/output0527_4/shard_01/V_12/keypoints.csv,/mnt/data4t/hyw/20250530/V0521_22_seg_S1/output0527_4/shard_01/V_12/C000018_GX140004_0_449.mp4,0,449,0,449,0,0,1074.506,0.0,1972.397,1566.203,/mnt/data4t/hyw/20250530/BBOX_FAKE/output/visualization_index.csv
old_20250530_0527|GOOD2|C000019_GX140004_886_1335.mp4,4,old_20250530_0527,train,trn,GOOD2_default_train,no_interaction,fake_interaction,GOOD2,GOOD2,C000019,C000019_E0001,C000019_GX140004_886_1335.mp4,SV_GX140004_088145ad5905,GX140004.MP4,/mnt/data4t/hyw/20250530/BBOX_FAKE/output/GOOD2/C000019_GX140004_886_1335.mp4,,/mnt/data4t/hyw/20250530/Interaction_Annotator-0526/output/annotations/SV_GX140004_088145ad5905/C000019.csv,/mnt/data4t/hyw/20250530/Interaction_Annotator-0526/output/fake_interaction/SV_GX140004_088145ad5905/C000019_GX140004_886_1335.mp4,/mnt/data4t/hyw/20250530/V0521_22_seg_S1/output0527_4/shard_02/V_16,/mnt/data4t/hyw/20250530/V0521_22_seg_S1/output0527_4/shard_02/V_16/manifest.json,/mnt/data4t/hyw/20250530/V0521_22_seg_S1/output0527_4/shard_02/V_16/tracking_boxes.csv,/mnt/data4t/hyw/20250530/V0521_22_seg_S1/output0527_4/shard_02/V_16/keypoints.csv,/mnt/data4t/hyw/20250530/V0521_22_seg_S1/output0527_4/shard_02/V_16/C000019_GX140004_886_1335.mp4,0,449,886,1335,886,0,315.892,1000.69,751.718,1117.232,/mnt/data4t/hyw/20250530/BBOX_FAKE/output/visualization_index.csv
old_20250530_0527|GOOD2|C000021_GX140004_3811_4260.mp4,4,old_20250530_0527,train,trn,GOOD2_default_train,no_interaction,fake_interaction,GOOD2,GOOD2,C000021,C000021_E0001,C000021_GX140004_3811_4260.mp4,SV_GX140004_088145ad5905,GX140004.MP4,/mnt/data4t/hyw/20250530/BBOX_FAKE/output/GOOD2/C000021_GX140004_3811_4260.mp4,,/mnt/data4t/hyw/20250530/Interaction_Annotator-0526/output/annotations/SV_GX140004_088145ad5905/C000021.csv,/mnt/data4t/hyw/20250530/Interaction_Annotator-0526/output/fake_interaction/SV_GX140004_088145ad5905/C000021_GX140004_3811_4260.mp4,/mnt/data4t/hyw/20250530/V0521_22_seg_S1/output0527_4/shard_03/V_13,/mnt/data4t/hyw/20250530/V0521_22_seg_S1/output0527_4/shard_03/V_13/manifest.json,/mnt/data4t/hyw/20250530/V0521_22_seg_S1/output0527_4/shard_03/V_13/tracking_boxes.csv,/mnt/data4t/hyw/20250530/V0521_22_seg_S1/output0527_4/shard_03/V_13/keypoints.csv,/mnt/data4t/hyw/20250530/V0521_22_seg_S1/output0527_4/shard_03/V_13/C000021_GX140004_3811_4260.mp4,0,449,3811,4260,3811,0,1050.368,0.0,2082.741,1162.758,/mnt/data4t/hyw/20250530/BBOX_FAKE/output/visualization_index.csv
old_20250530_0527|GOOD2|C000024_GX010007_420_1473.mp4,4,old_20250530_0527,train,trn,GOOD2_default_train,no_interaction,fake_interaction,GOOD2,GOOD2,C000024,C000024_E0001,C000024_GX010007_420_1473.mp4,SV_GX010007_8368f7e5e148,GX010007.MP4,/mnt/data4t/hyw/20250530/BBOX_FAKE/output/GOOD2/C000024_GX010007_420_1473.mp4,,/mnt/data4t/hyw/20250530/Interaction_Annotator-0526/output/annotations/SV_GX010007_8368f7e5e148/C000024.csv,/mnt/data4t/hyw/20250530/Interaction_Annotator-0526/output/fake_interaction/SV_GX010007_8368f7e5e148/C000024_GX010007_420_1473.mp4,/mnt/data4t/hyw/20250530/V0521_22_seg_S1/output0527_4/shard_01/V_1,/mnt/data4t/hyw/20250530/V0521_22_seg_S1/output0527_4/shard_01/V_1/manifest.json,/mnt/data4t/hyw/20250530/V0521_22_seg_S1/output0527_4/shard_01/V_1/tracking_boxes.csv,/mnt/data4t/hyw/20250530/V0521_22_seg_S1/output0527_4/shard_01/V_1/keypoints.csv,/mnt/data4t/hyw/20250530/V0521_22_seg_S1/output0527_4/shard_01/V_1/C000024_GX010007_420_1473.mp4,0,1053,420,1473,420,0,46.928,980.001,1468.953,934.475,/mnt/data4t/hyw/20250530/BBOX_FAKE/output/visualization_index.csv
old_20250530_0527|GOOD2|C000027_GX010007_3980_4925.mp4,4,old_20250530_0527,train,trn,GOOD2_default_train,no_interaction,fake_interaction,GOOD2,GOOD2,C000027,C000027_E0001,C000027_GX010007_3980_4925.mp4,SV_GX010007_8368f7e5e148,GX010007.MP4,/mnt/data4t/hyw/20250530/BBOX_FAKE/output/GOOD2/C000027_GX010007_3980_4925.mp4,,/mnt/data4t/hyw/20250530/Interaction_Annotator-0526/output/annotations/SV_GX010007_8368f7e5e148/C000027.csv,/mnt/data4t/hyw/20250530/Interaction_Annotator-0526/output/fake_interaction/SV_GX010007_8368f7e5e148/C000027_GX010007_3980_4925.mp4,/mnt/data4t/hyw/20250530/V0521_22_seg_S1/output0527_4/shard_02/V_1,/mnt/data4t/hyw/20250530/V0521_22_seg_S1/output0527_4/shard_02/V_1/manifest.json,/mnt/data4t/hyw/20250530/V0521_22_seg_S1/output0527_4/shard_02/V_1/tracking_boxes.csv,/mnt/data4t/hyw/20250530/V0521_22_seg_S1/output0527_4/shard_02/V_1/keypoints.csv,/mnt/data4t/hyw/20250530/V0521_22_seg_S1/output0527_4/shard_02/V_1/C000027_GX010007_3980_4925.mp4,0,945,3980,4925,3980,0,0.0,666.21,1650.363,1213.783,/mnt/data4t/hyw/20250530/BBOX_FAKE/output/visualization_index.csv
old_20250530_0527|GOOD2|C000028_GX010007_5838_6287.mp4,4,old_20250530_0527,train,trn,GOOD2_default_train,no_interaction,fake_interaction,GOOD2,GOOD2,C000028,C000028_E0001,C000028_GX010007_5838_6287.mp4,SV_GX010007_8368f7e5e148,GX010007.MP4,/mnt/data4t/hyw/20250530/BBOX_FAKE/output/GOOD2/C000028_GX010007_5838_6287.mp4,,/mnt/data4t/hyw/20250530/Interaction_Annotator-0526/output/annotations/SV_GX010007_8368f7e5e148/C000028.csv,/mnt/data4t/hyw/20250530/Interaction_Annotator-0526/output/fake_interaction/SV_GX010007_8368f7e5e148/C000028_GX010007_5838_6287.mp4,/mnt/data4t/hyw/20250530/V0521_22_seg_S1/output0527_4/shard_02/V_2,/mnt/data4t/hyw/20250530/V0521_22_seg_S1/output0527_4/shard_02/V_2/manifest.json,/mnt/data4t/hyw/20250530/V0521_22_seg_S1/output0527_4/shard_02/V_2/tracking_boxes.csv,/mnt/data4t/hyw/20250530/V0521_22_seg_S1/output0527_4/shard_02/V_2/keypoints.csv,/mnt/data4t/hyw/20250530/V0521_22_seg_S1/output0527_4/shard_02/V_2/C000028_GX010007_5838_6287.mp4,0,449,5838,6287,5838,0,0.0,711.038,1598.64,1279.3,/mnt/data4t/hyw/20250530/BBOX_FAKE/output/visualization_index.csv
old_20250530_0527|GOOD2|C000030_GX010007_8196_8645.mp4,4,old_20250530_0527,train,trn,GOOD2_default_train,no_interaction,fake_interaction,GOOD2,GOOD2,C000030,C000030_E0001,C000030_GX010007_8196_8645.mp4,SV_GX010007_8368f7e5e148,GX010007.MP4,/mnt/data4t/hyw/20250530/BBOX_FAKE/output/GOOD2/C000030_GX010007_8196_8645.mp4,,/mnt/data4t/hyw/20250530/Interaction_Annotator-0526/output/annotations/SV_GX010007_8368f7e5e148/C000030.csv,/mnt/data4t/hyw/20250530/Interaction_Annotator-0526/output/fake_interaction/SV_GX010007_8368f7e5e148/C000030_GX010007_8196_8645.mp4,/mnt/data4t/hyw/20250530/V0521_22_seg_S1/output0527_4/shard_01/V_2,/mnt/data4t/hyw/20250530/V0521_22_seg_S1/output0527_4/shard_01/V_2/manifest.json,/mnt/data4t/hyw/20250530/V0521_22_seg_S1/output0527_4/shard_01/V_2/tracking_boxes.csv,/mnt/data4t/hyw/20250530/V0521_22_seg_S1/output0527_4/shard_01/V_2/keypoints.csv,/mnt/data4t/hyw/20250530/V0521_22_seg_S1/output0527_4/shard_01/V_2/C000030_GX010007_8196_8645.mp4,0,449,8196,8645,8196,0,0.0,811.037,1595.191,1106.887,/mnt/data4t/hyw/20250530/BBOX_FAKE/output/visualization_index.csv
old_20250530_0527|GOOD2|C000033_GX010007_12226_12675.mp4,4,old_20250530_0527,train,trn,GOOD2_default_train,no_interaction,fake_interaction,GOOD2,GOOD2,C000033,C000033_E0001,C000033_GX010007_12226_12675.mp4,SV_GX010007_8368f7e5e148,GX010007.MP4,/mnt/data4t/hyw/20250530/BBOX_FAKE/output/GOOD2/C000033_GX010007_12226_12675.mp4,,/mnt/data4t/hyw/20250530/Interaction_Annotator-0526/output/annotations/SV_GX010007_8368f7e5e148/C000033.csv,/mnt/data4t/hyw/20250530/Interaction_Annotator-0526/output/fake_interaction/SV_GX010007_8368f7e5e148/C000033_GX010007_12226_12675.mp4,/mnt/data4t/hyw/20250530/V0521_22_seg_S1/output0527_4/shard_01/V_3,/mnt/data4t/hyw/20250530/V0521_22_seg_S1/output0527_4/shard_01/V_3/manifest.json,/mnt/data4t/hyw/20250530/V0521_22_seg_S1/output0527_4/shard_01/V_3/tracking_boxes.csv,/mnt/data4t/hyw/20250530/V0521_22_seg_S1/output0527_4/shard_01/V_3/keypoints.csv,/mnt/data4t/hyw/20250530/V0521_22_seg_S1/output0527_4/shard_01/V_3/C000033_GX010007_12226_12675.mp4,0,449,12226,12675,12226,0,3064.144,1042.069,775.856,1117.931,/mnt/data4t/hyw/20250530/BBOX_FAKE/output/visualization_index.csv
old_20250530_0527|GOOD2|C000034_GX010007_14258_14707.mp4,4,old_20250530_0527,train,trn,GOOD2_default_train,no_interaction,fake_interaction,GOOD2,GOOD2,C000034,C000034_E0001,C000034_GX010007_14258_14707.mp4,SV_GX010007_8368f7e5e148,GX010007.MP4,/mnt/data4t/hyw/20250530/BBOX_FAKE/output/GOOD2/C000034_GX010007_14258_14707.mp4,,/mnt/data4t/hyw/20250530/Interaction_Annotator-0526/output/annotations/SV_GX010007_8368f7e5e148/C000034.csv,/mnt/data4t/hyw/20250530/Interaction_Annotator-0526/output/fake_interaction/SV_GX010007_8368f7e5e148/C000034_GX010007_14258_14707.mp4,/mnt/data4t/hyw/20250530/V0521_22_seg_S1/output0527_4/shard_03/V_1,/mnt/data4t/hyw/20250530/V0521_22_seg_S1/output0527_4/shard_03/V_1/manifest.json,/mnt/data4t/hyw/20250530/V0521_22_seg_S1/output0527_4/shard_03/V_1/tracking_boxes.csv,/mnt/data4t/hyw/20250530/V0521_22_seg_S1/output0527_4/shard_03/V_1/keypoints.csv,/mnt/data4t/hyw/20250530/V0521_22_seg_S1/output0527_4/shard_03/V_1/C000034_GX010007_14258_14707.mp4,0,267,14432,14699,14432,0,1636.57,245.524,1658.607,889.648,/mnt/data4t/hyw/20250530/BBOX_FAKE/output/visualization_index.csv
old_20250530_0527|GOOD2|C000035_GX130003_0_449.mp4,4,old_20250530_0527,train,trn,GOOD2_default_train,no_interaction,fake_interaction,GOOD2,GOOD2,C000035,C000035_E0001,C000035_GX130003_0_449.mp4,SV_GX130003_988b84d3ed1c,GX130003.MP4,/mnt/data4t/hyw/20250530/BBOX_FAKE/output/GOOD2/C000035_GX130003_0_449.mp4,,/mnt/data4t/hyw/20250530/Interaction_Annotator-0526/output/annotations/SV_GX130003_988b84d3ed1c/C000035.csv,/mnt/data4t/hyw/20250530/Interaction_Annotator-0526/output/fake_interaction/SV_GX130003_988b84d3ed1c/C000035_GX130003_0_449.mp4,/mnt/data4t/hyw/20250530/V0521_22_seg_S1/output0527_4/shard_03/V_11,/mnt/data4t/hyw/20250530/V0521_22_seg_S1/output0527_4/shard_03/V_11/manifest.json,/mnt/data4t/hyw/20250530/V0521_22_seg_S1/output0527_4/shard_03/V_11/tracking_boxes.csv,/mnt/data4t/hyw/20250530/V0521_22_seg_S1/output0527_4/shard_03/V_11/keypoints.csv,/mnt/data4t/hyw/20250530/V0521_22_seg_S1/output0527_4/shard_03/V_11/C000035_GX130003_0_449.mp4,0,449,0,449,0,0,2536.563,0.0,1303.437,631.728,/mnt/data4t/hyw/20250530/BBOX_FAKE/output/visualization_index.csv
old_20250530_0527|GOOD2|C000037_GX130003_6491_6940.mp4,4,old_20250530_0527,train,trn,GOOD2_default_train,no_interaction,fake_interaction,GOOD2,GOOD2,C000037,C000037_E0001,C000037_GX130003_6491_6940.mp4,SV_GX130003_988b84d3ed1c,GX130003.MP4,/mnt/data4t/hyw/20250530/BBOX_FAKE/output/GOOD2/C000037_GX130003_6491_6940.mp4,,/mnt/data4t/hyw/20250530/Interaction_Annotator-0526/output/annotations/SV_GX130003_988b84d3ed1c/C000037.csv,/mnt/data4t/hyw/20250530/Interaction_Annotator-0526/output/fake_interaction/SV_GX130003_988b84d3ed1c/C000037_GX130003_6491_6940.mp4,/mnt/data4t/hyw/20250530/V0521_22_seg_S1/output0527_4/shard_01/V_11,/mnt/data4t/hyw/20250530/V0521_22_seg_S1/output0527_4/shard_01/V_11/manifest.json,/mnt/data4t/hyw/20250530/V0521_22_seg_S1/output0527_4/shard_01/V_11/tracking_boxes.csv,/mnt/data4t/hyw/20250530/V0521_22_seg_S1/output0527_4/shard_01/V_11/keypoints.csv,/mnt/data4t/hyw/20250530/V0521_22_seg_S1/output0527_4/shard_01/V_11/C000037_GX130003_6491_6940.mp4,0,449,6491,6940,6491,0,284.858,1062.759,1320.679,889.648,/mnt/data4t/hyw/20250530/BBOX_FAKE/output/visualization_index.csv
old_20250530_0527|GOOD2|C000040_GX130003_10281_10730.mp4,4,old_20250530_0527,train,trn,GOOD2_default_train,no_interaction,fake_interaction,GOOD2,GOOD2,C000040,C000040_E0001,C000040_GX130003_10281_10730.mp4,SV_GX130003_988b84d3ed1c,GX130003.MP4,/mnt/data4t/hyw/20250530/BBOX_FAKE/output/GOOD2/C000040_GX130003_10281_10730.mp4,,/mnt/data4t/hyw/20250530/Interaction_Annotator-0526/output/annotations/SV_GX130003_988b84d3ed1c/C000040.csv,/mnt/data4t/hyw/20250530/Interaction_Annotator-0526/output/fake_interaction/SV_GX130003_988b84d3ed1c/C000040_GX130003_10281_10730.mp4,/mnt/data4t/hyw/20250530/V0521_22_seg_S1/output0527_4/shard_03/V_12,/mnt/data4t/hyw/20250530/V0521_22_seg_S1/output0527_4/shard_03/V_12/manifest.json,/mnt/data4t/hyw/20250530/V0521_22_seg_S1/output0527_4/shard_03/V_12/tracking_boxes.csv,/mnt/data4t/hyw/20250530/V0521_22_seg_S1/output0527_4/shard_03/V_12/keypoints.csv,/mnt/data4t/hyw/20250530/V0521_22_seg_S1/output0527_4/shard_03/V_12/C000040_GX130003_10281_10730.mp4,0,449,10281,10730,10281,0,726.233,1048.966,1186.197,1111.034,/mnt/data4t/hyw/20250530/BBOX_FAKE/output/visualization_index.csv
old_20250530_0527|GOOD2|C000042_GX150005_3781_4515.mp4,4,old_20250530_0527,train,trn,GOOD2_default_train,no_interaction,fake_interaction,GOOD2,GOOD2,C000042,C000042_E0001,C000042_GX150005_3781_4515.mp4,SV_GX150005_7cd03fd437cd,GX150005.MP4,/mnt/data4t/hyw/20250530/BBOX_FAKE/output/GOOD2/C000042_GX150005_3781_4515.mp4,,/mnt/data4t/hyw/20250530/Interaction_Annotator-0526/output/annotations/SV_GX150005_7cd03fd437cd/C000042.csv,/mnt/data4t/hyw/20250530/Interaction_Annotator-0526/output/fake_interaction/SV_GX150005_7cd03fd437cd/C000042_GX150005_3781_4515.mp4,/mnt/data4t/hyw/20250530/V0521_22_seg_S1/output0527_4/shard_01/V_13,/mnt/data4t/hyw/20250530/V0521_22_seg_S1/output0527_4/shard_01/V_13/manifest.json,/mnt/data4t/hyw/20250530/V0521_22_seg_S1/output0527_4/shard_01/V_13/tracking_boxes.csv,/mnt/data4t/hyw/20250530/V0521_22_seg_S1/output0527_4/shard_01/V_13/keypoints.csv,/mnt/data4t/hyw/20250530/V0521_22_seg_S1/output0527_4/shard_01/V_13/C000042_GX150005_3781_4515.mp4,0,734,3781,4515,3781,0,2781.388,0.0,979.302,911.036,/mnt/data4t/hyw/20250530/BBOX_FAKE/output/visualization_index.csv
old_20250530_0527|GOOD2|C000043_GX150005_4616_5065.mp4,4,old_20250530_0527,train,trn,GOOD2_default_train,no_interaction,fake_interaction,GOOD2,GOOD2,C000043,C000043_E0001,C000043_GX150005_4616_5065.mp4,SV_GX150005_7cd03fd437cd,GX150005.MP4,/mnt/data4t/hyw/20250530/BBOX_FAKE/output/GOOD2/C000043_GX150005_4616_5065.mp4,,/mnt/data4t/hyw/20250530/Interaction_Annotator-0526/output/annotations/SV_GX150005_7cd03fd437cd/C000043.csv,/mnt/data4t/hyw/20250530/Interaction_Annotator-0526/output/fake_interaction/SV_GX150005_7cd03fd437cd/C000043_GX150005_4616_5065.mp4,/mnt/data4t/hyw/20250530/V0521_22_seg_S1/output0527_4/shard_02/V_17,/mnt/data4t/hyw/20250530/V0521_22_seg_S1/output0527_4/shard_02/V_17/manifest.json,/mnt/data4t/hyw/20250530/V0521_22_seg_S1/output0527_4/shard_02/V_17/tracking_boxes.csv,/mnt/data4t/hyw/20250530/V0521_22_seg_S1/output0527_4/shard_02/V_17/keypoints.csv,/mnt/data4t/hyw/20250530/V0521_22_seg_S1/output0527_4/shard_02/V_17/C000043_GX150005_4616_5065.mp4,0,449,4616,5065,4616,0,2681.389,38.629,1158.611,1603.435,/mnt/data4t/hyw/20250530/BBOX_FAKE/output/visualization_index.csv
old_20250530_0527|GOOD2|C000044_GX150005_5313_5762.mp4,4,old_20250530_0527,train,trn,GOOD2_default_train,no_interaction,fake_interaction,GOOD2,GOOD2,C000044,C000044_E0001,C000044_GX150005_5313_5762.mp4,SV_GX150005_7cd03fd437cd,GX150005.MP4,/mnt/data4t/hyw/20250530/BBOX_FAKE/output/GOOD2/C000044_GX150005_5313_5762.mp4,,/mnt/data4t/hyw/20250530/Interaction_Annotator-0526/output/annotations/SV_GX150005_7cd03fd437cd/C000044.csv,/mnt/data4t/hyw/20250530/Interaction_Annotator-0526/output/fake_interaction/SV_GX150005_7cd03fd437cd/C000044_GX150005_5313_5762.mp4,/mnt/data4t/hyw/20250530/V0521_22_seg_S1/output0527_4/shard_00/V_15,/mnt/data4t/hyw/20250530/V0521_22_seg_S1/output0527_4/shard_00/V_15/manifest.json,/mnt/data4t/hyw/20250530/V0521_22_seg_S1/output0527_4/shard_00/V_15/tracking_boxes.csv,/mnt/data4t/hyw/20250530/V0521_22_seg_S1/output0527_4/shard_00/V_15/keypoints.csv,/mnt/data4t/hyw/20250530/V0521_22_seg_S1/output0527_4/shard_00/V_15/C000044_GX150005_5313_5762.mp4,0,449,5313,5762,5313,0,488.304,0.0,868.958,531.729,/mnt/data4t/hyw/20250530/BBOX_FAKE/output/visualization_index.csv
old_20250530_0527|GOOD2|C000060_GX100004_19913_20362.mp4,4,old_20250530_0527,train,trn,GOOD2_default_train,no_interaction,fake_interaction,GOOD2,GOOD2,C000060,C000060_E0001,C000060_GX100004_19913_20362.mp4,SV_GX100004_9542422d33a6,GX100004.MP4,/mnt/data4t/hyw/20250530/BBOX_FAKE/output/GOOD2/C000060_GX100004_19913_20362.mp4,,/mnt/data4t/hyw/20250530/Interaction_Annotator-0526/output/annotations/SV_GX100004_9542422d33a6/C000060.csv,/mnt/data4t/hyw/20250530/Interaction_Annotator-0526/output/fake_interaction/SV_GX100004_9542422d33a6/C000060_GX100004_19913_20362.mp4,/mnt/data4t/hyw/20250530/V0521_22_seg_S1/output0527_4/shard_00/V_11,/mnt/data4t/hyw/20250530/V0521_22_seg_S1/output0527_4/shard_00/V_11/manifest.json,/mnt/data4t/hyw/20250530/V0521_22_seg_S1/output0527_4/shard_00/V_11/tracking_boxes.csv,/mnt/data4t/hyw/20250530/V0521_22_seg_S1/output0527_4/shard_00/V_11/keypoints.csv,/mnt/data4t/hyw/20250530/V0521_22_seg_S1/output0527_4/shard_00/V_11/C000060_GX100004_19913_20362.mp4,0,449,19913,20362,19913,0,0.0,300.696,695.199,1558.608,/mnt/data4t/hyw/20250530/BBOX_FAKE/output/visualization_index.csv
old_20250530_0527|GOOD2|C000064_GX100002_0_449.mp4,4,old_20250530_0527,train,trn,GOOD2_default_train,no_interaction,fake_interaction,GOOD2,GOOD2,C000064,C000064_E0001,C000064_GX100002_0_449.mp4,SV_GX100002_b56befc818af,GX100002.MP4,/mnt/data4t/hyw/20250530/BBOX_FAKE/output/GOOD2/C000064_GX100002_0_449.mp4,,/mnt/data4t/hyw/20250530/Interaction_Annotator-0526/output/annotations/SV_GX100002_b56befc818af/C000064.csv,/mnt/data4t/hyw/20250530/Interaction_Annotator-0526/output/fake_interaction/SV_GX100002_b56befc818af/C000064_GX100002_0_449.mp4,/mnt/data4t/hyw/20250530/V0521_22_seg_S1/output0527_4/shard_02/V_12,/mnt/data4t/hyw/20250530/V0521_22_seg_S1/output0527_4/shard_02/V_12/manifest.json,/mnt/data4t/hyw/20250530/V0521_22_seg_S1/output0527_4/shard_02/V_12/tracking_boxes.csv,/mnt/data4t/hyw/20250530/V0521_22_seg_S1/output0527_4/shard_02/V_12/keypoints.csv,/mnt/data4t/hyw/20250530/V0521_22_seg_S1/output0527_4/shard_02/V_12/C000064_GX100002_0_449.mp4,0,449,0,449,0,0,719.337,559.315,610.34,475.858,/mnt/data4t/hyw/20250530/BBOX_FAKE/output/visualization_index.csv
old_20250530_0527|GOOD2|C000067_GX120004_6133_6582.mp4,4,old_20250530_0527,train,trn,GOOD2_default_train,no_interaction,fake_interaction,GOOD2,GOOD2,C000067,C000067_E0001,C000067_GX120004_6133_6582.mp4,SV_GX120004_588bf68c09e4,GX120004.MP4,/mnt/data4t/hyw/20250530/BBOX_FAKE/output/GOOD2/C000067_GX120004_6133_6582.mp4,,/mnt/data4t/hyw/20250530/Interaction_Annotator-0526/output/annotations/SV_GX120004_588bf68c09e4/C000067.csv,/mnt/data4t/hyw/20250530/Interaction_Annotator-0526/output/fake_interaction/SV_GX120004_588bf68c09e4/C000067_GX120004_6133_6582.mp4,/mnt/data4t/hyw/20250530/V0521_22_seg_S1/output0527_4/shard_00/V_12,/mnt/data4t/hyw/20250530/V0521_22_seg_S1/output0527_4/shard_00/V_12/manifest.json,/mnt/data4t/hyw/20250530/V0521_22_seg_S1/output0527_4/shard_00/V_12/tracking_boxes.csv,/mnt/data4t/hyw/20250530/V0521_22_seg_S1/output0527_4/shard_00/V_12/keypoints.csv,/mnt/data4t/hyw/20250530/V0521_22_seg_S1/output0527_4/shard_00/V_12/C000067_GX120004_6133_6582.mp4,0,449,6133,6582,6133,0,1677.949,0.0,2117.224,1335.17,/mnt/data4t/hyw/20250530/BBOX_FAKE/output/visualization_index.csv
old_20250530_0527|GOOD2|C000068_GX120004_6786_7235.mp4,4,old_20250530_0527,train,trn,GOOD2_default_train,no_interaction,fake_interaction,GOOD2,GOOD2,C000068,C000068_E0001,C000068_GX120004_6786_7235.mp4,SV_GX120004_588bf68c09e4,GX120004.MP4,/mnt/data4t/hyw/20250530/BBOX_FAKE/output/GOOD2/C000068_GX120004_6786_7235.mp4,,/mnt/data4t/hyw/20250530/Interaction_Annotator-0526/output/annotations/SV_GX120004_588bf68c09e4/C000068.csv,/mnt/data4t/hyw/20250530/Interaction_Annotator-0526/output/fake_interaction/SV_GX120004_588bf68c09e4/C000068_GX120004_6786_7235.mp4,/mnt/data4t/hyw/20250530/V0521_22_seg_S1/output0527_4/shard_02/V_14,/mnt/data4t/hyw/20250530/V0521_22_seg_S1/output0527_4/shard_02/V_14/manifest.json,/mnt/data4t/hyw/20250530/V0521_22_seg_S1/output0527_4/shard_02/V_14/tracking_boxes.csv,/mnt/data4t/hyw/20250530/V0521_22_seg_S1/output0527_4/shard_02/V_14/keypoints.csv,/mnt/data4t/hyw/20250530/V0521_22_seg_S1/output0527_4/shard_02/V_14/C000068_GX120004_6786_7235.mp4,0,449,6786,7235,6786,0,433.132,1145.517,1182.749,1014.483,/mnt/data4t/hyw/20250530/BBOX_FAKE/output/visualization_index.csv
old_20250530_0527|GOOD2|C000069_GX040005_1128_1577.mp4,4,old_20250530_0527,train,trn,GOOD2_default_train,no_interaction,fake_interaction,GOOD2,GOOD2,C000069,C000069_E0001,C000069_GX040005_1128_1577.mp4,SV_GX040005_12079ace5d5a,GX040005.MP4,/mnt/data4t/hyw/20250530/BBOX_FAKE/output/GOOD2/C000069_GX040005_1128_1577.mp4,,/mnt/data4t/hyw/20250530/Interaction_Annotator-0526/output/annotations/SV_GX040005_12079ace5d5a/C000069.csv,/mnt/data4t/hyw/20250530/Interaction_Annotator-0526/output/fake_interaction/SV_GX040005_12079ace5d5a/C000069_GX040005_1128_1577.mp4,/mnt/data4t/hyw/20250530/V0521_22_seg_S1/output0527_4/shard_02/V_6,/mnt/data4t/hyw/20250530/V0521_22_seg_S1/output0527_4/shard_02/V_6/manifest.json,/mnt/data4t/hyw/20250530/V0521_22_seg_S1/output0527_4/shard_02/V_6/tracking_boxes.csv,/mnt/data4t/hyw/20250530/V0521_22_seg_S1/output0527_4/shard_02/V_6/keypoints.csv,/mnt/data4t/hyw/20250530/V0521_22_seg_S1/output0527_4/shard_02/V_6/C000069_GX040005_1128_1577.mp4,0,449,1128,1577,1128,0,3071.041,0.0,451.72,535.177,/mnt/data4t/hyw/20250530/BBOX_FAKE/output/visualization_index.csv
old_20250530_0527|GOOD2|C000077_GX110003_4045_4935.mp4,4,old_20250530_0527,train,trn,GOOD2_default_train,no_interaction,fake_interaction,GOOD2,GOOD2,C000077,C000077_E0001,C000077_GX110003_4045_4935.mp4,SV_GX110003_5f4715ded162,GX110003.MP4,/mnt/data4t/hyw/20250530/BBOX_FAKE/output/GOOD2/C000077_GX110003_4045_4935.mp4,,/mnt/data4t/hyw/20250530/Interaction_Annotator-0526/output/annotations/SV_GX110003_5f4715ded162/C000077.csv,/mnt/data4t/hyw/20250530/Interaction_Annotator-0526/output/fake_interaction/SV_GX110003_5f4715ded162/C000077_GX110003_4045_4935.mp4,/mnt/data4t/hyw/20250530/V0521_22_seg_S1/output0527_4/shard_01/V_8,/mnt/data4t/hyw/20250530/V0521_22_seg_S1/output0527_4/shard_01/V_8/manifest.json,/mnt/data4t/hyw/20250530/V0521_22_seg_S1/output0527_4/shard_01/V_8/tracking_boxes.csv,/mnt/data4t/hyw/20250530/V0521_22_seg_S1/output0527_4/shard_01/V_8/keypoints.csv,/mnt/data4t/hyw/20250530/V0521_22_seg_S1/output0527_4/shard_01/V_8/C000077_GX110003_4045_4935.mp4,0,890,4045,4935,4045,0,2395.185,0.0,1255.162,548.97,/mnt/data4t/hyw/20250530/BBOX_FAKE/output/visualization_index.csv
old_20250530_0527|GOOD2|C000078_GX110003_5875_6819.mp4,4,old_20250530_0527,train,trn,GOOD2_default_train,no_interaction,fake_interaction,GOOD2,GOOD2,C000078,C000078_E0001,C000078_GX110003_5875_6819.mp4,SV_GX110003_5f4715ded162,GX110003.MP4,/mnt/data4t/hyw/20250530/BBOX_FAKE/output/GOOD2/C000078_GX110003_5875_6819.mp4,,/mnt/data4t/hyw/20250530/Interaction_Annotator-0526/output/annotations/SV_GX110003_5f4715ded162/C000078.csv,/mnt/data4t/hyw/20250530/Interaction_Annotator-0526/output/fake_interaction/SV_GX110003_5f4715ded162/C000078_GX110003_5875_6819.mp4,/mnt/data4t/hyw/20250530/V0521_22_seg_S1/output0527_4/shard_01/V_9,/mnt/data4t/hyw/20250530/V0521_22_seg_S1/output0527_4/shard_01/V_9/manifest.json,/mnt/data4t/hyw/20250530/V0521_22_seg_S1/output0527_4/shard_01/V_9/tracking_boxes.csv,/mnt/data4t/hyw/20250530/V0521_22_seg_S1/output0527_4/shard_01/V_9/keypoints.csv,/mnt/data4t/hyw/20250530/V0521_22_seg_S1/output0527_4/shard_01/V_9/C000078_GX110003_5875_6819.mp4,0,944,5875,6819,5875,0,2277.944,824.83,1279.3,1148.266,/mnt/data4t/hyw/20250530/BBOX_FAKE/output/visualization_index.csv
old_20250530_0527|GOOD2|C000079_GX110003_6820_7765.mp4,4,old_20250530_0527,train,trn,GOOD2_default_train,no_interaction,fake_interaction,GOOD2,GOOD2,C000079,C000079_E0001,C000079_GX110003_6820_7765.mp4,SV_GX110003_5f4715ded162,GX110003.MP4,/mnt/data4t/hyw/20250530/BBOX_FAKE/output/GOOD2/C000079_GX110003_6820_7765.mp4,,/mnt/data4t/hyw/20250530/Interaction_Annotator-0526/output/annotations/SV_GX110003_5f4715ded162/C000079.csv,/mnt/data4t/hyw/20250530/Interaction_Annotator-0526/output/fake_interaction/SV_GX110003_5f4715ded162/C000079_GX110003_6820_7765.mp4,/mnt/data4t/hyw/20250530/V0521_22_seg_S1/output0527_4/shard_02/V_13,/mnt/data4t/hyw/20250530/V0521_22_seg_S1/output0527_4/shard_02/V_13/manifest.json,/mnt/data4t/hyw/20250530/V0521_22_seg_S1/output0527_4/shard_02/V_13/tracking_boxes.csv,/mnt/data4t/hyw/20250530/V0521_22_seg_S1/output0527_4/shard_02/V_13/keypoints.csv,/mnt/data4t/hyw/20250530/V0521_22_seg_S1/output0527_4/shard_02/V_13/C000079_GX110003_6820_7765.mp4,0,945,6820,7765,6820,0,1643.467,0.0,848.269,583.452,/mnt/data4t/hyw/20250530/BBOX_FAKE/output/visualization_index.csv
old_20250530_0527|GOOD2|C000080_GX110003_8866_9315.mp4,4,old_20250530_0527,train,trn,GOOD2_default_train,no_interaction,fake_interaction,GOOD2,GOOD2,C000080,C000080_E0001,C000080_GX110003_8866_9315.mp4,SV_GX110003_5f4715ded162,GX110003.MP4,/mnt/data4t/hyw/20250530/BBOX_FAKE/output/GOOD2/C000080_GX110003_8866_9315.mp4,,/mnt/data4t/hyw/20250530/Interaction_Annotator-0526/output/annotations/SV_GX110003_5f4715ded162/C000080.csv,/mnt/data4t/hyw/20250530/Interaction_Annotator-0526/output/fake_interaction/SV_GX110003_5f4715ded162/C000080_GX110003_8866_9315.mp4,/mnt/data4t/hyw/20250530/V0521_22_seg_S1/output0527_4/shard_03/V_10,/mnt/data4t/hyw/20250530/V0521_22_seg_S1/output0527_4/shard_03/V_10/manifest.json,/mnt/data4t/hyw/20250530/V0521_22_seg_S1/output0527_4/shard_03/V_10/tracking_boxes.csv,/mnt/data4t/hyw/20250530/V0521_22_seg_S1/output0527_4/shard_03/V_10/keypoints.csv,/mnt/data4t/hyw/20250530/V0521_22_seg_S1/output0527_4/shard_03/V_10/C000080_GX110003_8866_9315.mp4,0,449,8866,9315,8866,0,2412.426,752.417,1427.574,972.406,/mnt/data4t/hyw/20250530/BBOX_FAKE/output/visualization_index.csv
old_20250530_0527|GOOD2|C000081_GX030004_23_805.mp4,4,old_20250530_0527,train,trn,GOOD2_default_train,no_interaction,fake_interaction,GOOD2,GOOD2,C000081,C000081_E0001,C000081_GX030004_23_805.mp4,SV_GX030004_de6072c33024,GX030004.MP4,/mnt/data4t/hyw/20250530/BBOX_FAKE/output/GOOD2/C000081_GX030004_23_805.mp4,,/mnt/data4t/hyw/20250530/Interaction_Annotator-0526/output/annotations/SV_GX030004_de6072c33024/C000081.csv,/mnt/data4t/hyw/20250530/Interaction_Annotator-0526/output/fake_interaction/SV_GX030004_de6072c33024/C000081_GX030004_23_805.mp4,/mnt/data4t/hyw/20250530/V0521_22_seg_S1/output0527_4/shard_02/V_5,/mnt/data4t/hyw/20250530/V0521_22_seg_S1/output0527_4/shard_02/V_5/manifest.json,/mnt/data4t/hyw/20250530/V0521_22_seg_S1/output0527_4/shard_02/V_5/tracking_boxes.csv,/mnt/data4t/hyw/20250530/V0521_22_seg_S1/output0527_4/shard_02/V_5/keypoints.csv,/mnt/data4t/hyw/20250530/V0521_22_seg_S1/output0527_4/shard_02/V_5/C000081_GX030004_23_805.mp4,0,782,23,805,23,0,88.307,390.351,2493.082,899.992,/mnt/data4t/hyw/20250530/BBOX_FAKE/output/visualization_index.csv
old_20250530_0527|GOOD2|C000085_GX020002_2716_3165.mp4,4,old_20250530_0527,train,trn,GOOD2_default_train,no_interaction,fake_interaction,GOOD2,GOOD2,C000085,C000085_E0001,C000085_GX020002_2716_3165.mp4,SV_GX020002_e68817eaa405,GX020002.MP4,/mnt/data4t/hyw/20250530/BBOX_FAKE/output/GOOD2/C000085_GX020002_2716_3165.mp4,,/mnt/data4t/hyw/20250530/Interaction_Annotator-0526/output/annotations/SV_GX020002_e68817eaa405/C000085.csv,/mnt/data4t/hyw/20250530/Interaction_Annotator-0526/output/fake_interaction/SV_GX020002_e68817eaa405/C000085_GX020002_2716_3165.mp4,/mnt/data4t/hyw/20250530/V0521_22_seg_S1/output0527_4/shard_01/V_4,/mnt/data4t/hyw/20250530/V0521_22_seg_S1/output0527_4/shard_01/V_4/manifest.json,/mnt/data4t/hyw/20250530/V0521_22_seg_S1/output0527_4/shard_01/V_4/tracking_boxes.csv,/mnt/data4t/hyw/20250530/V0521_22_seg_S1/output0527_4/shard_01/V_4/keypoints.csv,/mnt/data4t/hyw/20250530/V0521_22_seg_S1/output0527_4/shard_01/V_4/C000085_GX020002_2716_3165.mp4,0,449,2716,3165,2716,0,0.0,0.0,912.438,1304.136,/mnt/data4t/hyw/20250530/BBOX_FAKE/output/visualization_index.csv
old_20250530_0527|GOOD2|C000086_GX020002_13551_14000.mp4,4,old_20250530_0527,train,trn,GOOD2_default_train,no_interaction,fake_interaction,GOOD2,GOOD2,C000086,C000086_E0001,C000086_GX020002_13551_14000.mp4,SV_GX020002_e68817eaa405,GX020002.MP4,/mnt/data4t/hyw/20250530/BBOX_FAKE/output/GOOD2/C000086_GX020002_13551_14000.mp4,,/mnt/data4t/hyw/20250530/Interaction_Annotator-0526/output/annotations/SV_GX020002_e68817eaa405/C000086.csv,/mnt/data4t/hyw/20250530/Interaction_Annotator-0526/output/fake_interaction/SV_GX020002_e68817eaa405/C000086_GX020002_13551_14000.mp4,/mnt/data4t/hyw/20250530/V0521_22_seg_S1/output0527_4/shard_00/V_2,/mnt/data4t/hyw/20250530/V0521_22_seg_S1/output0527_4/shard_00/V_2/manifest.json,/mnt/data4t/hyw/20250530/V0521_22_seg_S1/output0527_4/shard_00/V_2/tracking_boxes.csv,/mnt/data4t/hyw/20250530/V0521_22_seg_S1/output0527_4/shard_00/V_2/keypoints.csv,/mnt/data4t/hyw/20250530/V0521_22_seg_S1/output0527_4/shard_00/V_2/C000086_GX020002_13551_14000.mp4,0,449,13551,14000,13551,0,0.0,45.526,681.406,1082.75,/mnt/data4t/hyw/20250530/BBOX_FAKE/output/visualization_index.csv
old_20250530_0527|GOOD2|C000088_GX020002_15983_16432.mp4,4,old_20250530_0527,train,trn,GOOD2_default_train,no_interaction,fake_interaction,GOOD2,GOOD2,C000088,C000088_E0001,C000088_GX020002_15983_16432.mp4,SV_GX020002_e68817eaa405,GX020002.MP4,/mnt/data4t/hyw/20250530/BBOX_FAKE/output/GOOD2/C000088_GX020002_15983_16432.mp4,,/mnt/data4t/hyw/20250530/Interaction_Annotator-0526/output/annotations/SV_GX020002_e68817eaa405/C000088.csv,/mnt/data4t/hyw/20250530/Interaction_Annotator-0526/output/fake_interaction/SV_GX020002_e68817eaa405/C000088_GX020002_15983_16432.mp4,/mnt/data4t/hyw/20250530/V0521_22_seg_S1/output0527_4/shard_02/V_3,/mnt/data4t/hyw/20250530/V0521_22_seg_S1/output0527_4/shard_02/V_3/manifest.json,/mnt/data4t/hyw/20250530/V0521_22_seg_S1/output0527_4/shard_02/V_3/tracking_boxes.csv,/mnt/data4t/hyw/20250530/V0521_22_seg_S1/output0527_4/shard_02/V_3/keypoints.csv,/mnt/data4t/hyw/20250530/V0521_22_seg_S1/output0527_4/shard_02/V_3/C000088_GX020002_15983_16432.mp4,0,449,15983,16432,15983,0,2912.422,1086.896,927.578,1073.104,/mnt/data4t/hyw/20250530/BBOX_FAKE/output/visualization_index.csv
old_20250530_0527|GOOD2|C000089_GX020002_22308_22757.mp4,4,old_20250530_0527,train,trn,GOOD2_default_train,no_interaction,fake_interaction,GOOD2,GOOD2,C000089,C000089_E0001,C000089_GX020002_22308_22757.mp4,SV_GX020002_e68817eaa405,GX020002.MP4,/mnt/data4t/hyw/20250530/BBOX_FAKE/output/GOOD2/C000089_GX020002_22308_22757.mp4,,/mnt/data4t/hyw/20250530/Interaction_Annotator-0526/output/annotations/SV_GX020002_e68817eaa405/C000089.csv,/mnt/data4t/hyw/20250530/Interaction_Annotator-0526/output/fake_interaction/SV_GX020002_e68817eaa405/C000089_GX020002_22308_22757.mp4,/mnt/data4t/hyw/20250530/V0521_22_seg_S1/output0527_4/shard_00/V_3,/mnt/data4t/hyw/20250530/V0521_22_seg_S1/output0527_4/shard_00/V_3/manifest.json,/mnt/data4t/hyw/20250530/V0521_22_seg_S1/output0527_4/shard_00/V_3/tracking_boxes.csv,/mnt/data4t/hyw/20250530/V0521_22_seg_S1/output0527_4/shard_00/V_3/keypoints.csv,/mnt/data4t/hyw/20250530/V0521_22_seg_S1/output0527_4/shard_00/V_3/C000089_GX020002_22308_22757.mp4,0,449,22308,22757,22308,0,3184.833,1086.896,655.167,1073.104,/mnt/data4t/hyw/20250530/BBOX_FAKE/output/visualization_index.csv
old_20250530_0527|GOOD2|C000090_GX020002_24356_24805.mp4,4,old_20250530_0527,train,trn,GOOD2_default_train,no_interaction,fake_interaction,GOOD2,GOOD2,C000090,C000090_E0001,C000090_GX020002_24356_24805.mp4,SV_GX020002_e68817eaa405,GX020002.MP4,/mnt/data4t/hyw/20250530/BBOX_FAKE/output/GOOD2/C000090_GX020002_24356_24805.mp4,,/mnt/data4t/hyw/20250530/Interaction_Annotator-0526/output/annotations/SV_GX020002_e68817eaa405/C000090.csv,/mnt/data4t/hyw/20250530/Interaction_Annotator-0526/output/fake_interaction/SV_GX020002_e68817eaa405/C000090_GX020002_24356_24805.mp4,/mnt/data4t/hyw/20250530/V0521_22_seg_S1/output0527_4/shard_02/V_4,/mnt/data4t/hyw/20250530/V0521_22_seg_S1/output0527_4/shard_02/V_4/manifest.json,/mnt/data4t/hyw/20250530/V0521_22_seg_S1/output0527_4/shard_02/V_4/tracking_boxes.csv,/mnt/data4t/hyw/20250530/V0521_22_seg_S1/output0527_4/shard_02/V_4/keypoints.csv,/mnt/data4t/hyw/20250530/V0521_22_seg_S1/output0527_4/shard_02/V_4/C000090_GX020002_24356_24805.mp4,0,449,24356,24805,24356,0,2691.734,269.662,1148.266,1596.538,/mnt/data4t/hyw/20250530/BBOX_FAKE/output/visualization_index.csv
old_20250530_0527|GOOD2|C000094_GX020002_34956_35405.mp4,4,old_20250530_0527,train,trn,GOOD2_default_train,no_interaction,fake_interaction,GOOD2,GOOD2,C000094,C000094_E0001,C000094_GX020002_34956_35405.mp4,SV_GX020002_e68817eaa405,GX020002.MP4,/mnt/data4t/hyw/20250530/BBOX_FAKE/output/GOOD2/C000094_GX020002_34956_35405.mp4,,/mnt/data4t/hyw/20250530/Interaction_Annotator-0526/output/annotations/SV_GX020002_e68817eaa405/C000094.csv,/mnt/data4t/hyw/20250530/Interaction_Annotator-0526/output/fake_interaction/SV_GX020002_e68817eaa405/C000094_GX020002_34956_35405.mp4,/mnt/data4t/hyw/20250530/V0521_22_seg_S1/output0527_4/shard_03/V_3,/mnt/data4t/hyw/20250530/V0521_22_seg_S1/output0527_4/shard_03/V_3/manifest.json,/mnt/data4t/hyw/20250530/V0521_22_seg_S1/output0527_4/shard_03/V_3/tracking_boxes.csv,/mnt/data4t/hyw/20250530/V0521_22_seg_S1/output0527_4/shard_03/V_3/keypoints.csv,/mnt/data4t/hyw/20250530/V0521_22_seg_S1/output0527_4/shard_03/V_3/C000094_GX020002_34956_35405.mp4,0,449,34956,35405,34956,0,643.475,1104.138,1982.742,1055.862,/mnt/data4t/hyw/20250530/BBOX_FAKE/output/visualization_index.csv
old_20250530_0527|GOOD2|C000095_GX020002_36053_36502.mp4,4,old_20250530_0527,train,trn,GOOD2_default_train,no_interaction,fake_interaction,GOOD2,GOOD2,C000095,C000095_E0001,C000095_GX020002_36053_36502.mp4,SV_GX020002_e68817eaa405,GX020002.MP4,/mnt/data4t/hyw/20250530/BBOX_FAKE/output/GOOD2/C000095_GX020002_36053_36502.mp4,,/mnt/data4t/hyw/20250530/Interaction_Annotator-0526/output/annotations/SV_GX020002_e68817eaa405/C000095.csv,/mnt/data4t/hyw/20250530/Interaction_Annotator-0526/output/fake_interaction/SV_GX020002_e68817eaa405/C000095_GX020002_36053_36502.mp4,/mnt/data4t/hyw/20250530/V0521_22_seg_S1/output0527_4/shard_00/V_4,/mnt/data4t/hyw/20250530/V0521_22_seg_S1/output0527_4/shard_00/V_4/manifest.json,/mnt/data4t/hyw/20250530/V0521_22_seg_S1/output0527_4/shard_00/V_4/tracking_boxes.csv,/mnt/data4t/hyw/20250530/V0521_22_seg_S1/output0527_4/shard_00/V_4/keypoints.csv,/mnt/data4t/hyw/20250530/V0521_22_seg_S1/output0527_4/shard_00/V_4/C000095_GX020002_36053_36502.mp4,0,449,36053,36502,36053,0,1108.989,248.973,1210.335,1911.027,/mnt/data4t/hyw/20250530/BBOX_FAKE/output/visualization_index.csv
old_20250530_0527|GOOD2|C000096_GX020002_37360_38570.mp4,4,old_20250530_0527,train,trn,GOOD2_default_train,no_interaction,fake_interaction,GOOD2,GOOD2,C000096,C000096_E0001,C000096_GX020002_37360_38570.mp4,SV_GX020002_e68817eaa405,GX020002.MP4,/mnt/data4t/hyw/20250530/BBOX_FAKE/output/GOOD2/C000096_GX020002_37360_38570.mp4,,/mnt/data4t/hyw/20250530/Interaction_Annotator-0526/output/annotations/SV_GX020002_e68817eaa405/C000096.csv,/mnt/data4t/hyw/20250530/Interaction_Annotator-0526/output/fake_interaction/SV_GX020002_e68817eaa405/C000096_GX020002_37360_38570.mp4,/mnt/data4t/hyw/20250530/V0521_22_seg_S1/output0527_4/shard_03/V_4,/mnt/data4t/hyw/20250530/V0521_22_seg_S1/output0527_4/shard_03/V_4/manifest.json,/mnt/data4t/hyw/20250530/V0521_22_seg_S1/output0527_4/shard_03/V_4/tracking_boxes.csv,/mnt/data4t/hyw/20250530/V0521_22_seg_S1/output0527_4/shard_03/V_4/keypoints.csv,/mnt/data4t/hyw/20250530/V0521_22_seg_S1/output0527_4/shard_03/V_4/C000096_GX020002_37360_38570.mp4,0,1210,37360,38570,37360,0,822.784,804.14,1606.883,1355.86,/mnt/data4t/hyw/20250530/BBOX_FAKE/output/visualization_index.csv
old_20250530_0527|GOOD2|C000101_GX020005_443_892.mp4,4,old_20250530_0527,train,trn,GOOD2_default_train,no_interaction,fake_interaction,GOOD2,GOOD2,C000101,C000101_E0001,C000101_GX020005_443_892.mp4,SV_GX020005_c084f9dfacf9,GX020005.MP4,/mnt/data4t/hyw/20250530/BBOX_FAKE/output/GOOD2/C000101_GX020005_443_892.mp4,,/mnt/data4t/hyw/20250530/Interaction_Annotator-0526/output/annotations/SV_GX020005_c084f9dfacf9/C000101.csv,/mnt/data4t/hyw/20250530/Interaction_Annotator-0526/output/fake_interaction/SV_GX020005_c084f9dfacf9/C000101_GX020005_443_892.mp4,/mnt/data4t/hyw/20250530/V0521_22_seg_S1/output0527_4/shard_00/V_5,/mnt/data4t/hyw/20250530/V0521_22_seg_S1/output0527_4/shard_00/V_5/manifest.json,/mnt/data4t/hyw/20250530/V0521_22_seg_S1/output0527_4/shard_00/V_5/tracking_boxes.csv,/mnt/data4t/hyw/20250530/V0521_22_seg_S1/output0527_4/shard_00/V_5/keypoints.csv,/mnt/data4t/hyw/20250530/V0521_22_seg_S1/output0527_4/shard_00/V_5/C000101_GX020005_443_892.mp4,0,449,443,892,443,0,2098.635,421.385,1379.299,1389.643,/mnt/data4t/hyw/20250530/BBOX_FAKE/output/visualization_index.csv
old_20250530_0527|GOOD2|C000105_GX060006_4178_4627.mp4,4,old_20250530_0527,train,trn,GOOD2_default_train,no_interaction,fake_interaction,GOOD2,GOOD2,C000105,C000105_E0001,C000105_GX060006_4178_4627.mp4,SV_GX060006_9276b8532b1d,GX060006.MP4,/mnt/data4t/hyw/20250530/BBOX_FAKE/output/GOOD2/C000105_GX060006_4178_4627.mp4,,/mnt/data4t/hyw/20250530/Interaction_Annotator-0526/output/annotations/SV_GX060006_9276b8532b1d/C000105.csv,/mnt/data4t/hyw/20250530/Interaction_Annotator-0526/output/fake_interaction/SV_GX060006_9276b8532b1d/C000105_GX060006_4178_4627.mp4,/mnt/data4t/hyw/20250530/V0521_22_seg_S1/output0527_4/shard_01/V_7,/mnt/data4t/hyw/20250530/V0521_22_seg_S1/output0527_4/shard_01/V_7/manifest.json,/mnt/data4t/hyw/20250530/V0521_22_seg_S1/output0527_4/shard_01/V_7/tracking_boxes.csv,/mnt/data4t/hyw/20250530/V0521_22_seg_S1/output0527_4/shard_01/V_7/keypoints.csv,/mnt/data4t/hyw/20250530/V0521_22_seg_S1/output0527_4/shard_01/V_7/C000105_GX060006_4178_4627.mp4,0,449,4178,4627,4178,0,3.566,299.016,1049.18,881.311,/mnt/data4t/hyw/20250530/BBOX_FAKE/output/visualization_index.csv
old_20250530_0527|GOOD2|C000106_GX160003_58_770.mp4,4,old_20250530_0527,train,trn,GOOD2_default_train,no_interaction,fake_interaction,GOOD2,GOOD2,C000106,C000106_E0001,C000106_GX160003_58_770.mp4,SV_GX160003_f5f50ffb2a32,GX160003.MP4,/mnt/data4t/hyw/20250530/BBOX_FAKE/output/GOOD2/C000106_GX160003_58_770.mp4,,/mnt/data4t/hyw/20250530/Interaction_Annotator-0526/output/annotations/SV_GX160003_f5f50ffb2a32/C000106.csv,/mnt/data4t/hyw/20250530/Interaction_Annotator-0526/output/fake_interaction/SV_GX160003_f5f50ffb2a32/C000106_GX160003_58_770.mp4,/mnt/data4t/hyw/20250530/V0521_22_seg_S1/output0527_4/shard_01/V_14,/mnt/data4t/hyw/20250530/V0521_22_seg_S1/output0527_4/shard_01/V_14/manifest.json,/mnt/data4t/hyw/20250530/V0521_22_seg_S1/output0527_4/shard_01/V_14/tracking_boxes.csv,/mnt/data4t/hyw/20250530/V0521_22_seg_S1/output0527_4/shard_01/V_14/keypoints.csv,/mnt/data4t/hyw/20250530/V0521_22_seg_S1/output0527_4/shard_01/V_14/C000106_GX160003_58_770.mp4,0,712,58,770,58,0,888.301,935.174,1137.921,1224.826,/mnt/data4t/hyw/20250530/BBOX_FAKE/output/visualization_index.csv
old_20250530_0527|GOOD2|C000107_GX160003_1221_2100.mp4,4,old_20250530_0527,train,trn,GOOD2_default_train,no_interaction,fake_interaction,GOOD2,GOOD2,C000107,C000107_E0001,C000107_GX160003_1221_2100.mp4,SV_GX160003_f5f50ffb2a32,GX160003.MP4,/mnt/data4t/hyw/20250530/BBOX_FAKE/output/GOOD2/C000107_GX160003_1221_2100.mp4,,/mnt/data4t/hyw/20250530/Interaction_Annotator-0526/output/annotations/SV_GX160003_f5f50ffb2a32/C000107.csv,/mnt/data4t/hyw/20250530/Interaction_Annotator-0526/output/fake_interaction/SV_GX160003_f5f50ffb2a32/C000107_GX160003_1221_2100.mp4,/mnt/data4t/hyw/20250530/V0521_22_seg_S1/output0527_4/shard_03/V_14,/mnt/data4t/hyw/20250530/V0521_22_seg_S1/output0527_4/shard_03/V_14/manifest.json,/mnt/data4t/hyw/20250530/V0521_22_seg_S1/output0527_4/shard_03/V_14/tracking_boxes.csv,/mnt/data4t/hyw/20250530/V0521_22_seg_S1/output0527_4/shard_03/V_14/keypoints.csv,/mnt/data4t/hyw/20250530/V0521_22_seg_S1/output0527_4/shard_03/V_14/C000107_GX160003_1221_2100.mp4,0,879,1221,2100,1221,0,305.547,107.594,3534.453,1513.78,/mnt/data4t/hyw/20250530/BBOX_FAKE/output/visualization_index.csv
old_20250530_0527|GOOD2|C000108_GX080005_1166_1615.mp4,4,old_20250530_0527,train,trn,GOOD2_default_train,no_interaction,fake_interaction,GOOD2,GOOD2,C000108,C000108_E0001,C000108_GX080005_1166_1615.mp4,SV_GX080005_d0a2817b6db7,GX080005.MP4,/mnt/data4t/hyw/20250530/BBOX_FAKE/output/GOOD2/C000108_GX080005_1166_1615.mp4,,/mnt/data4t/hyw/20250530/Interaction_Annotator-0526/output/annotations/SV_GX080005_d0a2817b6db7/C000108.csv,/mnt/data4t/hyw/20250530/Interaction_Annotator-0526/output/fake_interaction/SV_GX080005_d0a2817b6db7/C000108_GX080005_1166_1615.mp4,/mnt/data4t/hyw/20250530/V0521_22_seg_S1/output0527_4/shard_02/V_11,/mnt/data4t/hyw/20250530/V0521_22_seg_S1/output0527_4/shard_02/V_11/manifest.json,/mnt/data4t/hyw/20250530/V0521_22_seg_S1/output0527_4/shard_02/V_11/tracking_boxes.csv,/mnt/data4t/hyw/20250530/V0521_22_seg_S1/output0527_4/shard_02/V_11/keypoints.csv,/mnt/data4t/hyw/20250530/V0521_22_seg_S1/output0527_4/shard_02/V_11/C000108_GX080005_1166_1615.mp4,0,449,1166,1615,1166,0,146.928,135.18,3596.521,1924.122,/mnt/data4t/hyw/20250530/BBOX_FAKE/output/visualization_index.csv
old_20250530_0527|GOOD2|C000111_GX080005_6006_6455.mp4,4,old_20250530_0527,train,trn,GOOD2_default_train,no_interaction,fake_interaction,GOOD2,GOOD2,C000111,C000111_E0001,C000111_GX080005_6006_6455.mp4,SV_GX080005_d0a2817b6db7,GX080005.MP4,/mnt/data4t/hyw/20250530/BBOX_FAKE/output/GOOD2/C000111_GX080005_6006_6455.mp4,,/mnt/data4t/hyw/20250530/Interaction_Annotator-0526/output/annotations/SV_GX080005_d0a2817b6db7/C000111.csv,/mnt/data4t/hyw/20250530/Interaction_Annotator-0526/output/fake_interaction/SV_GX080005_d0a2817b6db7/C000111_GX080005_6006_6455.mp4,/mnt/data4t/hyw/20250530/V0521_22_seg_S1/output0527_4/shard_03/V_9,/mnt/data4t/hyw/20250530/V0521_22_seg_S1/output0527_4/shard_03/V_9/manifest.json,/mnt/data4t/hyw/20250530/V0521_22_seg_S1/output0527_4/shard_03/V_9/tracking_boxes.csv,/mnt/data4t/hyw/20250530/V0521_22_seg_S1/output0527_4/shard_03/V_9/keypoints.csv,/mnt/data4t/hyw/20250530/V0521_22_seg_S1/output0527_4/shard_03/V_9/C000111_GX080005_6006_6455.mp4,0,449,6006,6455,6006,0,0.0,0.0,440.029,786.899,/mnt/data4t/hyw/20250530/BBOX_FAKE/output/visualization_index.csv
old_20250530_0527|GOOD|C000001_GX040006_2861_3310.mp4,4,old_20250530_0527,train,trn,GOOD_default_train,unfriendly,unfriendly,GOOD,,C000001,C000001_E0001,C000001_GX040006_2861_3310.mp4,SV_GX040006_66cb09d84ca5,GX040006.MP4,/mnt/data4t/hyw/20250530/BBOX_VIS-0527-V2/output/GOOD/C000001_GX040006_2861_3310.mp4,/mnt/data4t/hyw/20250530/BBOX_VIS-0527-V2/output_selected_IDs/C000001_GX040006_2861_3310.mp4.csv,/mnt/data4t/hyw/20250530/Interaction_Annotator-0526/output/annotations/SV_GX040006_66cb09d84ca5/C000001.csv,/mnt/data4t/hyw/20250530/Interaction_Annotator-0526/output/videos/SV_GX040006_66cb09d84ca5/C000001_GX040006_2861_3310.mp4,/mnt/data4t/hyw/20250530/V0521_22_seg_S1/output0527_4/shard_03/V_19,/mnt/data4t/hyw/20250530/V0521_22_seg_S1/output0527_4/shard_03/V_19/manifest.json,/mnt/data4t/hyw/20250530/V0521_22_seg_S1/output0527_4/shard_03/V_19/tracking_boxes.csv,/mnt/data4t/hyw/20250530/V0521_22_seg_S1/output0527_4/shard_03/V_19/keypoints.csv,/mnt/data4t/hyw/20250530/V0521_22_seg_S1/output0527_4/shard_03/V_19/C000001_GX040006_2861_3310.mp4,0,449,2861,3310,2861,0,1026.516,1851.803,902.295,1725.902,/mnt/data4t/hyw/20250530/BBOX_VIS-0527-V2/output/visualization_index.csv
old_20250530_0527|GOOD|C000008_GX040006_39560_40950.mp4,4,old_20250530_0527,train,trn,GOOD_default_train,unfriendly,unfriendly,GOOD,,C000008,C000008_E0001,C000008_GX040006_39560_40950.mp4,SV_GX040006_66cb09d84ca5,GX040006.MP4,/mnt/data4t/hyw/20250530/BBOX_VIS-0527-V2/output/GOOD/C000008_GX040006_39560_40950.mp4,/mnt/data4t/hyw/20250530/BBOX_VIS-0527-V2/output_selected_IDs/C000008_GX040006_39560_40950.mp4.csv,/mnt/data4t/hyw/20250530/Interaction_Annotator-0526/output/annotations/SV_GX040006_66cb09d84ca5/C000008.csv,/mnt/data4t/hyw/20250530/Interaction_Annotator-0526/output/videos/SV_GX040006_66cb09d84ca5/C000008_GX040006_39560_40950.mp4,/mnt/data4t/hyw/20250530/V0521_22_seg_S1/output0527_4/shard_01/V_17,/mnt/data4t/hyw/20250530/V0521_22_seg_S1/output0527_4/shard_01/V_17/manifest.json,/mnt/data4t/hyw/20250530/V0521_22_seg_S1/output0527_4/shard_01/V_17/tracking_boxes.csv,/mnt/data4t/hyw/20250530/V0521_22_seg_S1/output0527_4/shard_01/V_17/keypoints.csv,/mnt/data4t/hyw/20250530/V0521_22_seg_S1/output0527_4/shard_01/V_17/C000008_GX040006_39560_40950.mp4,0,171,40767,40938,40767,0,77.008,2108.852,1033.443,1227.541,/mnt/data4t/hyw/20250530/BBOX_VIS-0527-V2/output/visualization_index.csv
old_20250530_0527|GOOD|C000013_GX040006_48558_49007.mp4,4,old_20250530_0527,train,trn,GOOD_default_train,unfriendly,unfriendly,GOOD,,C000013,C000013_E0001,C000013_GX040006_48558_49007.mp4,SV_GX040006_66cb09d84ca5,GX040006.MP4,/mnt/data4t/hyw/20250530/BBOX_VIS-0527-V2/output/GOOD/C000013_GX040006_48558_49007.mp4,/mnt/data4t/hyw/20250530/BBOX_VIS-0527-V2/output_selected_IDs/C000013_GX040006_48558_49007.mp4.csv,/mnt/data4t/hyw/20250530/Interaction_Annotator-0526/output/annotations/SV_GX040006_66cb09d84ca5/C000013.csv,/mnt/data4t/hyw/20250530/Interaction_Annotator-0526/output/videos/SV_GX040006_66cb09d84ca5/C000013_GX040006_48558_49007.mp4,/mnt/data4t/hyw/20250530/V0521_22_seg_S1/output0527_4/shard_01/V_18,/mnt/data4t/hyw/20250530/V0521_22_seg_S1/output0527_4/shard_01/V_18/manifest.json,/mnt/data4t/hyw/20250530/V0521_22_seg_S1/output0527_4/shard_01/V_18/tracking_boxes.csv,/mnt/data4t/hyw/20250530/V0521_22_seg_S1/output0527_4/shard_01/V_18/keypoints.csv,/mnt/data4t/hyw/20250530/V0521_22_seg_S1/output0527_4/shard_01/V_18/C000013_GX040006_48558_49007.mp4,0,449,48558,49007,48558,0,8.811,225.574,1363.934,482.623,/mnt/data4t/hyw/20250530/BBOX_VIS-0527-V2/output/visualization_index.csv
old_20250530_0527|GOOD|C000038_GX130003_7493_7942.mp4,4,old_20250530_0527,train,trn,GOOD_default_train,unfriendly,unfriendly,GOOD,,C000038,C000038_E0001,C000038_GX130003_7493_7942.mp4,SV_GX130003_988b84d3ed1c,GX130003.MP4,/mnt/data4t/hyw/20250530/BBOX_VIS-0527-V2/output/GOOD/C000038_GX130003_7493_7942.mp4,/mnt/data4t/hyw/20250530/BBOX_VIS-0527-V2/output_selected_IDs/C000038_GX130003_7493_7942.mp4.csv,/mnt/data4t/hyw/20250530/Interaction_Annotator-0526/output/annotations/SV_GX130003_988b84d3ed1c/C000038.csv,/mnt/data4t/hyw/20250530/Interaction_Annotator-0526/output/videos/SV_GX130003_988b84d3ed1c/C000038_GX130003_7493_7942.mp4,/mnt/data4t/hyw/20250530/V0521_22_seg_S1/output0527_4/shard_01/V_21,/mnt/data4t/hyw/20250530/V0521_22_seg_S1/output0527_4/shard_01/V_21/manifest.json,/mnt/data4t/hyw/20250530/V0521_22_seg_S1/output0527_4/shard_01/V_21/tracking_boxes.csv,/mnt/data4t/hyw/20250530/V0521_22_seg_S1/output0527_4/shard_01/V_21/keypoints.csv,/mnt/data4t/hyw/20250530/V0521_22_seg_S1/output0527_4/shard_01/V_21/C000038_GX130003_7493_7942.mp4,0,361,7493,7854,7493,0,326.236,1000.69,1648.262,1072.405,/mnt/data4t/hyw/20250530/BBOX_VIS-0527-V2/output/visualization_index.csv
old_20250530_0527|GOOD|C000041_GX130003_11425_12415.mp4,4,old_20250530_0527,train,trn,GOOD_default_train,unfriendly,unfriendly,GOOD,,C000041,C000041_E0001,C000041_GX130003_11425_12415.mp4,SV_GX130003_988b84d3ed1c,GX130003.MP4,/mnt/data4t/hyw/20250530/BBOX_VIS-0527-V2/output/GOOD/C000041_GX130003_11425_12415.mp4,/mnt/data4t/hyw/20250530/BBOX_VIS-0527-V2/output_selected_IDs/C000041_GX130003_11425_12415.mp4.csv,/mnt/data4t/hyw/20250530/Interaction_Annotator-0526/output/annotations/SV_GX130003_988b84d3ed1c/C000041.csv,/mnt/data4t/hyw/20250530/Interaction_Annotator-0526/output/videos/SV_GX130003_988b84d3ed1c/C000041_GX130003_11425_12415.mp4,/mnt/data4t/hyw/20250530/V0521_22_seg_S1/output0527_4/shard_00/V_20,/mnt/data4t/hyw/20250530/V0521_22_seg_S1/output0527_4/shard_00/V_20/manifest.json,/mnt/data4t/hyw/20250530/V0521_22_seg_S1/output0527_4/shard_00/V_20/tracking_boxes.csv,/mnt/data4t/hyw/20250530/V0521_22_seg_S1/output0527_4/shard_00/V_20/keypoints.csv,/mnt/data4t/hyw/20250530/V0521_22_seg_S1/output0527_4/shard_00/V_20/C000041_GX130003_11425_12415.mp4,0,990,11425,12415,11425,0,653.82,1021.38,1262.058,944.82,/mnt/data4t/hyw/20250530/BBOX_VIS-0527-V2/output/visualization_index.csv
old_20250530_0527|GOOD|C000063_GX090007_1970_2605.mp4,4,old_20250530_0527,train,trn,GOOD_default_train,unfriendly,unfriendly,GOOD,,C000063,C000063_E0001,C000063_GX090007_1970_2605.mp4,SV_GX090007_fe562d437125,GX090007.MP4,/mnt/data4t/hyw/20250530/BBOX_VIS-0527-V2/output/GOOD/C000063_GX090007_1970_2605.mp4,/mnt/data4t/hyw/20250530/BBOX_VIS-0527-V2/output_selected_IDs/C000063_GX090007_1970_2605.mp4.csv,/mnt/data4t/hyw/20250530/Interaction_Annotator-0526/output/annotations/SV_GX090007_fe562d437125/C000063.csv,/mnt/data4t/hyw/20250530/Interaction_Annotator-0526/output/videos/SV_GX090007_fe562d437125/C000063_GX090007_1970_2605.mp4,/mnt/data4t/hyw/20250530/V0521_22_seg_S1/output0527_4/shard_01/V_20,/mnt/data4t/hyw/20250530/V0521_22_seg_S1/output0527_4/shard_01/V_20/manifest.json,/mnt/data4t/hyw/20250530/V0521_22_seg_S1/output0527_4/shard_01/V_20/tracking_boxes.csv,/mnt/data4t/hyw/20250530/V0521_22_seg_S1/output0527_4/shard_01/V_20/keypoints.csv,/mnt/data4t/hyw/20250530/V0521_22_seg_S1/output0527_4/shard_01/V_20/C000063_GX090007_1970_2605.mp4,0,333,2033,2366,2033,0,2691.734,804.14,575.857,862.062,/mnt/data4t/hyw/20250530/BBOX_VIS-0527-V2/output/visualization_index.csv
old_20250530_0527|GOOD|C000065_GX030005_43968_44417.mp4,4,old_20250530_0527,train,trn,GOOD_default_train,unfriendly,unfriendly,GOOD,,C000065,C000065_E0001,C000065_GX030005_43968_44417.mp4,SV_GX030005_66bfcc1c3603,GX030005.MP4,/mnt/data4t/hyw/20250530/BBOX_VIS-0527-V2/output/GOOD/C000065_GX030005_43968_44417.mp4,/mnt/data4t/hyw/20250530/BBOX_VIS-0527-V2/output_selected_IDs/C000065_GX030005_43968_44417.mp4.csv,/mnt/data4t/hyw/20250530/Interaction_Annotator-0526/output/annotations/SV_GX030005_66bfcc1c3603/C000065.csv,/mnt/data4t/hyw/20250530/Interaction_Annotator-0526/output/videos/SV_GX030005_66bfcc1c3603/C000065_GX030005_43968_44417.mp4,/mnt/data4t/hyw/20250530/V0521_22_seg_S1/output0527_4/shard_00/V_17,/mnt/data4t/hyw/20250530/V0521_22_seg_S1/output0527_4/shard_00/V_17/manifest.json,/mnt/data4t/hyw/20250530/V0521_22_seg_S1/output0527_4/shard_00/V_17/tracking_boxes.csv,/mnt/data4t/hyw/20250530/V0521_22_seg_S1/output0527_4/shard_00/V_17/keypoints.csv,/mnt/data4t/hyw/20250530/V0521_22_seg_S1/output0527_4/shard_00/V_17/C000065_GX030005_43968_44417.mp4,0,226,44050,44276,44050,0,779.959,2528.525,1070.164,1064.918,/mnt/data4t/hyw/20250530/BBOX_VIS-0527-V2/output/visualization_index.csv
old_20250530_0527|GOOD|C000083_GX010007_75_1372.mp4,4,old_20250530_0527,train,trn,GOOD_default_train,unfriendly,unfriendly,GOOD,,C000083,C000083_E0001,C000083_GX010007_75_1372.mp4,SV_GX010007_c363173b8fa2,GX010007.MP4,/mnt/data4t/hyw/20250530/BBOX_VIS-0527-V2/output/GOOD/C000083_GX010007_75_1372.mp4,/mnt/data4t/hyw/20250530/BBOX_VIS-0527-V2/output_selected_IDs/C000083_GX010007_75_1372.mp4.csv,/mnt/data4t/hyw/20250530/Interaction_Annotator-0526/output/annotations/SV_GX010007_c363173b8fa2/C000083.csv,/mnt/data4t/hyw/20250530/Interaction_Annotator-0526/output/videos/SV_GX010007_c363173b8fa2/C000083_GX010007_75_1372.mp4,/mnt/data4t/hyw/20250530/V0521_22_seg_S1/output0527_4/shard_00/V_16,/mnt/data4t/hyw/20250530/V0521_22_seg_S1/output0527_4/shard_00/V_16/manifest.json,/mnt/data4t/hyw/20250530/V0521_22_seg_S1/output0527_4/shard_00/V_16/tracking_boxes.csv,/mnt/data4t/hyw/20250530/V0521_22_seg_S1/output0527_4/shard_00/V_16/keypoints.csv,/mnt/data4t/hyw/20250530/V0521_22_seg_S1/output0527_4/shard_00/V_16/C000083_GX010007_75_1372.mp4,0,737,536,1273,536,0,615.889,1373.101,682.753,372.411,/mnt/data4t/hyw/20250530/BBOX_VIS-0527-V2/output/visualization_index.csv
old_20250530_0527|GOOD2|C000026_GX010007_3035_3979.mp4,4,old_20250530_0527,val,val,GOOD2_random_to_val_4,no_interaction,fake_interaction,GOOD2,GOOD2,C000026,C000026_E0001,C000026_GX010007_3035_3979.mp4,SV_GX010007_8368f7e5e148,GX010007.MP4,/mnt/data4t/hyw/20250530/BBOX_FAKE/output/GOOD2/C000026_GX010007_3035_3979.mp4,,/mnt/data4t/hyw/20250530/Interaction_Annotator-0526/output/annotations/SV_GX010007_8368f7e5e148/C000026.csv,/mnt/data4t/hyw/20250530/Interaction_Annotator-0526/output/fake_interaction/SV_GX010007_8368f7e5e148/C000026_GX010007_3035_3979.mp4,/mnt/data4t/hyw/20250530/V0521_22_seg_S1/output0527_4/shard_00/V_1,/mnt/data4t/hyw/20250530/V0521_22_seg_S1/output0527_4/shard_00/V_1/manifest.json,/mnt/data4t/hyw/20250530/V0521_22_seg_S1/output0527_4/shard_00/V_1/tracking_boxes.csv,/mnt/data4t/hyw/20250530/V0521_22_seg_S1/output0527_4/shard_00/V_1/keypoints.csv,/mnt/data4t/hyw/20250530/V0521_22_seg_S1/output0527_4/shard_00/V_1/C000026_GX010007_3035_3979.mp4,0,944,3035,3979,3035,0,0.0,855.864,1529.675,1175.852,/mnt/data4t/hyw/20250530/BBOX_FAKE/output/visualization_index.csv
old_20250530_0527|GOOD2|C000039_GX130003_8698_9147.mp4,4,old_20250530_0527,val,val,GOOD2_random_to_val_4,no_interaction,fake_interaction,GOOD2,GOOD2,C000039,C000039_E0001,C000039_GX130003_8698_9147.mp4,SV_GX130003_988b84d3ed1c,GX130003.MP4,/mnt/data4t/hyw/20250530/BBOX_FAKE/output/GOOD2/C000039_GX130003_8698_9147.mp4,,/mnt/data4t/hyw/20250530/Interaction_Annotator-0526/output/annotations/SV_GX130003_988b84d3ed1c/C000039.csv,/mnt/data4t/hyw/20250530/Interaction_Annotator-0526/output/fake_interaction/SV_GX130003_988b84d3ed1c/C000039_GX130003_8698_9147.mp4,/mnt/data4t/hyw/20250530/V0521_22_seg_S1/output0527_4/shard_02/V_15,/mnt/data4t/hyw/20250530/V0521_22_seg_S1/output0527_4/shard_02/V_15/manifest.json,/mnt/data4t/hyw/20250530/V0521_22_seg_S1/output0527_4/shard_02/V_15/tracking_boxes.csv,/mnt/data4t/hyw/20250530/V0521_22_seg_S1/output0527_4/shard_02/V_15/keypoints.csv,/mnt/data4t/hyw/20250530/V0521_22_seg_S1/output0527_4/shard_02/V_15/C000039_GX130003_8698_9147.mp4,0,449,8698,9147,8698,0,588.303,962.76,1289.644,1117.232,/mnt/data4t/hyw/20250530/BBOX_FAKE/output/visualization_index.csv
old_20250530_0527|GOOD2|C000082_GX030004_1206_1655.mp4,4,old_20250530_0527,val,val,GOOD2_random_to_val_4,no_interaction,fake_interaction,GOOD2,GOOD2,C000082,C000082_E0001,C000082_GX030004_1206_1655.mp4,SV_GX030004_de6072c33024,GX030004.MP4,/mnt/data4t/hyw/20250530/BBOX_FAKE/output/GOOD2/C000082_GX030004_1206_1655.mp4,,/mnt/data4t/hyw/20250530/Interaction_Annotator-0526/output/annotations/SV_GX030004_de6072c33024/C000082.csv,/mnt/data4t/hyw/20250530/Interaction_Annotator-0526/output/fake_interaction/SV_GX030004_de6072c33024/C000082_GX030004_1206_1655.mp4,/mnt/data4t/hyw/20250530/V0521_22_seg_S1/output0527_4/shard_01/V_5,/mnt/data4t/hyw/20250530/V0521_22_seg_S1/output0527_4/shard_01/V_5/manifest.json,/mnt/data4t/hyw/20250530/V0521_22_seg_S1/output0527_4/shard_01/V_5/tracking_boxes.csv,/mnt/data4t/hyw/20250530/V0521_22_seg_S1/output0527_4/shard_01/V_5/keypoints.csv,/mnt/data4t/hyw/20250530/V0521_22_seg_S1/output0527_4/shard_01/V_5/C000082_GX030004_1206_1655.mp4,0,449,1206,1655,1206,0,384.857,204.145,1772.399,1137.921,/mnt/data4t/hyw/20250530/BBOX_FAKE/output/visualization_index.csv
old_20250530_0527|GOOD2|C000087_GX020002_14330_15110.mp4,4,old_20250530_0527,val,val,GOOD2_random_to_val_4,no_interaction,fake_interaction,GOOD2,GOOD2,C000087,C000087_E0001,C000087_GX020002_14330_15110.mp4,SV_GX020002_e68817eaa405,GX020002.MP4,/mnt/data4t/hyw/20250530/BBOX_FAKE/output/GOOD2/C000087_GX020002_14330_15110.mp4,,/mnt/data4t/hyw/20250530/Interaction_Annotator-0526/output/annotations/SV_GX020002_e68817eaa405/C000087.csv,/mnt/data4t/hyw/20250530/Interaction_Annotator-0526/output/fake_interaction/SV_GX020002_e68817eaa405/C000087_GX020002_14330_15110.mp4,/mnt/data4t/hyw/20250530/V0521_22_seg_S1/output0527_4/shard_03/V_2,/mnt/data4t/hyw/20250530/V0521_22_seg_S1/output0527_4/shard_03/V_2/manifest.json,/mnt/data4t/hyw/20250530/V0521_22_seg_S1/output0527_4/shard_03/V_2/tracking_boxes.csv,/mnt/data4t/hyw/20250530/V0521_22_seg_S1/output0527_4/shard_03/V_2/keypoints.csv,/mnt/data4t/hyw/20250530/V0521_22_seg_S1/output0527_4/shard_03/V_2/C000087_GX020002_14330_15110.mp4,0,780,14330,15110,14330,0,2529.666,521.384,1227.576,1496.539,/mnt/data4t/hyw/20250530/BBOX_FAKE/output/visualization_index.csv
old_20250530_0527|GOOD|C000058_GX040004_23_472.mp4,4,old_20250530_0527,val,val,GOOD_random_to_val_unfriendly_3,unfriendly,unfriendly,GOOD,,C000058,C000058_E0001,C000058_GX040004_23_472.mp4,SV_GX040004_fae29c1373a9,GX040004.MP4,/mnt/data4t/hyw/20250530/BBOX_VIS-0527-V2/output/GOOD/C000058_GX040004_23_472.mp4,/mnt/data4t/hyw/20250530/BBOX_VIS-0527-V2/output_selected_IDs/C000058_GX040004_23_472.mp4.csv,/mnt/data4t/hyw/20250530/Interaction_Annotator-0526/output/annotations/SV_GX040004_fae29c1373a9/C000058.csv,/mnt/data4t/hyw/20250530/Interaction_Annotator-0526/output/videos/SV_GX040004_fae29c1373a9/C000058_GX040004_23_472.mp4,/mnt/data4t/hyw/20250530/V0521_22_seg_S1/output0527_4/shard_01/V_15,/mnt/data4t/hyw/20250530/V0521_22_seg_S1/output0527_4/shard_01/V_15/manifest.json,/mnt/data4t/hyw/20250530/V0521_22_seg_S1/output0527_4/shard_01/V_15/tracking_boxes.csv,/mnt/data4t/hyw/20250530/V0521_22_seg_S1/output0527_4/shard_01/V_15/keypoints.csv,/mnt/data4t/hyw/20250530/V0521_22_seg_S1/output0527_4/shard_01/V_15/C000058_GX040004_23_472.mp4,0,190,274,464,274,0,0.0,131.732,708.992,865.51,/mnt/data4t/hyw/20250530/BBOX_VIS-0527-V2/output/visualization_index.csv
old_20250530_0527|GOOD|C000097_GX140003_75_715.mp4,4,old_20250530_0527,val,val,GOOD_random_to_val_unfriendly_3,unfriendly,unfriendly,GOOD,,C000097,C000097_E0001,C000097_GX140003_75_715.mp4,SV_GX140003_1995fa895d32,GX140003.MP4,/mnt/data4t/hyw/20250530/BBOX_VIS-0527-V2/output/GOOD/C000097_GX140003_75_715.mp4,/mnt/data4t/hyw/20250530/BBOX_VIS-0527-V2/output_selected_IDs/C000097_GX140003_75_715.mp4.csv,/mnt/data4t/hyw/20250530/Interaction_Annotator-0526/output/annotations/SV_GX140003_1995fa895d32/C000097.csv,/mnt/data4t/hyw/20250530/Interaction_Annotator-0526/output/videos/SV_GX140003_1995fa895d32/C000097_GX140003_75_715.mp4,/mnt/data4t/hyw/20250530/V0521_22_seg_S1/output0527_4/shard_02/V_21,/mnt/data4t/hyw/20250530/V0521_22_seg_S1/output0527_4/shard_02/V_21/manifest.json,/mnt/data4t/hyw/20250530/V0521_22_seg_S1/output0527_4/shard_02/V_21/tracking_boxes.csv,/mnt/data4t/hyw/20250530/V0521_22_seg_S1/output0527_4/shard_02/V_21/keypoints.csv,/mnt/data4t/hyw/20250530/V0521_22_seg_S1/output0527_4/shard_02/V_21/C000097_GX140003_75_715.mp4,0,129,582,711,582,0,3477.934,766.21,334.48,1079.301,/mnt/data4t/hyw/20250530/BBOX_VIS-0527-V2/output/visualization_index.csv
old_20250530_0527|GOOD|C000100_GX140005_4001_4450.mp4,4,old_20250530_0527,val,val,GOOD_random_to_val_unfriendly_3,unfriendly,unfriendly,GOOD,,C000100,C000100_E0001,C000100_GX140005_4001_4450.mp4,SV_GX140005_0b072374294f,GX140005.MP4,/mnt/data4t/hyw/20250530/BBOX_VIS-0527-V2/output/GOOD/C000100_GX140005_4001_4450.mp4,/mnt/data4t/hyw/20250530/BBOX_VIS-0527-V2/output_selected_IDs/C000100_GX140005_4001_4450.mp4.csv,/mnt/data4t/hyw/20250530/Interaction_Annotator-0526/output/annotations/SV_GX140005_0b072374294f/C000100.csv,/mnt/data4t/hyw/20250530/Interaction_Annotator-0526/output/videos/SV_GX140005_0b072374294f/C000100_GX140005_4001_4450.mp4,/mnt/data4t/hyw/20250530/V0521_22_seg_S1/output0527_4/shard_03/V_21,/mnt/data4t/hyw/20250530/V0521_22_seg_S1/output0527_4/shard_03/V_21/manifest.json,/mnt/data4t/hyw/20250530/V0521_22_seg_S1/output0527_4/shard_03/V_21/tracking_boxes.csv,/mnt/data4t/hyw/20250530/V0521_22_seg_S1/output0527_4/shard_03/V_21/keypoints.csv,/mnt/data4t/hyw/20250530/V0521_22_seg_S1/output0527_4/shard_03/V_21/C000100_GX140005_4001_4450.mp4,0,134,4001,4135,4001,0,286.844,278.033,598.033,608.525,/mnt/data4t/hyw/20250530/BBOX_VIS-0527-V2/output/visualization_index.csv
new_20260604_0527|GOOD|C000016_GX070002_758_1207.mp4,5,new_20260604_0527,train,trn,GOOD_default_train,friendly,friendly,GOOD,,C000016,C000016_E0001,C000016_GX070002_758_1207.mp4,SV_GX070002_7ea37435fbe9,GX070002.MP4,/mnt/data4t/hyw/20260604/BBOX_VIS-V0527/GOOD/C000016_GX070002_758_1207.mp4,/mnt/data4t/hyw/20260604/BBOX_VIS-V0527/output_selected_IDs/C000016_GX070002_758_1207.mp4.csv,/mnt/data4t/hyw/20260604/Interaction_Annotator-V0527/output/annotations/SV_GX070002_7ea37435fbe9/C000016.csv,/mnt/data4t/hyw/20260604/Interaction_Annotator-V0527/output/videos/SV_GX070002_7ea37435fbe9/C000016_GX070002_758_1207.mp4,/mnt/data4t/hyw/20260604/V0527_SEG_S1/interaction_annotator_v0527_4/shard_02/V_11,/mnt/data4t/hyw/20260604/V0527_SEG_S1/interaction_annotator_v0527_4/shard_02/V_11/manifest.json,/mnt/data4t/hyw/20260604/V0527_SEG_S1/interaction_annotator_v0527_4/shard_02/V_11/tracking_boxes.csv,/mnt/data4t/hyw/20260604/V0527_SEG_S1/interaction_annotator_v0527_4/shard_02/V_11/keypoints.csv,/mnt/data4t/hyw/20260604/V0527_SEG_S1/interaction_annotator_v0527_4/shard_02/V_11/C000016_GX070002_758_1207.mp4,0,111,1087,1198,1087,0,1222.781,1155.861,696.546,455.169,/mnt/data4t/hyw/20260604/BBOX_VIS-V0527/output/visualization_index.csv
new_20260604_0527|GOOD|C000031_GX100002_8246_8695.mp4,5,new_20260604_0527,train,trn,GOOD_default_train,friendly,friendly,GOOD,,C000031,C000031_E0001,C000031_GX100002_8246_8695.mp4,SV_GX100002_9d567e893671,GX100002.MP4,/mnt/data4t/hyw/20260604/BBOX_VIS-V0527/GOOD/C000031_GX100002_8246_8695.mp4,/mnt/data4t/hyw/20260604/BBOX_VIS-V0527/output_selected_IDs/C000031_GX100002_8246_8695.mp4.csv,/mnt/data4t/hyw/20260604/Interaction_Annotator-V0527/output/annotations/SV_GX100002_9d567e893671/C000031.csv,/mnt/data4t/hyw/20260604/Interaction_Annotator-V0527/output/videos/SV_GX100002_9d567e893671/C000031_GX100002_8246_8695.mp4,/mnt/data4t/hyw/20260604/V0527_SEG_S1/interaction_annotator_v0527_4/shard_02/V_13,/mnt/data4t/hyw/20260604/V0527_SEG_S1/interaction_annotator_v0527_4/shard_02/V_13/manifest.json,/mnt/data4t/hyw/20260604/V0527_SEG_S1/interaction_annotator_v0527_4/shard_02/V_13/tracking_boxes.csv,/mnt/data4t/hyw/20260604/V0527_SEG_S1/interaction_annotator_v0527_4/shard_02/V_13/keypoints.csv,/mnt/data4t/hyw/20260604/V0527_SEG_S1/interaction_annotator_v0527_4/shard_02/V_13/C000031_GX100002_8246_8695.mp4,0,449,8246,8695,8246,0,2422.771,0.0,613.788,928.277,/mnt/data4t/hyw/20260604/BBOX_VIS-V0527/output/visualization_index.csv
new_20260604_0527|GOOD|C000032_GX100002_8903_9352.mp4,5,new_20260604_0527,train,trn,GOOD_default_train,friendly,friendly,GOOD,,C000032,C000032_E0001,C000032_GX100002_8903_9352.mp4,SV_GX100002_9d567e893671,GX100002.MP4,/mnt/data4t/hyw/20260604/BBOX_VIS-V0527/GOOD/C000032_GX100002_8903_9352.mp4,/mnt/data4t/hyw/20260604/BBOX_VIS-V0527/output_selected_IDs/C000032_GX100002_8903_9352.mp4.csv,/mnt/data4t/hyw/20260604/Interaction_Annotator-V0527/output/annotations/SV_GX100002_9d567e893671/C000032.csv,/mnt/data4t/hyw/20260604/Interaction_Annotator-V0527/output/videos/SV_GX100002_9d567e893671/C000032_GX100002_8903_9352.mp4,/mnt/data4t/hyw/20260604/V0527_SEG_S1/interaction_annotator_v0527_4/shard_00/V_8,/mnt/data4t/hyw/20260604/V0527_SEG_S1/interaction_annotator_v0527_4/shard_00/V_8/manifest.json,/mnt/data4t/hyw/20260604/V0527_SEG_S1/interaction_annotator_v0527_4/shard_00/V_8/tracking_boxes.csv,/mnt/data4t/hyw/20260604/V0527_SEG_S1/interaction_annotator_v0527_4/shard_00/V_8/keypoints.csv,/mnt/data4t/hyw/20260604/V0527_SEG_S1/interaction_annotator_v0527_4/shard_00/V_8/C000032_GX100002_8903_9352.mp4,0,449,8903,9352,8903,0,2502.08,0.0,534.478,876.553,/mnt/data4t/hyw/20260604/BBOX_VIS-V0527/output/visualization_index.csv
new_20260604_0527|GOOD|C000034_GX100002_10018_10467.mp4,5,new_20260604_0527,train,trn,GOOD_default_train,friendly,friendly,GOOD,,C000034,C000034_E0001,C000034_GX100002_10018_10467.mp4,SV_GX100002_9d567e893671,GX100002.MP4,/mnt/data4t/hyw/20260604/BBOX_VIS-V0527/GOOD/C000034_GX100002_10018_10467.mp4,/mnt/data4t/hyw/20260604/BBOX_VIS-V0527/output_selected_IDs/C000034_GX100002_10018_10467.mp4.csv,/mnt/data4t/hyw/20260604/Interaction_Annotator-V0527/output/annotations/SV_GX100002_9d567e893671/C000034.csv,/mnt/data4t/hyw/20260604/Interaction_Annotator-V0527/output/videos/SV_GX100002_9d567e893671/C000034_GX100002_10018_10467.mp4,/mnt/data4t/hyw/20260604/V0527_SEG_S1/interaction_annotator_v0527_4/shard_02/V_14,/mnt/data4t/hyw/20260604/V0527_SEG_S1/interaction_annotator_v0527_4/shard_02/V_14/manifest.json,/mnt/data4t/hyw/20260604/V0527_SEG_S1/interaction_annotator_v0527_4/shard_02/V_14/tracking_boxes.csv,/mnt/data4t/hyw/20260604/V0527_SEG_S1/interaction_annotator_v0527_4/shard_02/V_14/keypoints.csv,/mnt/data4t/hyw/20260604/V0527_SEG_S1/interaction_annotator_v0527_4/shard_02/V_14/C000034_GX100002_10018_10467.mp4,0,449,10018,10467,10018,0,2491.735,0.0,537.927,893.795,/mnt/data4t/hyw/20260604/BBOX_VIS-V0527/output/visualization_index.csv
new_20260604_0527|GOOD|C000035_GX100002_11218_11930.mp4,5,new_20260604_0527,train,trn,GOOD_default_train,friendly,friendly,GOOD,,C000035,C000035_E0001,C000035_GX100002_11218_11930.mp4,SV_GX100002_9d567e893671,GX100002.MP4,/mnt/data4t/hyw/20260604/BBOX_VIS-V0527/GOOD/C000035_GX100002_11218_11930.mp4,/mnt/data4t/hyw/20260604/BBOX_VIS-V0527/output_selected_IDs/C000035_GX100002_11218_11930.mp4.csv,/mnt/data4t/hyw/20260604/Interaction_Annotator-V0527/output/annotations/SV_GX100002_9d567e893671/C000035.csv,/mnt/data4t/hyw/20260604/Interaction_Annotator-V0527/output/videos/SV_GX100002_9d567e893671/C000035_GX100002_11218_11930.mp4,/mnt/data4t/hyw/20260604/V0527_SEG_S1/interaction_annotator_v0527_4/shard_01/V_10,/mnt/data4t/hyw/20260604/V0527_SEG_S1/interaction_annotator_v0527_4/shard_01/V_10/manifest.json,/mnt/data4t/hyw/20260604/V0527_SEG_S1/interaction_annotator_v0527_4/shard_01/V_10/tracking_boxes.csv,/mnt/data4t/hyw/20260604/V0527_SEG_S1/interaction_annotator_v0527_4/shard_01/V_10/keypoints.csv,/mnt/data4t/hyw/20260604/V0527_SEG_S1/interaction_annotator_v0527_4/shard_01/V_10/C000035_GX100002_11218_11930.mp4,0,712,11218,11930,11218,0,2498.632,0.0,493.099,1093.793,/mnt/data4t/hyw/20260604/BBOX_VIS-V0527/output/visualization_index.csv
new_20260604_0527|GOOD|C000050_GX050002_243_692.mp4,5,new_20260604_0527,train,trn,GOOD_default_train,friendly,friendly,GOOD,,C000050,C000050_E0001,C000050_GX050002_243_692.mp4,SV_GX050002_c23a7d3f11fe,GX050002.MP4,/mnt/data4t/hyw/20260604/BBOX_VIS-V0527/GOOD/C000050_GX050002_243_692.mp4,/mnt/data4t/hyw/20260604/BBOX_VIS-V0527/output_selected_IDs/C000050_GX050002_243_692.mp4.csv,/mnt/data4t/hyw/20260604/Interaction_Annotator-V0527/output/annotations/SV_GX050002_c23a7d3f11fe/C000050.csv,/mnt/data4t/hyw/20260604/Interaction_Annotator-V0527/output/videos/SV_GX050002_c23a7d3f11fe/C000050_GX050002_243_692.mp4,/mnt/data4t/hyw/20260604/V0527_SEG_S1/interaction_annotator_v0527_4/shard_01/V_8,/mnt/data4t/hyw/20260604/V0527_SEG_S1/interaction_annotator_v0527_4/shard_01/V_8/manifest.json,/mnt/data4t/hyw/20260604/V0527_SEG_S1/interaction_annotator_v0527_4/shard_01/V_8/tracking_boxes.csv,/mnt/data4t/hyw/20260604/V0527_SEG_S1/interaction_annotator_v0527_4/shard_01/V_8/keypoints.csv,/mnt/data4t/hyw/20260604/V0527_SEG_S1/interaction_annotator_v0527_4/shard_01/V_8/C000050_GX050002_243_692.mp4,0,449,243,692,243,0,1533.123,642.073,127.585,175.861,/mnt/data4t/hyw/20260604/BBOX_VIS-V0527/output/visualization_index.csv
new_20260604_0527|GOOD|C000053_GX050008_9141_9590.mp4,5,new_20260604_0527,train,trn,GOOD_default_train,friendly,friendly,GOOD,,C000053,C000053_E0001,C000053_GX050008_9141_9590.mp4,SV_GX050008_d41325cc93b6,GX050008.MP4,/mnt/data4t/hyw/20260604/BBOX_VIS-V0527/GOOD/C000053_GX050008_9141_9590.mp4,/mnt/data4t/hyw/20260604/BBOX_VIS-V0527/output_selected_IDs/C000053_GX050008_9141_9590.mp4.csv,/mnt/data4t/hyw/20260604/Interaction_Annotator-V0527/output/annotations/SV_GX050008_d41325cc93b6/C000053.csv,/mnt/data4t/hyw/20260604/Interaction_Annotator-V0527/output/videos/SV_GX050008_d41325cc93b6/C000053_GX050008_9141_9590.mp4,/mnt/data4t/hyw/20260604/V0527_SEG_S1/interaction_annotator_v0527_4/shard_00/V_7,/mnt/data4t/hyw/20260604/V0527_SEG_S1/interaction_annotator_v0527_4/shard_00/V_7/manifest.json,/mnt/data4t/hyw/20260604/V0527_SEG_S1/interaction_annotator_v0527_4/shard_00/V_7/tracking_boxes.csv,/mnt/data4t/hyw/20260604/V0527_SEG_S1/interaction_annotator_v0527_4/shard_00/V_7/keypoints.csv,/mnt/data4t/hyw/20260604/V0527_SEG_S1/interaction_annotator_v0527_4/shard_00/V_7/C000053_GX050008_9141_9590.mp4,0,449,9141,9590,9141,0,0.0,1614.478,408.994,545.522,/mnt/data4t/hyw/20260604/BBOX_VIS-V0527/output/visualization_index.csv
new_20260604_0527|GOOD1|C000002_GX020004_1293_1857.mp4,5,new_20260604_0527,train,trn,GOOD1_default_train,no_interaction,fake_interaction,GOOD1,GOOD1,C000002,C000002_E0001,C000002_GX020004_1293_1857.mp4,SV_GX020004_fb49bf3e2fc0,GX020004.MP4,/mnt/data4t/hyw/20260604/BBOX_FAKE_0604/output/GOOD1/C000002_GX020004_1293_1857.mp4,,/mnt/data4t/hyw/20260604/Interaction_Annotator-V0527/output/annotations/SV_GX020004_fb49bf3e2fc0/C000002.csv,/mnt/data4t/hyw/20260604/Interaction_Annotator-V0527/output/fake_interaction/SV_GX020004_fb49bf3e2fc0/C000002_GX020004_1293_1857.mp4,/mnt/data4t/hyw/20260604/V0527_SEG_S1/interaction_annotator_v0527_4/shard_03/V_1,/mnt/data4t/hyw/20260604/V0527_SEG_S1/interaction_annotator_v0527_4/shard_03/V_1/manifest.json,/mnt/data4t/hyw/20260604/V0527_SEG_S1/interaction_annotator_v0527_4/shard_03/V_1/tracking_boxes.csv,/mnt/data4t/hyw/20260604/V0527_SEG_S1/interaction_annotator_v0527_4/shard_03/V_1/keypoints.csv,/mnt/data4t/hyw/20260604/V0527_SEG_S1/interaction_annotator_v0527_4/shard_03/V_1/C000002_GX020004_1293_1857.mp4,0,564,1293,1857,1293,0,102.1,14.492,1303.437,1020.681,/mnt/data4t/hyw/20260604/BBOX_FAKE_0604/output/visualization_index.csv
new_20260604_0527|GOOD1|C000004_GX100006_0_449.mp4,5,new_20260604_0527,train,trn,GOOD1_default_train,no_interaction,fake_interaction,GOOD1,GOOD1,C000004,C000004_E0001,C000004_GX100006_0_449.mp4,SV_GX100006_bb708b667321,GX100006.MP4,/mnt/data4t/hyw/20260604/BBOX_FAKE_0604/output/GOOD1/C000004_GX100006_0_449.mp4,,/mnt/data4t/hyw/20260604/Interaction_Annotator-V0527/output/annotations/SV_GX100006_bb708b667321/C000004.csv,/mnt/data4t/hyw/20260604/Interaction_Annotator-V0527/output/fake_interaction/SV_GX100006_bb708b667321/C000004_GX100006_0_449.mp4,/mnt/data4t/hyw/20260604/V0527_SEG_S1/interaction_annotator_v0527_4/shard_03/V_5,/mnt/data4t/hyw/20260604/V0527_SEG_S1/interaction_annotator_v0527_4/shard_03/V_5/manifest.json,/mnt/data4t/hyw/20260604/V0527_SEG_S1/interaction_annotator_v0527_4/shard_03/V_5/tracking_boxes.csv,/mnt/data4t/hyw/20260604/V0527_SEG_S1/interaction_annotator_v0527_4/shard_03/V_5/keypoints.csv,/mnt/data4t/hyw/20260604/V0527_SEG_S1/interaction_annotator_v0527_4/shard_03/V_5/C000004_GX100006_0_449.mp4,0,449,0,449,0,0,0.0,2900.984,1797.664,939.016,/mnt/data4t/hyw/20260604/BBOX_FAKE_0604/output/visualization_index.csv
new_20260604_0527|GOOD1|C000006_GX080008_3498_3947.mp4,5,new_20260604_0527,train,trn,GOOD1_default_train,no_interaction,fake_interaction,GOOD1,GOOD1,C000006,C000006_E0001,C000006_GX080008_3498_3947.mp4,SV_GX080008_ca1705741805,GX080008.MP4,/mnt/data4t/hyw/20260604/BBOX_FAKE_0604/output/GOOD1/C000006_GX080008_3498_3947.mp4,,/mnt/data4t/hyw/20260604/Interaction_Annotator-V0527/output/annotations/SV_GX080008_ca1705741805/C000006.csv,/mnt/data4t/hyw/20260604/Interaction_Annotator-V0527/output/fake_interaction/SV_GX080008_ca1705741805/C000006_GX080008_3498_3947.mp4,/mnt/data4t/hyw/20260604/V0527_SEG_S1/interaction_annotator_v0527_4/shard_02/V_4,/mnt/data4t/hyw/20260604/V0527_SEG_S1/interaction_annotator_v0527_4/shard_02/V_4/manifest.json,/mnt/data4t/hyw/20260604/V0527_SEG_S1/interaction_annotator_v0527_4/shard_02/V_4/tracking_boxes.csv,/mnt/data4t/hyw/20260604/V0527_SEG_S1/interaction_annotator_v0527_4/shard_02/V_4/keypoints.csv,/mnt/data4t/hyw/20260604/V0527_SEG_S1/interaction_annotator_v0527_4/shard_02/V_4/C000006_GX080008_3498_3947.mp4,0,449,3498,3947,3498,0,2064.153,593.797,1272.403,848.269,/mnt/data4t/hyw/20260604/BBOX_FAKE_0604/output/visualization_index.csv
new_20260604_0527|GOOD1|C000007_GX080008_4066_4515.mp4,5,new_20260604_0527,train,trn,GOOD1_default_train,no_interaction,fake_interaction,GOOD1,GOOD1,C000007,C000007_E0001,C000007_GX080008_4066_4515.mp4,SV_GX080008_ca1705741805,GX080008.MP4,/mnt/data4t/hyw/20260604/BBOX_FAKE_0604/output/GOOD1/C000007_GX080008_4066_4515.mp4,,/mnt/data4t/hyw/20260604/Interaction_Annotator-V0527/output/annotations/SV_GX080008_ca1705741805/C000007.csv,/mnt/data4t/hyw/20260604/Interaction_Annotator-V0527/output/fake_interaction/SV_GX080008_ca1705741805/C000007_GX080008_4066_4515.mp4,/mnt/data4t/hyw/20260604/V0527_SEG_S1/interaction_annotator_v0527_4/shard_00/V_4,/mnt/data4t/hyw/20260604/V0527_SEG_S1/interaction_annotator_v0527_4/shard_00/V_4/manifest.json,/mnt/data4t/hyw/20260604/V0527_SEG_S1/interaction_annotator_v0527_4/shard_00/V_4/tracking_boxes.csv,/mnt/data4t/hyw/20260604/V0527_SEG_S1/interaction_annotator_v0527_4/shard_00/V_4/keypoints.csv,/mnt/data4t/hyw/20260604/V0527_SEG_S1/interaction_annotator_v0527_4/shard_00/V_4/C000007_GX080008_4066_4515.mp4,0,449,4066,4515,4066,0,2371.047,624.831,1041.371,841.372,/mnt/data4t/hyw/20260604/BBOX_FAKE_0604/output/visualization_index.csv
new_20260604_0527|GOOD1|C000008_GX080008_17185_17640.mp4,5,new_20260604_0527,train,trn,GOOD1_default_train,no_interaction,fake_interaction,GOOD1,GOOD1,C000008,C000008_E0001,C000008_GX080008_17185_17640.mp4,SV_GX080008_ca1705741805,GX080008.MP4,/mnt/data4t/hyw/20260604/BBOX_FAKE_0604/output/GOOD1/C000008_GX080008_17185_17640.mp4,,/mnt/data4t/hyw/20260604/Interaction_Annotator-V0527/output/annotations/SV_GX080008_ca1705741805/C000008.csv,/mnt/data4t/hyw/20260604/Interaction_Annotator-V0527/output/fake_interaction/SV_GX080008_ca1705741805/C000008_GX080008_17185_17640.mp4,/mnt/data4t/hyw/20260604/V0527_SEG_S1/interaction_annotator_v0527_4/shard_01/V_3,/mnt/data4t/hyw/20260604/V0527_SEG_S1/interaction_annotator_v0527_4/shard_01/V_3/manifest.json,/mnt/data4t/hyw/20260604/V0527_SEG_S1/interaction_annotator_v0527_4/shard_01/V_3/tracking_boxes.csv,/mnt/data4t/hyw/20260604/V0527_SEG_S1/interaction_annotator_v0527_4/shard_01/V_3/keypoints.csv,/mnt/data4t/hyw/20260604/V0527_SEG_S1/interaction_annotator_v0527_4/shard_01/V_3/C000008_GX080008_17185_17640.mp4,0,455,17185,17640,17185,0,2312.427,473.109,1099.991,744.821,/mnt/data4t/hyw/20260604/BBOX_FAKE_0604/output/visualization_index.csv
new_20260604_0527|GOOD1|C000020_GX010005_2271_2780.mp4,5,new_20260604_0527,train,trn,GOOD1_default_train,no_interaction,fake_interaction,GOOD1,GOOD1,C000020,C000020_E0001,C000020_GX010005_2271_2780.mp4,SV_GX010005_03f2a07096b2,GX010005.MP4,/mnt/data4t/hyw/20260604/BBOX_FAKE_0604/output/GOOD1/C000020_GX010005_2271_2780.mp4,,/mnt/data4t/hyw/20260604/Interaction_Annotator-V0527/output/annotations/SV_GX010005_03f2a07096b2/C000020.csv,/mnt/data4t/hyw/20260604/Interaction_Annotator-V0527/output/fake_interaction/SV_GX010005_03f2a07096b2/C000020_GX010005_2271_2780.mp4,/mnt/data4t/hyw/20260604/V0527_SEG_S1/interaction_annotator_v0527_4/shard_00/V_1,/mnt/data4t/hyw/20260604/V0527_SEG_S1/interaction_annotator_v0527_4/shard_00/V_1/manifest.json,/mnt/data4t/hyw/20260604/V0527_SEG_S1/interaction_annotator_v0527_4/shard_00/V_1/tracking_boxes.csv,/mnt/data4t/hyw/20260604/V0527_SEG_S1/interaction_annotator_v0527_4/shard_00/V_1/keypoints.csv,/mnt/data4t/hyw/20260604/V0527_SEG_S1/interaction_annotator_v0527_4/shard_00/V_1/C000020_GX010005_2271_2780.mp4,0,509,2271,2780,2271,0,727.5,372.459,1432.5,3467.541,/mnt/data4t/hyw/20260604/BBOX_FAKE_0604/output/visualization_index.csv
new_20260604_0527|GOOD1|C000024_GX050005_7168_7617.mp4,5,new_20260604_0527,train,trn,GOOD1_default_train,no_interaction,fake_interaction,GOOD1,GOOD1,C000024,C000024_E0001,C000024_GX050005_7168_7617.mp4,SV_GX050005_9f77519b4313,GX050005.MP4,/mnt/data4t/hyw/20260604/BBOX_FAKE_0604/output/GOOD1/C000024_GX050005_7168_7617.mp4,,/mnt/data4t/hyw/20260604/Interaction_Annotator-V0527/output/annotations/SV_GX050005_9f77519b4313/C000024.csv,/mnt/data4t/hyw/20260604/Interaction_Annotator-V0527/output/fake_interaction/SV_GX050005_9f77519b4313/C000024_GX050005_7168_7617.mp4,/mnt/data4t/hyw/20260604/V0527_SEG_S1/interaction_annotator_v0527_4/shard_01/V_1,/mnt/data4t/hyw/20260604/V0527_SEG_S1/interaction_annotator_v0527_4/shard_01/V_1/manifest.json,/mnt/data4t/hyw/20260604/V0527_SEG_S1/interaction_annotator_v0527_4/shard_01/V_1/tracking_boxes.csv,/mnt/data4t/hyw/20260604/V0527_SEG_S1/interaction_annotator_v0527_4/shard_01/V_1/keypoints.csv,/mnt/data4t/hyw/20260604/V0527_SEG_S1/interaction_annotator_v0527_4/shard_01/V_1/C000024_GX050005_7168_7617.mp4,0,449,7168,7617,7168,0,265.861,230.82,1573.77,1872.787,/mnt/data4t/hyw/20260604/BBOX_FAKE_0604/output/visualization_index.csv
new_20260604_0527|GOOD1|C000025_GX100002_586_1035.mp4,5,new_20260604_0527,train,trn,GOOD1_default_train,no_interaction,fake_interaction,GOOD1,GOOD1,C000025,C000025_E0001,C000025_GX100002_586_1035.mp4,SV_GX100002_9d567e893671,GX100002.MP4,/mnt/data4t/hyw/20260604/BBOX_FAKE_0604/output/GOOD1/C000025_GX100002_586_1035.mp4,,/mnt/data4t/hyw/20260604/Interaction_Annotator-V0527/output/annotations/SV_GX100002_9d567e893671/C000025.csv,/mnt/data4t/hyw/20260604/Interaction_Annotator-V0527/output/fake_interaction/SV_GX100002_9d567e893671/C000025_GX100002_586_1035.mp4,/mnt/data4t/hyw/20260604/V0527_SEG_S1/interaction_annotator_v0527_4/shard_01/V_5,/mnt/data4t/hyw/20260604/V0527_SEG_S1/interaction_annotator_v0527_4/shard_01/V_5/manifest.json,/mnt/data4t/hyw/20260604/V0527_SEG_S1/interaction_annotator_v0527_4/shard_01/V_5/tracking_boxes.csv,/mnt/data4t/hyw/20260604/V0527_SEG_S1/interaction_annotator_v0527_4/shard_01/V_5/keypoints.csv,/mnt/data4t/hyw/20260604/V0527_SEG_S1/interaction_annotator_v0527_4/shard_01/V_5/C000025_GX100002_586_1035.mp4,0,449,586,1035,586,0,3246.902,414.488,496.548,710.339,/mnt/data4t/hyw/20260604/BBOX_FAKE_0604/output/visualization_index.csv
new_20260604_0527|GOOD1|C000026_GX100002_1981_2430.mp4,5,new_20260604_0527,train,trn,GOOD1_default_train,no_interaction,fake_interaction,GOOD1,GOOD1,C000026,C000026_E0001,C000026_GX100002_1981_2430.mp4,SV_GX100002_9d567e893671,GX100002.MP4,/mnt/data4t/hyw/20260604/BBOX_FAKE_0604/output/GOOD1/C000026_GX100002_1981_2430.mp4,,/mnt/data4t/hyw/20260604/Interaction_Annotator-V0527/output/annotations/SV_GX100002_9d567e893671/C000026.csv,/mnt/data4t/hyw/20260604/Interaction_Annotator-V0527/output/fake_interaction/SV_GX100002_9d567e893671/C000026_GX100002_1981_2430.mp4,/mnt/data4t/hyw/20260604/V0527_SEG_S1/interaction_annotator_v0527_4/shard_01/V_6,/mnt/data4t/hyw/20260604/V0527_SEG_S1/interaction_annotator_v0527_4/shard_01/V_6/manifest.json,/mnt/data4t/hyw/20260604/V0527_SEG_S1/interaction_annotator_v0527_4/shard_01/V_6/tracking_boxes.csv,/mnt/data4t/hyw/20260604/V0527_SEG_S1/interaction_annotator_v0527_4/shard_01/V_6/keypoints.csv,/mnt/data4t/hyw/20260604/V0527_SEG_S1/interaction_annotator_v0527_4/shard_01/V_6/C000026_GX100002_1981_2430.mp4,0,236,1981,2217,1981,0,3246.902,369.661,565.512,844.82,/mnt/data4t/hyw/20260604/BBOX_FAKE_0604/output/visualization_index.csv
new_20260604_0527|GOOD1|C000027_GX100002_3198_3647.mp4,5,new_20260604_0527,train,trn,GOOD1_default_train,no_interaction,fake_interaction,GOOD1,GOOD1,C000027,C000027_E0001,C000027_GX100002_3198_3647.mp4,SV_GX100002_9d567e893671,GX100002.MP4,/mnt/data4t/hyw/20260604/BBOX_FAKE_0604/output/GOOD1/C000027_GX100002_3198_3647.mp4,,/mnt/data4t/hyw/20260604/Interaction_Annotator-V0527/output/annotations/SV_GX100002_9d567e893671/C000027.csv,/mnt/data4t/hyw/20260604/Interaction_Annotator-V0527/output/fake_interaction/SV_GX100002_9d567e893671/C000027_GX100002_3198_3647.mp4,/mnt/data4t/hyw/20260604/V0527_SEG_S1/interaction_annotator_v0527_4/shard_02/V_6,/mnt/data4t/hyw/20260604/V0527_SEG_S1/interaction_annotator_v0527_4/shard_02/V_6/manifest.json,/mnt/data4t/hyw/20260604/V0527_SEG_S1/interaction_annotator_v0527_4/shard_02/V_6/tracking_boxes.csv,/mnt/data4t/hyw/20260604/V0527_SEG_S1/interaction_annotator_v0527_4/shard_02/V_6/keypoints.csv,/mnt/data4t/hyw/20260604/V0527_SEG_S1/interaction_annotator_v0527_4/shard_02/V_6/C000027_GX100002_3198_3647.mp4,0,449,3198,3647,3198,0,3157.247,328.282,613.788,799.993,/mnt/data4t/hyw/20260604/BBOX_FAKE_0604/output/visualization_index.csv
new_20260604_0527|GOOD1|C000030_GX100002_6896_7345.mp4,5,new_20260604_0527,train,trn,GOOD1_default_train,no_interaction,fake_interaction,GOOD1,GOOD1,C000030,C000030_E0001,C000030_GX100002_6896_7345.mp4,SV_GX100002_9d567e893671,GX100002.MP4,/mnt/data4t/hyw/20260604/BBOX_FAKE_0604/output/GOOD1/C000030_GX100002_6896_7345.mp4,,/mnt/data4t/hyw/20260604/Interaction_Annotator-V0527/output/annotations/SV_GX100002_9d567e893671/C000030.csv,/mnt/data4t/hyw/20260604/Interaction_Annotator-V0527/output/fake_interaction/SV_GX100002_9d567e893671/C000030_GX100002_6896_7345.mp4,/mnt/data4t/hyw/20260604/V0527_SEG_S1/interaction_annotator_v0527_4/shard_00/V_5,/mnt/data4t/hyw/20260604/V0527_SEG_S1/interaction_annotator_v0527_4/shard_00/V_5/manifest.json,/mnt/data4t/hyw/20260604/V0527_SEG_S1/interaction_annotator_v0527_4/shard_00/V_5/tracking_boxes.csv,/mnt/data4t/hyw/20260604/V0527_SEG_S1/interaction_annotator_v0527_4/shard_00/V_5/keypoints.csv,/mnt/data4t/hyw/20260604/V0527_SEG_S1/interaction_annotator_v0527_4/shard_00/V_5/C000030_GX100002_6896_7345.mp4,0,449,6896,7345,6896,0,2840.008,1004.139,999.992,1155.861,/mnt/data4t/hyw/20260604/BBOX_FAKE_0604/output/visualization_index.csv
new_20260604_0527|GOOD1|C000044_GX080003_14633_15082.mp4,5,new_20260604_0527,train,trn,GOOD1_default_train,no_interaction,fake_interaction,GOOD1,GOOD1,C000044,C000044_E0001,C000044_GX080003_14633_15082.mp4,SV_GX080003_eaf50f572c7e,GX080003.MP4,/mnt/data4t/hyw/20260604/BBOX_FAKE_0604/output/GOOD1/C000044_GX080003_14633_15082.mp4,,/mnt/data4t/hyw/20260604/Interaction_Annotator-V0527/output/annotations/SV_GX080003_eaf50f572c7e/C000044.csv,/mnt/data4t/hyw/20260604/Interaction_Annotator-V0527/output/fake_interaction/SV_GX080003_eaf50f572c7e/C000044_GX080003_14633_15082.mp4,/mnt/data4t/hyw/20260604/V0527_SEG_S1/interaction_annotator_v0527_4/shard_01/V_2,/mnt/data4t/hyw/20260604/V0527_SEG_S1/interaction_annotator_v0527_4/shard_01/V_2/manifest.json,/mnt/data4t/hyw/20260604/V0527_SEG_S1/interaction_annotator_v0527_4/shard_01/V_2/tracking_boxes.csv,/mnt/data4t/hyw/20260604/V0527_SEG_S1/interaction_annotator_v0527_4/shard_01/V_2/keypoints.csv,/mnt/data4t/hyw/20260604/V0527_SEG_S1/interaction_annotator_v0527_4/shard_01/V_2/C000044_GX080003_14633_15082.mp4,0,449,14633,15082,14633,0,1746.914,66.215,1624.124,1124.128,/mnt/data4t/hyw/20260604/BBOX_FAKE_0604/output/visualization_index.csv
new_20260604_0527|GOOD1|C000045_GX080003_15693_16142.mp4,5,new_20260604_0527,train,trn,GOOD1_default_train,no_interaction,fake_interaction,GOOD1,GOOD1,C000045,C000045_E0001,C000045_GX080003_15693_16142.mp4,SV_GX080003_eaf50f572c7e,GX080003.MP4,/mnt/data4t/hyw/20260604/BBOX_FAKE_0604/output/GOOD1/C000045_GX080003_15693_16142.mp4,,/mnt/data4t/hyw/20260604/Interaction_Annotator-V0527/output/annotations/SV_GX080003_eaf50f572c7e/C000045.csv,/mnt/data4t/hyw/20260604/Interaction_Annotator-V0527/output/fake_interaction/SV_GX080003_eaf50f572c7e/C000045_GX080003_15693_16142.mp4,/mnt/data4t/hyw/20260604/V0527_SEG_S1/interaction_annotator_v0527_4/shard_02/V_3,/mnt/data4t/hyw/20260604/V0527_SEG_S1/interaction_annotator_v0527_4/shard_02/V_3/manifest.json,/mnt/data4t/hyw/20260604/V0527_SEG_S1/interaction_annotator_v0527_4/shard_02/V_3/tracking_boxes.csv,/mnt/data4t/hyw/20260604/V0527_SEG_S1/interaction_annotator_v0527_4/shard_02/V_3/keypoints.csv,/mnt/data4t/hyw/20260604/V0527_SEG_S1/interaction_annotator_v0527_4/shard_02/V_3/C000045_GX080003_15693_16142.mp4,0,449,15693,16142,15693,0,1808.983,93.801,1534.47,951.716,/mnt/data4t/hyw/20260604/BBOX_FAKE_0604/output/visualization_index.csv
new_20260604_0527|GOOD1|C000049_GX100003_47771_48220.mp4,5,new_20260604_0527,train,trn,GOOD1_default_train,no_interaction,fake_interaction,GOOD1,GOOD1,C000049,C000049_E0001,C000049_GX100003_47771_48220.mp4,SV_GX100003_5c29336a2c46,GX100003.MP4,/mnt/data4t/hyw/20260604/BBOX_FAKE_0604/output/GOOD1/C000049_GX100003_47771_48220.mp4,,/mnt/data4t/hyw/20260604/Interaction_Annotator-V0527/output/annotations/SV_GX100003_5c29336a2c46/C000049.csv,/mnt/data4t/hyw/20260604/Interaction_Annotator-V0527/output/fake_interaction/SV_GX100003_5c29336a2c46/C000049_GX100003_47771_48220.mp4,/mnt/data4t/hyw/20260604/V0527_SEG_S1/interaction_annotator_v0527_4/shard_02/V_7,/mnt/data4t/hyw/20260604/V0527_SEG_S1/interaction_annotator_v0527_4/shard_02/V_7/manifest.json,/mnt/data4t/hyw/20260604/V0527_SEG_S1/interaction_annotator_v0527_4/shard_02/V_7/tracking_boxes.csv,/mnt/data4t/hyw/20260604/V0527_SEG_S1/interaction_annotator_v0527_4/shard_02/V_7/keypoints.csv,/mnt/data4t/hyw/20260604/V0527_SEG_S1/interaction_annotator_v0527_4/shard_02/V_7/C000049_GX100003_47771_48220.mp4,0,449,47771,48220,47771,0,1288.297,0.0,1758.606,976.553,/mnt/data4t/hyw/20260604/BBOX_FAKE_0604/output/visualization_index.csv
new_20260604_0527|GOOD1|C000055_GX090008_3073_3522.mp4,5,new_20260604_0527,train,trn,GOOD1_default_train,no_interaction,fake_interaction,GOOD1,GOOD1,C000055,C000055_E0001,C000055_GX090008_3073_3522.mp4,SV_GX090008_3c68c065a1e1,GX090008.MP4,/mnt/data4t/hyw/20260604/BBOX_FAKE_0604/output/GOOD1/C000055_GX090008_3073_3522.mp4,,/mnt/data4t/hyw/20260604/Interaction_Annotator-V0527/output/annotations/SV_GX090008_3c68c065a1e1/C000055.csv,/mnt/data4t/hyw/20260604/Interaction_Annotator-V0527/output/fake_interaction/SV_GX090008_3c68c065a1e1/C000055_GX090008_3073_3522.mp4,/mnt/data4t/hyw/20260604/V0527_SEG_S1/interaction_annotator_v0527_4/shard_03/V_3,/mnt/data4t/hyw/20260604/V0527_SEG_S1/interaction_annotator_v0527_4/shard_03/V_3/manifest.json,/mnt/data4t/hyw/20260604/V0527_SEG_S1/interaction_annotator_v0527_4/shard_03/V_3/tracking_boxes.csv,/mnt/data4t/hyw/20260604/V0527_SEG_S1/interaction_annotator_v0527_4/shard_03/V_3/keypoints.csv,/mnt/data4t/hyw/20260604/V0527_SEG_S1/interaction_annotator_v0527_4/shard_03/V_3/C000055_GX090008_3073_3522.mp4,0,449,3073,3522,3073,0,915.887,542.073,1086.198,689.649,/mnt/data4t/hyw/20260604/BBOX_FAKE_0604/output/visualization_index.csv
new_20260604_0527|GOOD1|C000057_GX090008_6515_7150.mp4,5,new_20260604_0527,train,trn,GOOD1_default_train,no_interaction,fake_interaction,GOOD1,GOOD1,C000057,C000057_E0001,C000057_GX090008_6515_7150.mp4,SV_GX090008_3c68c065a1e1,GX090008.MP4,/mnt/data4t/hyw/20260604/BBOX_FAKE_0604/output/GOOD1/C000057_GX090008_6515_7150.mp4,,/mnt/data4t/hyw/20260604/Interaction_Annotator-V0527/output/annotations/SV_GX090008_3c68c065a1e1/C000057.csv,/mnt/data4t/hyw/20260604/Interaction_Annotator-V0527/output/fake_interaction/SV_GX090008_3c68c065a1e1/C000057_GX090008_6515_7150.mp4,/mnt/data4t/hyw/20260604/V0527_SEG_S1/interaction_annotator_v0527_4/shard_02/V_5,/mnt/data4t/hyw/20260604/V0527_SEG_S1/interaction_annotator_v0527_4/shard_02/V_5/manifest.json,/mnt/data4t/hyw/20260604/V0527_SEG_S1/interaction_annotator_v0527_4/shard_02/V_5/tracking_boxes.csv,/mnt/data4t/hyw/20260604/V0527_SEG_S1/interaction_annotator_v0527_4/shard_02/V_5/keypoints.csv,/mnt/data4t/hyw/20260604/V0527_SEG_S1/interaction_annotator_v0527_4/shard_02/V_5/C000057_GX090008_6515_7150.mp4,0,635,6515,7150,6515,0,1805.534,248.973,699.994,462.065,/mnt/data4t/hyw/20260604/BBOX_FAKE_0604/output/visualization_index.csv
new_20260604_0527|GOOD|C000010_GX120005_1923_2372.mp4,5,new_20260604_0527,train,trn,GOOD_default_train,unfriendly,unfriendly,GOOD,,C000010,C000010_E0001,C000010_GX120005_1923_2372.mp4,SV_GX120005_9a47e839940c,GX120005.MP4,/mnt/data4t/hyw/20260604/BBOX_VIS-V0527/GOOD/C000010_GX120005_1923_2372.mp4,/mnt/data4t/hyw/20260604/BBOX_VIS-V0527/output_selected_IDs/C000010_GX120005_1923_2372.mp4.csv,/mnt/data4t/hyw/20260604/Interaction_Annotator-V0527/output/annotations/SV_GX120005_9a47e839940c/C000010.csv,/mnt/data4t/hyw/20260604/Interaction_Annotator-V0527/output/videos/SV_GX120005_9a47e839940c/C000010_GX120005_1923_2372.mp4,/mnt/data4t/hyw/20260604/V0527_SEG_S1/interaction_annotator_v0527_4/shard_00/V_12,/mnt/data4t/hyw/20260604/V0527_SEG_S1/interaction_annotator_v0527_4/shard_00/V_12/manifest.json,/mnt/data4t/hyw/20260604/V0527_SEG_S1/interaction_annotator_v0527_4/shard_00/V_12/tracking_boxes.csv,/mnt/data4t/hyw/20260604/V0527_SEG_S1/interaction_annotator_v0527_4/shard_00/V_12/keypoints.csv,/mnt/data4t/hyw/20260604/V0527_SEG_S1/interaction_annotator_v0527_4/shard_00/V_12/C000010_GX120005_1923_2372.mp4,0,449,1923,2372,1923,0,281.598,1935.738,954.754,1384.918,/mnt/data4t/hyw/20260604/BBOX_VIS-V0527/output/visualization_index.csv
new_20260604_0527|GOOD|C000048_GX080003_32983_33432.mp4,5,new_20260604_0527,train,trn,GOOD_default_train,unfriendly,unfriendly,GOOD,,C000048,C000048_E0001,C000048_GX080003_32983_33432.mp4,SV_GX080003_eaf50f572c7e,GX080003.MP4,/mnt/data4t/hyw/20260604/BBOX_VIS-V0527/GOOD/C000048_GX080003_32983_33432.mp4,/mnt/data4t/hyw/20260604/BBOX_VIS-V0527/output_selected_IDs/C000048_GX080003_32983_33432.mp4.csv,/mnt/data4t/hyw/20260604/Interaction_Annotator-V0527/output/annotations/SV_GX080003_eaf50f572c7e/C000048.csv,/mnt/data4t/hyw/20260604/Interaction_Annotator-V0527/output/videos/SV_GX080003_eaf50f572c7e/C000048_GX080003_32983_33432.mp4,/mnt/data4t/hyw/20260604/V0527_SEG_S1/interaction_annotator_v0527_4/shard_03/V_7,/mnt/data4t/hyw/20260604/V0527_SEG_S1/interaction_annotator_v0527_4/shard_03/V_7/manifest.json,/mnt/data4t/hyw/20260604/V0527_SEG_S1/interaction_annotator_v0527_4/shard_03/V_7/tracking_boxes.csv,/mnt/data4t/hyw/20260604/V0527_SEG_S1/interaction_annotator_v0527_4/shard_03/V_7/keypoints.csv,/mnt/data4t/hyw/20260604/V0527_SEG_S1/interaction_annotator_v0527_4/shard_03/V_7/C000048_GX080003_32983_33432.mp4,0,449,32983,33432,32983,0,740.026,1535.169,727.58,569.659,/mnt/data4t/hyw/20260604/BBOX_VIS-V0527/output/visualization_index.csv
new_20260604_0527|GOOD|C000015_GX070002_0_449.mp4,5,new_20260604_0527,val,val,GOOD_random_to_val_friendly_3,friendly,friendly,GOOD,,C000015,C000015_E0001,C000015_GX070002_0_449.mp4,SV_GX070002_7ea37435fbe9,GX070002.MP4,/mnt/data4t/hyw/20260604/BBOX_VIS-V0527/GOOD/C000015_GX070002_0_449.mp4,/mnt/data4t/hyw/20260604/BBOX_VIS-V0527/output_selected_IDs/C000015_GX070002_0_449.mp4.csv,/mnt/data4t/hyw/20260604/Interaction_Annotator-V0527/output/annotations/SV_GX070002_7ea37435fbe9/C000015.csv,/mnt/data4t/hyw/20260604/Interaction_Annotator-V0527/output/videos/SV_GX070002_7ea37435fbe9/C000015_GX070002_0_449.mp4,/mnt/data4t/hyw/20260604/V0527_SEG_S1/interaction_annotator_v0527_4/shard_02/V_10,/mnt/data4t/hyw/20260604/V0527_SEG_S1/interaction_annotator_v0527_4/shard_02/V_10/manifest.json,/mnt/data4t/hyw/20260604/V0527_SEG_S1/interaction_annotator_v0527_4/shard_02/V_10/tracking_boxes.csv,/mnt/data4t/hyw/20260604/V0527_SEG_S1/interaction_annotator_v0527_4/shard_02/V_10/keypoints.csv,/mnt/data4t/hyw/20260604/V0527_SEG_S1/interaction_annotator_v0527_4/shard_02/V_10/C000015_GX070002_0_449.mp4,0,449,0,449,0,0,1229.677,1159.31,534.478,362.066,/mnt/data4t/hyw/20260604/BBOX_VIS-V0527/output/visualization_index.csv
new_20260604_0527|GOOD|C000033_GX100002_9411_9860.mp4,5,new_20260604_0527,val,val,GOOD_random_to_val_friendly_3,friendly,friendly,GOOD,,C000033,C000033_E0001,C000033_GX100002_9411_9860.mp4,SV_GX100002_9d567e893671,GX100002.MP4,/mnt/data4t/hyw/20260604/BBOX_VIS-V0527/GOOD/C000033_GX100002_9411_9860.mp4,/mnt/data4t/hyw/20260604/BBOX_VIS-V0527/output_selected_IDs/C000033_GX100002_9411_9860.mp4.csv,/mnt/data4t/hyw/20260604/Interaction_Annotator-V0527/output/annotations/SV_GX100002_9d567e893671/C000033.csv,/mnt/data4t/hyw/20260604/Interaction_Annotator-V0527/output/videos/SV_GX100002_9d567e893671/C000033_GX100002_9411_9860.mp4,/mnt/data4t/hyw/20260604/V0527_SEG_S1/interaction_annotator_v0527_4/shard_01/V_9,/mnt/data4t/hyw/20260604/V0527_SEG_S1/interaction_annotator_v0527_4/shard_01/V_9/manifest.json,/mnt/data4t/hyw/20260604/V0527_SEG_S1/interaction_annotator_v0527_4/shard_01/V_9/tracking_boxes.csv,/mnt/data4t/hyw/20260604/V0527_SEG_S1/interaction_annotator_v0527_4/shard_01/V_9/keypoints.csv,/mnt/data4t/hyw/20260604/V0527_SEG_S1/interaction_annotator_v0527_4/shard_01/V_9/C000033_GX100002_9411_9860.mp4,0,449,9411,9860,9411,0,2481.391,0.0,524.134,911.036,/mnt/data4t/hyw/20260604/BBOX_VIS-V0527/output/visualization_index.csv
new_20260604_0527|GOOD|C000047_GX080003_29188_29637.mp4,5,new_20260604_0527,val,val,GOOD_random_to_val_friendly_3,friendly,friendly,GOOD,,C000047,C000047_E0001,C000047_GX080003_29188_29637.mp4,SV_GX080003_eaf50f572c7e,GX080003.MP4,/mnt/data4t/hyw/20260604/BBOX_VIS-V0527/GOOD/C000047_GX080003_29188_29637.mp4,/mnt/data4t/hyw/20260604/BBOX_VIS-V0527/output_selected_IDs/C000047_GX080003_29188_29637.mp4.csv,/mnt/data4t/hyw/20260604/Interaction_Annotator-V0527/output/annotations/SV_GX080003_eaf50f572c7e/C000047.csv,/mnt/data4t/hyw/20260604/Interaction_Annotator-V0527/output/videos/SV_GX080003_eaf50f572c7e/C000047_GX080003_29188_29637.mp4,/mnt/data4t/hyw/20260604/V0527_SEG_S1/interaction_annotator_v0527_4/shard_02/V_12,/mnt/data4t/hyw/20260604/V0527_SEG_S1/interaction_annotator_v0527_4/shard_02/V_12/manifest.json,/mnt/data4t/hyw/20260604/V0527_SEG_S1/interaction_annotator_v0527_4/shard_02/V_12/tracking_boxes.csv,/mnt/data4t/hyw/20260604/V0527_SEG_S1/interaction_annotator_v0527_4/shard_02/V_12/keypoints.csv,/mnt/data4t/hyw/20260604/V0527_SEG_S1/interaction_annotator_v0527_4/shard_02/V_12/C000047_GX080003_29188_29637.mp4,0,88,29188,29276,29188,0,2077.946,600.694,1506.884,706.891,/mnt/data4t/hyw/20260604/BBOX_VIS-V0527/output/visualization_index.csv
new_20260604_0527|GOOD1|C000001_GX090006_11281_11730.mp4,5,new_20260604_0527,val,val,GOOD1_random_to_val_5,no_interaction,fake_interaction,GOOD1,GOOD1,C000001,C000001_E0001,C000001_GX090006_11281_11730.mp4,SV_GX090006_a407e5281be5,GX090006.MP4,/mnt/data4t/hyw/20260604/BBOX_FAKE_0604/output/GOOD1/C000001_GX090006_11281_11730.mp4,,/mnt/data4t/hyw/20260604/Interaction_Annotator-V0527/output/annotations/SV_GX090006_a407e5281be5/C000001.csv,/mnt/data4t/hyw/20260604/Interaction_Annotator-V0527/output/fake_interaction/SV_GX090006_a407e5281be5/C000001_GX090006_11281_11730.mp4,/mnt/data4t/hyw/20260604/V0527_SEG_S1/interaction_annotator_v0527_4/shard_03/V_2,/mnt/data4t/hyw/20260604/V0527_SEG_S1/interaction_annotator_v0527_4/shard_03/V_2/manifest.json,/mnt/data4t/hyw/20260604/V0527_SEG_S1/interaction_annotator_v0527_4/shard_03/V_2/tracking_boxes.csv,/mnt/data4t/hyw/20260604/V0527_SEG_S1/interaction_annotator_v0527_4/shard_03/V_2/keypoints.csv,/mnt/data4t/hyw/20260604/V0527_SEG_S1/interaction_annotator_v0527_4/shard_03/V_2/C000001_GX090006_11281_11730.mp4,0,449,11281,11730,11281,0,1320.287,125.902,839.713,834.098,/mnt/data4t/hyw/20260604/BBOX_FAKE_0604/output/visualization_index.csv
new_20260604_0527|GOOD1|C000005_GX100006_961_1410.mp4,5,new_20260604_0527,val,val,GOOD1_random_to_val_5,no_interaction,fake_interaction,GOOD1,GOOD1,C000005,C000005_E0001,C000005_GX100006_961_1410.mp4,SV_GX100006_bb708b667321,GX100006.MP4,/mnt/data4t/hyw/20260604/BBOX_FAKE_0604/output/GOOD1/C000005_GX100006_961_1410.mp4,,/mnt/data4t/hyw/20260604/Interaction_Annotator-V0527/output/annotations/SV_GX100006_bb708b667321/C000005.csv,/mnt/data4t/hyw/20260604/Interaction_Annotator-V0527/output/fake_interaction/SV_GX100006_bb708b667321/C000005_GX100006_961_1410.mp4,/mnt/data4t/hyw/20260604/V0527_SEG_S1/interaction_annotator_v0527_4/shard_01/V_7,/mnt/data4t/hyw/20260604/V0527_SEG_S1/interaction_annotator_v0527_4/shard_01/V_7/manifest.json,/mnt/data4t/hyw/20260604/V0527_SEG_S1/interaction_annotator_v0527_4/shard_01/V_7/tracking_boxes.csv,/mnt/data4t/hyw/20260604/V0527_SEG_S1/interaction_annotator_v0527_4/shard_01/V_7/keypoints.csv,/mnt/data4t/hyw/20260604/V0527_SEG_S1/interaction_annotator_v0527_4/shard_01/V_7/C000005_GX100006_961_1410.mp4,0,449,961,1410,961,0,0.0,2811.803,1881.598,1028.197,/mnt/data4t/hyw/20260604/BBOX_FAKE_0604/output/visualization_index.csv
new_20260604_0527|GOOD1|C000021_GX050005_1536_1985.mp4,5,new_20260604_0527,val,val,GOOD1_random_to_val_5,no_interaction,fake_interaction,GOOD1,GOOD1,C000021,C000021_E0001,C000021_GX050005_1536_1985.mp4,SV_GX050005_9f77519b4313,GX050005.MP4,/mnt/data4t/hyw/20260604/BBOX_FAKE_0604/output/GOOD1/C000021_GX050005_1536_1985.mp4,,/mnt/data4t/hyw/20260604/Interaction_Annotator-V0527/output/annotations/SV_GX050005_9f77519b4313/C000021.csv,/mnt/data4t/hyw/20260604/Interaction_Annotator-V0527/output/fake_interaction/SV_GX050005_9f77519b4313/C000021_GX050005_1536_1985.mp4,/mnt/data4t/hyw/20260604/V0527_SEG_S1/interaction_annotator_v0527_4/shard_02/V_1,/mnt/data4t/hyw/20260604/V0527_SEG_S1/interaction_annotator_v0527_4/shard_02/V_1/manifest.json,/mnt/data4t/hyw/20260604/V0527_SEG_S1/interaction_annotator_v0527_4/shard_02/V_1/tracking_boxes.csv,/mnt/data4t/hyw/20260604/V0527_SEG_S1/interaction_annotator_v0527_4/shard_02/V_1/keypoints.csv,/mnt/data4t/hyw/20260604/V0527_SEG_S1/interaction_annotator_v0527_4/shard_02/V_1/C000021_GX050005_1536_1985.mp4,0,449,1536,1985,1536,0,0.0,0.0,696.025,692.459,/mnt/data4t/hyw/20260604/BBOX_FAKE_0604/output/visualization_index.csv
new_20260604_0527|GOOD1|C000046_GX080003_28003_28452.mp4,5,new_20260604_0527,val,val,GOOD1_random_to_val_5,no_interaction,fake_interaction,GOOD1,GOOD1,C000046,C000046_E0001,C000046_GX080003_28003_28452.mp4,SV_GX080003_eaf50f572c7e,GX080003.MP4,/mnt/data4t/hyw/20260604/BBOX_FAKE_0604/output/GOOD1/C000046_GX080003_28003_28452.mp4,,/mnt/data4t/hyw/20260604/Interaction_Annotator-V0527/output/annotations/SV_GX080003_eaf50f572c7e/C000046.csv,/mnt/data4t/hyw/20260604/Interaction_Annotator-V0527/output/fake_interaction/SV_GX080003_eaf50f572c7e/C000046_GX080003_28003_28452.mp4,/mnt/data4t/hyw/20260604/V0527_SEG_S1/interaction_annotator_v0527_4/shard_00/V_3,/mnt/data4t/hyw/20260604/V0527_SEG_S1/interaction_annotator_v0527_4/shard_00/V_3/manifest.json,/mnt/data4t/hyw/20260604/V0527_SEG_S1/interaction_annotator_v0527_4/shard_00/V_3/tracking_boxes.csv,/mnt/data4t/hyw/20260604/V0527_SEG_S1/interaction_annotator_v0527_4/shard_00/V_3/keypoints.csv,/mnt/data4t/hyw/20260604/V0527_SEG_S1/interaction_annotator_v0527_4/shard_00/V_3/C000046_GX080003_28003_28452.mp4,0,449,28003,28452,28003,0,1884.844,466.212,1613.78,824.131,/mnt/data4t/hyw/20260604/BBOX_FAKE_0604/output/visualization_index.csv
new_20260604_0527|GOOD1|C000058_GX090008_17596_18045.mp4,5,new_20260604_0527,val,val,GOOD1_random_to_val_5,no_interaction,fake_interaction,GOOD1,GOOD1,C000058,C000058_E0001,C000058_GX090008_17596_18045.mp4,SV_GX090008_3c68c065a1e1,GX090008.MP4,/mnt/data4t/hyw/20260604/BBOX_FAKE_0604/output/GOOD1/C000058_GX090008_17596_18045.mp4,,/mnt/data4t/hyw/20260604/Interaction_Annotator-V0527/output/annotations/SV_GX090008_3c68c065a1e1/C000058.csv,/mnt/data4t/hyw/20260604/Interaction_Annotator-V0527/output/fake_interaction/SV_GX090008_3c68c065a1e1/C000058_GX090008_17596_18045.mp4,/mnt/data4t/hyw/20260604/V0527_SEG_S1/interaction_annotator_v0527_4/shard_01/V_4,/mnt/data4t/hyw/20260604/V0527_SEG_S1/interaction_annotator_v0527_4/shard_01/V_4/manifest.json,/mnt/data4t/hyw/20260604/V0527_SEG_S1/interaction_annotator_v0527_4/shard_01/V_4/tracking_boxes.csv,/mnt/data4t/hyw/20260604/V0527_SEG_S1/interaction_annotator_v0527_4/shard_01/V_4/keypoints.csv,/mnt/data4t/hyw/20260604/V0527_SEG_S1/interaction_annotator_v0527_4/shard_01/V_4/C000058_GX090008_17596_18045.mp4,0,449,17596,18045,17596,0,1677.949,245.524,1186.197,465.513,/mnt/data4t/hyw/20260604/BBOX_FAKE_0604/output/visualization_index.csv
new_20260604_0527|GOOD|C000056_GX090008_4076_4525.mp4,5,new_20260604_0527,val,val,GOOD_random_to_val_unfriendly_1,unfriendly,unfriendly,GOOD,,C000056,C000056_E0001,C000056_GX090008_4076_4525.mp4,SV_GX090008_3c68c065a1e1,GX090008.MP4,/mnt/data4t/hyw/20260604/BBOX_VIS-V0527/GOOD/C000056_GX090008_4076_4525.mp4,/mnt/data4t/hyw/20260604/BBOX_VIS-V0527/output_selected_IDs/C000056_GX090008_4076_4525.mp4.csv,/mnt/data4t/hyw/20260604/Interaction_Annotator-V0527/output/annotations/SV_GX090008_3c68c065a1e1/C000056.csv,/mnt/data4t/hyw/20260604/Interaction_Annotator-V0527/output/videos/SV_GX090008_3c68c065a1e1/C000056_GX090008_4076_4525.mp4,/mnt/data4t/hyw/20260604/V0527_SEG_S1/interaction_annotator_v0527_4/shard_03/V_8,/mnt/data4t/hyw/20260604/V0527_SEG_S1/interaction_annotator_v0527_4/shard_03/V_8/manifest.json,/mnt/data4t/hyw/20260604/V0527_SEG_S1/interaction_annotator_v0527_4/shard_03/V_8/tracking_boxes.csv,/mnt/data4t/hyw/20260604/V0527_SEG_S1/interaction_annotator_v0527_4/shard_03/V_8/keypoints.csv,/mnt/data4t/hyw/20260604/V0527_SEG_S1/interaction_annotator_v0527_4/shard_03/V_8/C000056_GX090008_4076_4525.mp4,0,449,4076,4525,4076,0,2250.358,373.109,634.477,379.307,/mnt/data4t/hyw/20260604/BBOX_VIS-V0527/output/visualization_index.csv
new_20260604_0531|GOOD|C000023_friendly_GX030007_17675_18124.mp4,6,new_20260604_0531,train,trn,GOOD_default_train,friendly,friendly,GOOD,,C000023,C000023_E0001,C000023_friendly_GX030007_17675_18124.mp4,SV_GX030007_553b3692d780,GX030007.MP4,/mnt/data4t/hyw/20260604/BBOX_VIS-V0531/GOOD/C000023_friendly_GX030007_17675_18124.mp4,/mnt/data4t/hyw/20260604/BBOX_VIS-V0531/output_selected_IDs/C000023_friendly_GX030007_17675_18124.mp4.csv,/mnt/data4t/hyw/20260604/Interaction_Annotator-V0531/output/annotations/SV_GX030007_553b3692d780/C000023.csv,/mnt/data4t/hyw/20260604/Interaction_Annotator-V0531/output/videos/SV_GX030007_553b3692d780/C000023_friendly_GX030007_17675_18124.mp4,/mnt/data4t/hyw/20260604/V0531_SEG_S1_FR_UF/V_10,/mnt/data4t/hyw/20260604/V0531_SEG_S1_FR_UF/V_10/manifest.json,/mnt/data4t/hyw/20260604/V0531_SEG_S1_FR_UF/V_10/tracking_boxes.csv,/mnt/data4t/hyw/20260604/V0531_SEG_S1_FR_UF/V_10/keypoints.csv,/mnt/data4t/hyw/20260604/V0531_SEG_S1_FR_UF/V_10/C000023_friendly_GX030007_17675_18124.mp4,0,449,17675,18124,17675,0,657.268,1359.308,475.858,441.376,/mnt/data4t/hyw/20260604/BBOX_VIS-V0531/output/visualization_index.csv
new_20260604_0531|GOOD|C000024_friendly_GX030007_18206_18655.mp4,6,new_20260604_0531,train,trn,GOOD_default_train,friendly,friendly,GOOD,,C000024,C000024_E0001,C000024_friendly_GX030007_18206_18655.mp4,SV_GX030007_553b3692d780,GX030007.MP4,/mnt/data4t/hyw/20260604/BBOX_VIS-V0531/GOOD/C000024_friendly_GX030007_18206_18655.mp4,/mnt/data4t/hyw/20260604/BBOX_VIS-V0531/output_selected_IDs/C000024_friendly_GX030007_18206_18655.mp4.csv,/mnt/data4t/hyw/20260604/Interaction_Annotator-V0531/output/annotations/SV_GX030007_553b3692d780/C000024.csv,/mnt/data4t/hyw/20260604/Interaction_Annotator-V0531/output/videos/SV_GX030007_553b3692d780/C000024_friendly_GX030007_18206_18655.mp4,/mnt/data4t/hyw/20260604/V0531_SEG_S1_FR_UF/V_11,/mnt/data4t/hyw/20260604/V0531_SEG_S1_FR_UF/V_11/manifest.json,/mnt/data4t/hyw/20260604/V0531_SEG_S1_FR_UF/V_11/tracking_boxes.csv,/mnt/data4t/hyw/20260604/V0531_SEG_S1_FR_UF/V_11/keypoints.csv,/mnt/data4t/hyw/20260604/V0531_SEG_S1_FR_UF/V_11/C000024_friendly_GX030007_18206_18655.mp4,0,449,18206,18655,18206,0,736.578,1293.791,420.686,482.755,/mnt/data4t/hyw/20260604/BBOX_VIS-V0531/output/visualization_index.csv
new_20260604_0531|GOOD|C000097_friendly_GX020007_0_449.mp4,6,new_20260604_0531,train,trn,GOOD_default_train,friendly,friendly,GOOD,,C000097,C000097_E0001,C000097_friendly_GX020007_0_449.mp4,SV_GX020007_d51673cbc6b3,GX020007.MP4,/mnt/data4t/hyw/20260604/BBOX_VIS-V0531/GOOD/C000097_friendly_GX020007_0_449.mp4,/mnt/data4t/hyw/20260604/BBOX_VIS-V0531/output_selected_IDs/C000097_friendly_GX020007_0_449.mp4.csv,/mnt/data4t/hyw/20260604/Interaction_Annotator-V0531/output/annotations/SV_GX020007_d51673cbc6b3/C000097.csv,/mnt/data4t/hyw/20260604/Interaction_Annotator-V0531/output/videos/SV_GX020007_d51673cbc6b3/C000097_friendly_GX020007_0_449.mp4,/mnt/data4t/hyw/20260604/V0531_SEG_S1_FR_UF/V_5,/mnt/data4t/hyw/20260604/V0531_SEG_S1_FR_UF/V_5/manifest.json,/mnt/data4t/hyw/20260604/V0531_SEG_S1_FR_UF/V_5/tracking_boxes.csv,/mnt/data4t/hyw/20260604/V0531_SEG_S1_FR_UF/V_5/keypoints.csv,/mnt/data4t/hyw/20260604/V0531_SEG_S1_FR_UF/V_5/C000097_friendly_GX020007_0_449.mp4,0,449,0,449,0,0,364.167,1155.861,120.689,117.24,/mnt/data4t/hyw/20260604/BBOX_VIS-V0531/output/visualization_index.csv
new_20260604_0531|GOOD2|C000002_friendly_GX070006_15368_15817.mp4,6,new_20260604_0531,train,trn,GOOD2_default_train,no_interaction,fake_interaction,GOOD2,GOOD2,C000002,C000002_E0001,C000002_friendly_GX070006_15368_15817.mp4,SV_GX070006_70793fc3ae8f,GX070006.MP4,/mnt/data4t/hyw/20260604/BBOX_FAKE_0604/output/GOOD2/C000002_friendly_GX070006_15368_15817.mp4,,/mnt/data4t/hyw/20260604/Interaction_Annotator-V0531/output/annotations/SV_GX070006_70793fc3ae8f/C000002.csv,/mnt/data4t/hyw/20260604/Interaction_Annotator-V0531/output/fake_interaction/SV_GX070006_70793fc3ae8f/C000002_friendly_GX070006_15368_15817.mp4,/mnt/data4t/hyw/20260604/V0531_SEG_S1_FI/V_34,/mnt/data4t/hyw/20260604/V0531_SEG_S1_FI/V_34/manifest.json,/mnt/data4t/hyw/20260604/V0531_SEG_S1_FI/V_34/tracking_boxes.csv,/mnt/data4t/hyw/20260604/V0531_SEG_S1_FI/V_34/keypoints.csv,D:\DairyCowSNA\Interaction_Annotator-V0531\output\fake_interaction\SV_GX070006_70793fc3ae8f\C000002_friendly_GX070006_15368_15817.mp4,0,449,15368,15817,15368,0,0.0,0.0,1084.221,1075.41,/mnt/data4t/hyw/20260604/BBOX_FAKE_0604/output/visualization_index.csv
new_20260604_0531|GOOD2|C000003_friendly_GX070006_15930_16745.mp4,6,new_20260604_0531,train,trn,GOOD2_default_train,no_interaction,fake_interaction,GOOD2,GOOD2,C000003,C000003_E0001,C000003_friendly_GX070006_15930_16745.mp4,SV_GX070006_70793fc3ae8f,GX070006.MP4,/mnt/data4t/hyw/20260604/BBOX_FAKE_0604/output/GOOD2/C000003_friendly_GX070006_15930_16745.mp4,,/mnt/data4t/hyw/20260604/Interaction_Annotator-V0531/output/annotations/SV_GX070006_70793fc3ae8f/C000003.csv,/mnt/data4t/hyw/20260604/Interaction_Annotator-V0531/output/fake_interaction/SV_GX070006_70793fc3ae8f/C000003_friendly_GX070006_15930_16745.mp4,/mnt/data4t/hyw/20260604/V0531_SEG_S1_FI/V_35,/mnt/data4t/hyw/20260604/V0531_SEG_S1_FI/V_35/manifest.json,/mnt/data4t/hyw/20260604/V0531_SEG_S1_FI/V_35/tracking_boxes.csv,/mnt/data4t/hyw/20260604/V0531_SEG_S1_FI/V_35/keypoints.csv,D:\DairyCowSNA\Interaction_Annotator-V0531\output\fake_interaction\SV_GX070006_70793fc3ae8f\C000003_friendly_GX070006_15930_16745.mp4,0,815,15930,16745,15930,0,0.0,41.967,1299.303,1127.869,/mnt/data4t/hyw/20260604/BBOX_FAKE_0604/output/visualization_index.csv
new_20260604_0531|GOOD2|C000004_friendly_GX070003_10485_10934.mp4,6,new_20260604_0531,train,trn,GOOD2_default_train,no_interaction,fake_interaction,GOOD2,GOOD2,C000004,C000004_E0001,C000004_friendly_GX070003_10485_10934.mp4,SV_GX070003_c6dd1d4c182c,GX070003.MP4,/mnt/data4t/hyw/20260604/BBOX_FAKE_0604/output/GOOD2/C000004_friendly_GX070003_10485_10934.mp4,,/mnt/data4t/hyw/20260604/Interaction_Annotator-V0531/output/annotations/SV_GX070003_c6dd1d4c182c/C000004.csv,/mnt/data4t/hyw/20260604/Interaction_Annotator-V0531/output/fake_interaction/SV_GX070003_c6dd1d4c182c/C000004_friendly_GX070003_10485_10934.mp4,/mnt/data4t/hyw/20260604/V0531_SEG_S1_FI/V_31,/mnt/data4t/hyw/20260604/V0531_SEG_S1_FI/V_31/manifest.json,/mnt/data4t/hyw/20260604/V0531_SEG_S1_FI/V_31/tracking_boxes.csv,/mnt/data4t/hyw/20260604/V0531_SEG_S1_FI/V_31/keypoints.csv,D:\DairyCowSNA\Interaction_Annotator-V0531\output\fake_interaction\SV_GX070003_c6dd1d4c182c\C000004_friendly_GX070003_10485_10934.mp4,0,449,10485,10934,10485,0,1098.644,0.0,2248.257,1086.896,/mnt/data4t/hyw/20260604/BBOX_FAKE_0604/output/visualization_index.csv
new_20260604_0531|GOOD2|C000005_friendly_GX070003_11425_12312.mp4,6,new_20260604_0531,train,trn,GOOD2_default_train,no_interaction,fake_interaction,GOOD2,GOOD2,C000005,C000005_E0001,C000005_friendly_GX070003_11425_12312.mp4,SV_GX070003_c6dd1d4c182c,GX070003.MP4,/mnt/data4t/hyw/20260604/BBOX_FAKE_0604/output/GOOD2/C000005_friendly_GX070003_11425_12312.mp4,,/mnt/data4t/hyw/20260604/Interaction_Annotator-V0531/output/annotations/SV_GX070003_c6dd1d4c182c/C000005.csv,/mnt/data4t/hyw/20260604/Interaction_Annotator-V0531/output/fake_interaction/SV_GX070003_c6dd1d4c182c/C000005_friendly_GX070003_11425_12312.mp4,/mnt/data4t/hyw/20260604/V0531_SEG_S1_FI/V_32,/mnt/data4t/hyw/20260604/V0531_SEG_S1_FI/V_32/manifest.json,/mnt/data4t/hyw/20260604/V0531_SEG_S1_FI/V_32/tracking_boxes.csv,/mnt/data4t/hyw/20260604/V0531_SEG_S1_FI/V_32/keypoints.csv,D:\DairyCowSNA\Interaction_Annotator-V0531\output\fake_interaction\SV_GX070003_c6dd1d4c182c\C000005_friendly_GX070003_11425_12312.mp4,0,887,11425,12312,11425,0,1177.953,0.0,2124.12,1028.276,/mnt/data4t/hyw/20260604/BBOX_FAKE_0604/output/visualization_index.csv
new_20260604_0531|GOOD2|C000010_friendly_GX090002_1558_3295.mp4,6,new_20260604_0531,train,trn,GOOD2_default_train,no_interaction,fake_interaction,GOOD2,GOOD2,C000010,C000010_E0001,C000010_friendly_GX090002_1558_3295.mp4,SV_GX090002_770784b478a6,GX090002.MP4,/mnt/data4t/hyw/20260604/BBOX_FAKE_0604/output/GOOD2/C000010_friendly_GX090002_1558_3295.mp4,,/mnt/data4t/hyw/20260604/Interaction_Annotator-V0531/output/annotations/SV_GX090002_770784b478a6/C000010.csv,/mnt/data4t/hyw/20260604/Interaction_Annotator-V0531/output/fake_interaction/SV_GX090002_770784b478a6/C000010_friendly_GX090002_1558_3295.mp4,/mnt/data4t/hyw/20260604/V0531_SEG_S1_FI/V_39,/mnt/data4t/hyw/20260604/V0531_SEG_S1_FI/V_39/manifest.json,/mnt/data4t/hyw/20260604/V0531_SEG_S1_FI/V_39/tracking_boxes.csv,/mnt/data4t/hyw/20260604/V0531_SEG_S1_FI/V_39/keypoints.csv,D:\DairyCowSNA\Interaction_Annotator-V0531\output\fake_interaction\SV_GX090002_770784b478a6\C000010_friendly_GX090002_1558_3295.mp4,0,1737,1558,3295,1558,0,2026.222,659.314,951.716,782.752,/mnt/data4t/hyw/20260604/BBOX_FAKE_0604/output/visualization_index.csv
new_20260604_0531|GOOD2|C000014_friendly_GX030007_75_905.mp4,6,new_20260604_0531,train,trn,GOOD2_default_train,no_interaction,fake_interaction,GOOD2,GOOD2,C000014,C000014_E0001,C000014_friendly_GX030007_75_905.mp4,SV_GX030007_553b3692d780,GX030007.MP4,/mnt/data4t/hyw/20260604/BBOX_FAKE_0604/output/GOOD2/C000014_friendly_GX030007_75_905.mp4,,/mnt/data4t/hyw/20260604/Interaction_Annotator-V0531/output/annotations/SV_GX030007_553b3692d780/C000014.csv,/mnt/data4t/hyw/20260604/Interaction_Annotator-V0531/output/fake_interaction/SV_GX030007_553b3692d780/C000014_friendly_GX030007_75_905.mp4,/mnt/data4t/hyw/20260604/V0531_SEG_S1_FI/V_15,/mnt/data4t/hyw/20260604/V0531_SEG_S1_FI/V_15/manifest.json,/mnt/data4t/hyw/20260604/V0531_SEG_S1_FI/V_15/tracking_boxes.csv,/mnt/data4t/hyw/20260604/V0531_SEG_S1_FI/V_15/keypoints.csv,D:\DairyCowSNA\Interaction_Annotator-V0531\output\fake_interaction\SV_GX030007_553b3692d780\C000014_friendly_GX030007_75_905.mp4,0,830,75,905,75,0,333.133,1011.035,1231.024,1089.646,/mnt/data4t/hyw/20260604/BBOX_FAKE_0604/output/visualization_index.csv
new_20260604_0531|GOOD2|C000015_friendly_GX030007_2128_2840.mp4,6,new_20260604_0531,train,trn,GOOD2_default_train,no_interaction,fake_interaction,GOOD2,GOOD2,C000015,C000015_E0001,C000015_friendly_GX030007_2128_2840.mp4,SV_GX030007_553b3692d780,GX030007.MP4,/mnt/data4t/hyw/20260604/BBOX_FAKE_0604/output/GOOD2/C000015_friendly_GX030007_2128_2840.mp4,,/mnt/data4t/hyw/20260604/Interaction_Annotator-V0531/output/annotations/SV_GX030007_553b3692d780/C000015.csv,/mnt/data4t/hyw/20260604/Interaction_Annotator-V0531/output/fake_interaction/SV_GX030007_553b3692d780/C000015_friendly_GX030007_2128_2840.mp4,/mnt/data4t/hyw/20260604/V0531_SEG_S1_FI/V_16,/mnt/data4t/hyw/20260604/V0531_SEG_S1_FI/V_16/manifest.json,/mnt/data4t/hyw/20260604/V0531_SEG_S1_FI/V_16/tracking_boxes.csv,/mnt/data4t/hyw/20260604/V0531_SEG_S1_FI/V_16/keypoints.csv,D:\DairyCowSNA\Interaction_Annotator-V0531\output\fake_interaction\SV_GX030007_553b3692d780\C000015_friendly_GX030007_2128_2840.mp4,0,712,2128,2840,2128,0,340.029,831.726,1268.955,1237.921,/mnt/data4t/hyw/20260604/BBOX_FAKE_0604/output/visualization_index.csv
new_20260604_0531|GOOD2|C000019_friendly_GX030007_13288_13737.mp4,6,new_20260604_0531,train,trn,GOOD2_default_train,no_interaction,fake_interaction,GOOD2,GOOD2,C000019,C000019_E0001,C000019_friendly_GX030007_13288_13737.mp4,SV_GX030007_553b3692d780,GX030007.MP4,/mnt/data4t/hyw/20260604/BBOX_FAKE_0604/output/GOOD2/C000019_friendly_GX030007_13288_13737.mp4,,/mnt/data4t/hyw/20260604/Interaction_Annotator-V0531/output/annotations/SV_GX030007_553b3692d780/C000019.csv,/mnt/data4t/hyw/20260604/Interaction_Annotator-V0531/output/fake_interaction/SV_GX030007_553b3692d780/C000019_friendly_GX030007_13288_13737.mp4,/mnt/data4t/hyw/20260604/V0531_SEG_S1_FI/V_17,/mnt/data4t/hyw/20260604/V0531_SEG_S1_FI/V_17/manifest.json,/mnt/data4t/hyw/20260604/V0531_SEG_S1_FI/V_17/tracking_boxes.csv,/mnt/data4t/hyw/20260604/V0531_SEG_S1_FI/V_17/keypoints.csv,D:\DairyCowSNA\Interaction_Annotator-V0531\output\fake_interaction\SV_GX030007_553b3692d780\C000019_friendly_GX030007_13288_13737.mp4,0,449,13288,13737,13288,0,1284.849,866.209,1258.61,1293.791,/mnt/data4t/hyw/20260604/BBOX_FAKE_0604/output/visualization_index.csv
new_20260604_0531|GOOD2|C000029_friendly_GX030007_29738_30187.mp4,6,new_20260604_0531,train,trn,GOOD2_default_train,no_interaction,fake_interaction,GOOD2,GOOD2,C000029,C000029_E0001,C000029_friendly_GX030007_29738_30187.mp4,SV_GX030007_553b3692d780,GX030007.MP4,/mnt/data4t/hyw/20260604/BBOX_FAKE_0604/output/GOOD2/C000029_friendly_GX030007_29738_30187.mp4,,/mnt/data4t/hyw/20260604/Interaction_Annotator-V0531/output/annotations/SV_GX030007_553b3692d780/C000029.csv,/mnt/data4t/hyw/20260604/Interaction_Annotator-V0531/output/fake_interaction/SV_GX030007_553b3692d780/C000029_friendly_GX030007_29738_30187.mp4,/mnt/data4t/hyw/20260604/V0531_SEG_S1_FI/V_18,/mnt/data4t/hyw/20260604/V0531_SEG_S1_FI/V_18/manifest.json,/mnt/data4t/hyw/20260604/V0531_SEG_S1_FI/V_18/tracking_boxes.csv,/mnt/data4t/hyw/20260604/V0531_SEG_S1_FI/V_18/keypoints.csv,D:\DairyCowSNA\Interaction_Annotator-V0531\output\fake_interaction\SV_GX030007_553b3692d780\C000029_friendly_GX030007_29738_30187.mp4,0,449,29738,30187,29738,0,412.443,883.45,882.751,1099.991,/mnt/data4t/hyw/20260604/BBOX_FAKE_0604/output/visualization_index.csv
new_20260604_0531|GOOD2|C000030_friendly_GX030007_30298_31494.mp4,6,new_20260604_0531,train,trn,GOOD2_default_train,no_interaction,fake_interaction,GOOD2,GOOD2,C000030,C000030_E0001,C000030_friendly_GX030007_30298_31494.mp4,SV_GX030007_553b3692d780,GX030007.MP4,/mnt/data4t/hyw/20260604/BBOX_FAKE_0604/output/GOOD2/C000030_friendly_GX030007_30298_31494.mp4,,/mnt/data4t/hyw/20260604/Interaction_Annotator-V0531/output/annotations/SV_GX030007_553b3692d780/C000030.csv,/mnt/data4t/hyw/20260604/Interaction_Annotator-V0531/output/fake_interaction/SV_GX030007_553b3692d780/C000030_friendly_GX030007_30298_31494.mp4,/mnt/data4t/hyw/20260604/V0531_SEG_S1_FI/V_19,/mnt/data4t/hyw/20260604/V0531_SEG_S1_FI/V_19/manifest.json,/mnt/data4t/hyw/20260604/V0531_SEG_S1_FI/V_19/tracking_boxes.csv,/mnt/data4t/hyw/20260604/V0531_SEG_S1_FI/V_19/keypoints.csv,D:\DairyCowSNA\Interaction_Annotator-V0531\output\fake_interaction\SV_GX030007_553b3692d780\C000030_friendly_GX030007_30298_31494.mp4,0,278,30341,30619,30341,0,464.166,817.933,717.235,1034.474,/mnt/data4t/hyw/20260604/BBOX_FAKE_0604/output/visualization_index.csv
new_20260604_0531|GOOD2|C000031_friendly_GX030007_31516_33005.mp4,6,new_20260604_0531,train,trn,GOOD2_default_train,no_interaction,fake_interaction,GOOD2,GOOD2,C000031,C000031_E0001,C000031_friendly_GX030007_31516_33005.mp4,SV_GX030007_553b3692d780,GX030007.MP4,/mnt/data4t/hyw/20260604/BBOX_FAKE_0604/output/GOOD2/C000031_friendly_GX030007_31516_33005.mp4,,/mnt/data4t/hyw/20260604/Interaction_Annotator-V0531/output/annotations/SV_GX030007_553b3692d780/C000031.csv,/mnt/data4t/hyw/20260604/Interaction_Annotator-V0531/output/fake_interaction/SV_GX030007_553b3692d780/C000031_friendly_GX030007_31516_33005.mp4,/mnt/data4t/hyw/20260604/V0531_SEG_S1_FI/V_20,/mnt/data4t/hyw/20260604/V0531_SEG_S1_FI/V_20/manifest.json,/mnt/data4t/hyw/20260604/V0531_SEG_S1_FI/V_20/tracking_boxes.csv,/mnt/data4t/hyw/20260604/V0531_SEG_S1_FI/V_20/keypoints.csv,D:\DairyCowSNA\Interaction_Annotator-V0531\output\fake_interaction\SV_GX030007_553b3692d780\C000031_friendly_GX030007_31516_33005.mp4,0,1489,31516,33005,31516,0,453.822,1097.241,662.063,862.062,/mnt/data4t/hyw/20260604/BBOX_FAKE_0604/output/visualization_index.csv
new_20260604_0531|GOOD2|C000035_unfriendly_GX010006_2856_3305.mp4,6,new_20260604_0531,train,trn,GOOD2_default_train,no_interaction,fake_interaction,GOOD2,GOOD2,C000035,C000035_E0001,C000035_unfriendly_GX010006_2856_3305.mp4,SV_GX010006_a89ee5282cc5,GX010006.MP4,/mnt/data4t/hyw/20260604/BBOX_FAKE_0604/output/GOOD2/C000035_unfriendly_GX010006_2856_3305.mp4,,/mnt/data4t/hyw/20260604/Interaction_Annotator-V0531/output/annotations/SV_GX010006_a89ee5282cc5/C000035.csv,/mnt/data4t/hyw/20260604/Interaction_Annotator-V0531/output/fake_interaction/SV_GX010006_a89ee5282cc5/C000035_unfriendly_GX010006_2856_3305.mp4,/mnt/data4t/hyw/20260604/V0531_SEG_S1_FI/V_2,/mnt/data4t/hyw/20260604/V0531_SEG_S1_FI/V_2/manifest.json,/mnt/data4t/hyw/20260604/V0531_SEG_S1_FI/V_2/tracking_boxes.csv,/mnt/data4t/hyw/20260604/V0531_SEG_S1_FI/V_2/keypoints.csv,D:\DairyCowSNA\Interaction_Annotator-V0531\output\fake_interaction\SV_GX010006_a89ee5282cc5\C000035_unfriendly_GX010006_2856_3305.mp4,0,449,2856,3305,2856,0,0.0,293.77,926.844,807.869,/mnt/data4t/hyw/20260604/BBOX_FAKE_0604/output/visualization_index.csv
new_20260604_0531|GOOD2|C000036_unfriendly_GX010006_3901_4350.mp4,6,new_20260604_0531,train,trn,GOOD2_default_train,no_interaction,fake_interaction,GOOD2,GOOD2,C000036,C000036_E0001,C000036_unfriendly_GX010006_3901_4350.mp4,SV_GX010006_a89ee5282cc5,GX010006.MP4,/mnt/data4t/hyw/20260604/BBOX_FAKE_0604/output/GOOD2/C000036_unfriendly_GX010006_3901_4350.mp4,,/mnt/data4t/hyw/20260604/Interaction_Annotator-V0531/output/annotations/SV_GX010006_a89ee5282cc5/C000036.csv,/mnt/data4t/hyw/20260604/Interaction_Annotator-V0531/output/fake_interaction/SV_GX010006_a89ee5282cc5/C000036_unfriendly_GX010006_3901_4350.mp4,/mnt/data4t/hyw/20260604/V0531_SEG_S1_FI/V_3,/mnt/data4t/hyw/20260604/V0531_SEG_S1_FI/V_3/manifest.json,/mnt/data4t/hyw/20260604/V0531_SEG_S1_FI/V_3/tracking_boxes.csv,/mnt/data4t/hyw/20260604/V0531_SEG_S1_FI/V_3/keypoints.csv,D:\DairyCowSNA\Interaction_Annotator-V0531\output\fake_interaction\SV_GX010006_a89ee5282cc5\C000036_unfriendly_GX010006_3901_4350.mp4,0,449,3901,4350,3901,0,0.0,241.311,1225.861,1043.934,/mnt/data4t/hyw/20260604/BBOX_FAKE_0604/output/visualization_index.csv
new_20260604_0531|GOOD2|C000037_unfriendly_GX010006_4736_5185.mp4,6,new_20260604_0531,train,trn,GOOD2_default_train,no_interaction,fake_interaction,GOOD2,GOOD2,C000037,C000037_E0001,C000037_unfriendly_GX010006_4736_5185.mp4,SV_GX010006_a89ee5282cc5,GX010006.MP4,/mnt/data4t/hyw/20260604/BBOX_FAKE_0604/output/GOOD2/C000037_unfriendly_GX010006_4736_5185.mp4,,/mnt/data4t/hyw/20260604/Interaction_Annotator-V0531/output/annotations/SV_GX010006_a89ee5282cc5/C000037.csv,/mnt/data4t/hyw/20260604/Interaction_Annotator-V0531/output/fake_interaction/SV_GX010006_a89ee5282cc5/C000037_unfriendly_GX010006_4736_5185.mp4,/mnt/data4t/hyw/20260604/V0531_SEG_S1_FI/V_4,/mnt/data4t/hyw/20260604/V0531_SEG_S1_FI/V_4/manifest.json,/mnt/data4t/hyw/20260604/V0531_SEG_S1_FI/V_4/tracking_boxes.csv,/mnt/data4t/hyw/20260604/V0531_SEG_S1_FI/V_4/keypoints.csv,D:\DairyCowSNA\Interaction_Annotator-V0531\output\fake_interaction\SV_GX010006_a89ee5282cc5\C000037_unfriendly_GX010006_4736_5185.mp4,0,449,4736,5185,4736,0,187.172,419.672,797.377,1033.443,/mnt/data4t/hyw/20260604/BBOX_FAKE_0604/output/visualization_index.csv
new_20260604_0531|GOOD2|C000040_unfriendly_GX010006_14930_15475.mp4,6,new_20260604_0531,train,trn,GOOD2_default_train,no_interaction,fake_interaction,GOOD2,GOOD2,C000040,C000040_E0001,C000040_unfriendly_GX010006_14930_15475.mp4,SV_GX010006_a89ee5282cc5,GX010006.MP4,/mnt/data4t/hyw/20260604/BBOX_FAKE_0604/output/GOOD2/C000040_unfriendly_GX010006_14930_15475.mp4,,/mnt/data4t/hyw/20260604/Interaction_Annotator-V0531/output/annotations/SV_GX010006_a89ee5282cc5/C000040.csv,/mnt/data4t/hyw/20260604/Interaction_Annotator-V0531/output/fake_interaction/SV_GX010006_a89ee5282cc5/C000040_unfriendly_GX010006_14930_15475.mp4,/mnt/data4t/hyw/20260604/V0531_SEG_S1_FI/V_5,/mnt/data4t/hyw/20260604/V0531_SEG_S1_FI/V_5/manifest.json,/mnt/data4t/hyw/20260604/V0531_SEG_S1_FI/V_5/tracking_boxes.csv,/mnt/data4t/hyw/20260604/V0531_SEG_S1_FI/V_5/keypoints.csv,D:\DairyCowSNA\Interaction_Annotator-V0531\output\fake_interaction\SV_GX010006_a89ee5282cc5\C000040_unfriendly_GX010006_14930_15475.mp4,0,545,14930,15475,14930,0,1425.205,2633.443,734.795,1206.557,/mnt/data4t/hyw/20260604/BBOX_FAKE_0604/output/visualization_index.csv
new_20260604_0531|GOOD2|C000042_friendly_GX020006_1933_2647.mp4,6,new_20260604_0531,train,trn,GOOD2_default_train,no_interaction,fake_interaction,GOOD2,GOOD2,C000042,C000042_E0001,C000042_friendly_GX020006_1933_2647.mp4,SV_GX020006_7268c7414c6e,GX020006.MP4,/mnt/data4t/hyw/20260604/BBOX_FAKE_0604/output/GOOD2/C000042_friendly_GX020006_1933_2647.mp4,,/mnt/data4t/hyw/20260604/Interaction_Annotator-V0531/output/annotations/SV_GX020006_7268c7414c6e/C000042.csv,/mnt/data4t/hyw/20260604/Interaction_Annotator-V0531/output/fake_interaction/SV_GX020006_7268c7414c6e/C000042_friendly_GX020006_1933_2647.mp4,/mnt/data4t/hyw/20260604/V0531_SEG_S1_FI/V_7,/mnt/data4t/hyw/20260604/V0531_SEG_S1_FI/V_7/manifest.json,/mnt/data4t/hyw/20260604/V0531_SEG_S1_FI/V_7/tracking_boxes.csv,/mnt/data4t/hyw/20260604/V0531_SEG_S1_FI/V_7/keypoints.csv,D:\DairyCowSNA\Interaction_Annotator-V0531\output\fake_interaction\SV_GX020006_7268c7414c6e\C000042_friendly_GX020006_1933_2647.mp4,0,714,1933,2647,1933,0,0.0,335.738,1718.975,1363.934,/mnt/data4t/hyw/20260604/BBOX_FAKE_0604/output/visualization_index.csv
new_20260604_0531|GOOD2|C000043_friendly_GX070005_6468_6917.mp4,6,new_20260604_0531,train,trn,GOOD2_default_train,no_interaction,fake_interaction,GOOD2,GOOD2,C000043,C000043_E0001,C000043_friendly_GX070005_6468_6917.mp4,SV_GX070005_82af9a522531,GX070005.MP4,/mnt/data4t/hyw/20260604/BBOX_FAKE_0604/output/GOOD2/C000043_friendly_GX070005_6468_6917.mp4,,/mnt/data4t/hyw/20260604/Interaction_Annotator-V0531/output/annotations/SV_GX070005_82af9a522531/C000043.csv,/mnt/data4t/hyw/20260604/Interaction_Annotator-V0531/output/fake_interaction/SV_GX070005_82af9a522531/C000043_friendly_GX070005_6468_6917.mp4,/mnt/data4t/hyw/20260604/V0531_SEG_S1_FI/V_33,/mnt/data4t/hyw/20260604/V0531_SEG_S1_FI/V_33/manifest.json,/mnt/data4t/hyw/20260604/V0531_SEG_S1_FI/V_33/tracking_boxes.csv,/mnt/data4t/hyw/20260604/V0531_SEG_S1_FI/V_33/keypoints.csv,D:\DairyCowSNA\Interaction_Annotator-V0531\output\fake_interaction\SV_GX070005_82af9a522531\C000043_friendly_GX070005_6468_6917.mp4,0,449,6468,6917,6468,0,0.0,152.131,879.631,792.131,/mnt/data4t/hyw/20260604/BBOX_FAKE_0604/output/visualization_index.csv
new_20260604_0531|GOOD2|C000055_unfriendly_GX030006_4776_5225.mp4,6,new_20260604_0531,train,trn,GOOD2_default_train,no_interaction,fake_interaction,GOOD2,GOOD2,C000055,C000055_E0001,C000055_unfriendly_GX030006_4776_5225.mp4,SV_GX030006_37853f65a887,GX030006.MP4,/mnt/data4t/hyw/20260604/BBOX_FAKE_0604/output/GOOD2/C000055_unfriendly_GX030006_4776_5225.mp4,,/mnt/data4t/hyw/20260604/Interaction_Annotator-V0531/output/annotations/SV_GX030006_37853f65a887/C000055.csv,/mnt/data4t/hyw/20260604/Interaction_Annotator-V0531/output/fake_interaction/SV_GX030006_37853f65a887/C000055_unfriendly_GX030006_4776_5225.mp4,/mnt/data4t/hyw/20260604/V0531_SEG_S1_FI/V_12,/mnt/data4t/hyw/20260604/V0531_SEG_S1_FI/V_12/manifest.json,/mnt/data4t/hyw/20260604/V0531_SEG_S1_FI/V_12/tracking_boxes.csv,/mnt/data4t/hyw/20260604/V0531_SEG_S1_FI/V_12/keypoints.csv,D:\DairyCowSNA\Interaction_Annotator-V0531\output\fake_interaction\SV_GX030006_37853f65a887\C000055_unfriendly_GX030006_4776_5225.mp4,0,449,4776,5225,4776,0,821.926,236.066,1338.074,897.049,/mnt/data4t/hyw/20260604/BBOX_FAKE_0604/output/visualization_index.csv
new_20260604_0531|GOOD2|C000056_unfriendly_GX030006_6011_6460.mp4,6,new_20260604_0531,train,trn,GOOD2_default_train,no_interaction,fake_interaction,GOOD2,GOOD2,C000056,C000056_E0001,C000056_unfriendly_GX030006_6011_6460.mp4,SV_GX030006_37853f65a887,GX030006.MP4,/mnt/data4t/hyw/20260604/BBOX_FAKE_0604/output/GOOD2/C000056_unfriendly_GX030006_6011_6460.mp4,,/mnt/data4t/hyw/20260604/Interaction_Annotator-V0531/output/annotations/SV_GX030006_37853f65a887/C000056.csv,/mnt/data4t/hyw/20260604/Interaction_Annotator-V0531/output/fake_interaction/SV_GX030006_37853f65a887/C000056_unfriendly_GX030006_6011_6460.mp4,/mnt/data4t/hyw/20260604/V0531_SEG_S1_FI/V_13,/mnt/data4t/hyw/20260604/V0531_SEG_S1_FI/V_13/manifest.json,/mnt/data4t/hyw/20260604/V0531_SEG_S1_FI/V_13/tracking_boxes.csv,/mnt/data4t/hyw/20260604/V0531_SEG_S1_FI/V_13/keypoints.csv,D:\DairyCowSNA\Interaction_Annotator-V0531\output\fake_interaction\SV_GX030006_37853f65a887\C000056_unfriendly_GX030006_6011_6460.mp4,0,449,6011,6460,6011,0,874.385,330.492,1285.615,708.197,/mnt/data4t/hyw/20260604/BBOX_FAKE_0604/output/visualization_index.csv
new_20260604_0531|GOOD2|C000058_friendly_GX060003_42900_44034.mp4,6,new_20260604_0531,train,trn,GOOD2_default_train,no_interaction,fake_interaction,GOOD2,GOOD2,C000058,C000058_E0001,C000058_friendly_GX060003_42900_44034.mp4,SV_GX060003_29cb6ba910eb,GX060003.MP4,/mnt/data4t/hyw/20260604/BBOX_FAKE_0604/output/GOOD2/C000058_friendly_GX060003_42900_44034.mp4,,/mnt/data4t/hyw/20260604/Interaction_Annotator-V0531/output/annotations/SV_GX060003_29cb6ba910eb/C000058.csv,/mnt/data4t/hyw/20260604/Interaction_Annotator-V0531/output/fake_interaction/SV_GX060003_29cb6ba910eb/C000058_friendly_GX060003_42900_44034.mp4,/mnt/data4t/hyw/20260604/V0531_SEG_S1_FI/V_24,/mnt/data4t/hyw/20260604/V0531_SEG_S1_FI/V_24/manifest.json,/mnt/data4t/hyw/20260604/V0531_SEG_S1_FI/V_24/tracking_boxes.csv,/mnt/data4t/hyw/20260604/V0531_SEG_S1_FI/V_24/keypoints.csv,D:\DairyCowSNA\Interaction_Annotator-V0531\output\fake_interaction\SV_GX060003_29cb6ba910eb\C000058_friendly_GX060003_42900_44034.mp4,0,1134,42900,44034,42900,0,684.854,924.829,1903.432,1145.517,/mnt/data4t/hyw/20260604/BBOX_FAKE_0604/output/visualization_index.csv
new_20260604_0531|GOOD2|C000059_friendly_GX060003_44608_45057.mp4,6,new_20260604_0531,train,trn,GOOD2_default_train,no_interaction,fake_interaction,GOOD2,GOOD2,C000059,C000059_E0001,C000059_friendly_GX060003_44608_45057.mp4,SV_GX060003_29cb6ba910eb,GX060003.MP4,/mnt/data4t/hyw/20260604/BBOX_FAKE_0604/output/GOOD2/C000059_friendly_GX060003_44608_45057.mp4,,/mnt/data4t/hyw/20260604/Interaction_Annotator-V0531/output/annotations/SV_GX060003_29cb6ba910eb/C000059.csv,/mnt/data4t/hyw/20260604/Interaction_Annotator-V0531/output/fake_interaction/SV_GX060003_29cb6ba910eb/C000059_friendly_GX060003_44608_45057.mp4,/mnt/data4t/hyw/20260604/V0531_SEG_S1_FI/V_25,/mnt/data4t/hyw/20260604/V0531_SEG_S1_FI/V_25/manifest.json,/mnt/data4t/hyw/20260604/V0531_SEG_S1_FI/V_25/tracking_boxes.csv,/mnt/data4t/hyw/20260604/V0531_SEG_S1_FI/V_25/keypoints.csv,D:\DairyCowSNA\Interaction_Annotator-V0531\output\fake_interaction\SV_GX060003_29cb6ba910eb\C000059_friendly_GX060003_44608_45057.mp4,0,449,44608,45057,44608,0,784.853,235.18,2431.014,1110.335,/mnt/data4t/hyw/20260604/BBOX_FAKE_0604/output/visualization_index.csv
new_20260604_0531|GOOD2|C000064_unfriendly_GX060004_23600_24344.mp4,6,new_20260604_0531,train,trn,GOOD2_default_train,no_interaction,fake_interaction,GOOD2,GOOD2,C000064,C000064_E0001,C000064_unfriendly_GX060004_23600_24344.mp4,SV_GX060004_db5e3de6a4fa,GX060004.MP4,/mnt/data4t/hyw/20260604/BBOX_FAKE_0604/output/GOOD2/C000064_unfriendly_GX060004_23600_24344.mp4,,/mnt/data4t/hyw/20260604/Interaction_Annotator-V0531/output/annotations/SV_GX060004_db5e3de6a4fa/C000064.csv,/mnt/data4t/hyw/20260604/Interaction_Annotator-V0531/output/fake_interaction/SV_GX060004_db5e3de6a4fa/C000064_unfriendly_GX060004_23600_24344.mp4,/mnt/data4t/hyw/20260604/V0531_SEG_S1_FI/V_29,/mnt/data4t/hyw/20260604/V0531_SEG_S1_FI/V_29/manifest.json,/mnt/data4t/hyw/20260604/V0531_SEG_S1_FI/V_29/tracking_boxes.csv,/mnt/data4t/hyw/20260604/V0531_SEG_S1_FI/V_29/keypoints.csv,D:\DairyCowSNA\Interaction_Annotator-V0531\output\fake_interaction\SV_GX060004_db5e3de6a4fa\C000064_unfriendly_GX060004_23600_24344.mp4,0,744,23600,24344,23600,0,1960.705,1231.723,1472.401,928.277,/mnt/data4t/hyw/20260604/BBOX_FAKE_0604/output/visualization_index.csv
new_20260604_0531|GOOD2|C000067_unfriendly_GX060004_25930_27035.mp4,6,new_20260604_0531,train,trn,GOOD2_default_train,no_interaction,fake_interaction,GOOD2,GOOD2,C000067,C000067_E0001,C000067_unfriendly_GX060004_25930_27035.mp4,SV_GX060004_db5e3de6a4fa,GX060004.MP4,/mnt/data4t/hyw/20260604/BBOX_FAKE_0604/output/GOOD2/C000067_unfriendly_GX060004_25930_27035.mp4,,/mnt/data4t/hyw/20260604/Interaction_Annotator-V0531/output/annotations/SV_GX060004_db5e3de6a4fa/C000067.csv,/mnt/data4t/hyw/20260604/Interaction_Annotator-V0531/output/fake_interaction/SV_GX060004_db5e3de6a4fa/C000067_unfriendly_GX060004_25930_27035.mp4,/mnt/data4t/hyw/20260604/V0531_SEG_S1_FI/V_30,/mnt/data4t/hyw/20260604/V0531_SEG_S1_FI/V_30/manifest.json,/mnt/data4t/hyw/20260604/V0531_SEG_S1_FI/V_30/tracking_boxes.csv,/mnt/data4t/hyw/20260604/V0531_SEG_S1_FI/V_30/keypoints.csv,D:\DairyCowSNA\Interaction_Annotator-V0531\output\fake_interaction\SV_GX060004_db5e3de6a4fa\C000067_unfriendly_GX060004_25930_27035.mp4,0,1105,25930,27035,25930,0,1943.464,1328.274,1662.055,831.726,/mnt/data4t/hyw/20260604/BBOX_FAKE_0604/output/visualization_index.csv
new_20260604_0531|GOOD2|C000077_friendly_GX070011_456_905.mp4,6,new_20260604_0531,train,trn,GOOD2_default_train,no_interaction,fake_interaction,GOOD2,GOOD2,C000077,C000077_E0001,C000077_friendly_GX070011_456_905.mp4,SV_GX070011_0105a139bd76,GX070011.MP4,/mnt/data4t/hyw/20260604/BBOX_FAKE_0604/output/GOOD2/C000077_friendly_GX070011_456_905.mp4,,/mnt/data4t/hyw/20260604/Interaction_Annotator-V0531/output/annotations/SV_GX070011_0105a139bd76/C000077.csv,/mnt/data4t/hyw/20260604/Interaction_Annotator-V0531/output/fake_interaction/SV_GX070011_0105a139bd76/C000077_friendly_GX070011_456_905.mp4,/mnt/data4t/hyw/20260604/V0531_SEG_S1_FI/V_36,/mnt/data4t/hyw/20260604/V0531_SEG_S1_FI/V_36/manifest.json,/mnt/data4t/hyw/20260604/V0531_SEG_S1_FI/V_36/tracking_boxes.csv,/mnt/data4t/hyw/20260604/V0531_SEG_S1_FI/V_36/keypoints.csv,D:\DairyCowSNA\Interaction_Annotator-V0531\output\fake_interaction\SV_GX070011_0105a139bd76\C000077_friendly_GX070011_456_905.mp4,0,449,456,905,456,0,2277.944,907.588,962.061,820.683,/mnt/data4t/hyw/20260604/BBOX_FAKE_0604/output/visualization_index.csv
new_20260604_0531|GOOD2|C000079_friendly_GX070011_4201_4650.mp4,6,new_20260604_0531,train,trn,GOOD2_default_train,no_interaction,fake_interaction,GOOD2,GOOD2,C000079,C000079_E0001,C000079_friendly_GX070011_4201_4650.mp4,SV_GX070011_0105a139bd76,GX070011.MP4,/mnt/data4t/hyw/20260604/BBOX_FAKE_0604/output/GOOD2/C000079_friendly_GX070011_4201_4650.mp4,,/mnt/data4t/hyw/20260604/Interaction_Annotator-V0531/output/annotations/SV_GX070011_0105a139bd76/C000079.csv,/mnt/data4t/hyw/20260604/Interaction_Annotator-V0531/output/fake_interaction/SV_GX070011_0105a139bd76/C000079_friendly_GX070011_4201_4650.mp4,/mnt/data4t/hyw/20260604/V0531_SEG_S1_FI/V_37,/mnt/data4t/hyw/20260604/V0531_SEG_S1_FI/V_37/manifest.json,/mnt/data4t/hyw/20260604/V0531_SEG_S1_FI/V_37/tracking_boxes.csv,/mnt/data4t/hyw/20260604/V0531_SEG_S1_FI/V_37/keypoints.csv,D:\DairyCowSNA\Interaction_Annotator-V0531\output\fake_interaction\SV_GX070011_0105a139bd76\C000079_friendly_GX070011_4201_4650.mp4,0,449,4201,4650,4201,0,2357.254,848.967,862.062,903.441,/mnt/data4t/hyw/20260604/BBOX_FAKE_0604/output/visualization_index.csv
new_20260604_0531|GOOD2|C000085_friendly_GX070011_14510_14959.mp4,6,new_20260604_0531,train,trn,GOOD2_default_train,no_interaction,fake_interaction,GOOD2,GOOD2,C000085,C000085_E0001,C000085_friendly_GX070011_14510_14959.mp4,SV_GX070011_0105a139bd76,GX070011.MP4,/mnt/data4t/hyw/20260604/BBOX_FAKE_0604/output/GOOD2/C000085_friendly_GX070011_14510_14959.mp4,,/mnt/data4t/hyw/20260604/Interaction_Annotator-V0531/output/annotations/SV_GX070011_0105a139bd76/C000085.csv,/mnt/data4t/hyw/20260604/Interaction_Annotator-V0531/output/fake_interaction/SV_GX070011_0105a139bd76/C000085_friendly_GX070011_14510_14959.mp4,/mnt/data4t/hyw/20260604/V0531_SEG_S1_FI/V_38,/mnt/data4t/hyw/20260604/V0531_SEG_S1_FI/V_38/manifest.json,/mnt/data4t/hyw/20260604/V0531_SEG_S1_FI/V_38/tracking_boxes.csv,/mnt/data4t/hyw/20260604/V0531_SEG_S1_FI/V_38/keypoints.csv,D:\DairyCowSNA\Interaction_Annotator-V0531\output\fake_interaction\SV_GX070011_0105a139bd76\C000085_friendly_GX070011_14510_14959.mp4,0,449,14510,14959,14510,0,2346.909,690.348,924.13,893.096,/mnt/data4t/hyw/20260604/BBOX_FAKE_0604/output/visualization_index.csv
new_20260604_0531|GOOD2|C000109_friendly_GX090003_38_487.mp4,6,new_20260604_0531,train,trn,GOOD2_default_train,no_interaction,fake_interaction,GOOD2,GOOD2,C000109,C000109_E0001,C000109_friendly_GX090003_38_487.mp4,SV_GX090003_45555c3c06f5,GX090003.MP4,/mnt/data4t/hyw/20260604/BBOX_FAKE_0604/output/GOOD2/C000109_friendly_GX090003_38_487.mp4,,/mnt/data4t/hyw/20260604/Interaction_Annotator-V0531/output/annotations/SV_GX090003_45555c3c06f5/C000109.csv,/mnt/data4t/hyw/20260604/Interaction_Annotator-V0531/output/fake_interaction/SV_GX090003_45555c3c06f5/C000109_friendly_GX090003_38_487.mp4,/mnt/data4t/hyw/20260604/V0531_SEG_S1_FI/V_40,/mnt/data4t/hyw/20260604/V0531_SEG_S1_FI/V_40/manifest.json,/mnt/data4t/hyw/20260604/V0531_SEG_S1_FI/V_40/tracking_boxes.csv,/mnt/data4t/hyw/20260604/V0531_SEG_S1_FI/V_40/keypoints.csv,D:\DairyCowSNA\Interaction_Annotator-V0531\output\fake_interaction\SV_GX090003_45555c3c06f5\C000109_friendly_GX090003_38_487.mp4,0,449,38,487,38,0,2515.873,748.968,1324.127,1037.922,/mnt/data4t/hyw/20260604/BBOX_FAKE_0604/output/visualization_index.csv
new_20260604_0531|GOOD2|C000116_friendly_GX090003_6486_6935.mp4,6,new_20260604_0531,train,trn,GOOD2_default_train,no_interaction,fake_interaction,GOOD2,GOOD2,C000116,C000116_E0001,C000116_friendly_GX090003_6486_6935.mp4,SV_GX090003_45555c3c06f5,GX090003.MP4,/mnt/data4t/hyw/20260604/BBOX_FAKE_0604/output/GOOD2/C000116_friendly_GX090003_6486_6935.mp4,,/mnt/data4t/hyw/20260604/Interaction_Annotator-V0531/output/annotations/SV_GX090003_45555c3c06f5/C000116.csv,/mnt/data4t/hyw/20260604/Interaction_Annotator-V0531/output/fake_interaction/SV_GX090003_45555c3c06f5/C000116_friendly_GX090003_6486_6935.mp4,/mnt/data4t/hyw/20260604/V0531_SEG_S1_FI/V_42,/mnt/data4t/hyw/20260604/V0531_SEG_S1_FI/V_42/manifest.json,/mnt/data4t/hyw/20260604/V0531_SEG_S1_FI/V_42/tracking_boxes.csv,/mnt/data4t/hyw/20260604/V0531_SEG_S1_FI/V_42/keypoints.csv,D:\DairyCowSNA\Interaction_Annotator-V0531\output\fake_interaction\SV_GX090003_45555c3c06f5\C000116_friendly_GX090003_6486_6935.mp4,0,449,6486,6935,6486,0,0.0,0.0,995.196,1045.518,/mnt/data4t/hyw/20260604/BBOX_FAKE_0604/output/visualization_index.csv
new_20260604_0531|GOOD2|C000117_unfriendly_GX090003_75_919.mp4,6,new_20260604_0531,train,trn,GOOD2_default_train,no_interaction,fake_interaction,GOOD2,GOOD2,C000117,C000117_E0001,C000117_unfriendly_GX090003_75_919.mp4,SV_GX090003_45555c3c06f5,GX090003.MP4,/mnt/data4t/hyw/20260604/BBOX_FAKE_0604/output/GOOD2/C000117_unfriendly_GX090003_75_919.mp4,,/mnt/data4t/hyw/20260604/Interaction_Annotator-V0531/output/annotations/SV_GX090003_45555c3c06f5/C000117.csv,/mnt/data4t/hyw/20260604/Interaction_Annotator-V0531/output/fake_interaction/SV_GX090003_45555c3c06f5/C000117_unfriendly_GX090003_75_919.mp4,/mnt/data4t/hyw/20260604/V0531_SEG_S1_FI/V_43,/mnt/data4t/hyw/20260604/V0531_SEG_S1_FI/V_43/manifest.json,/mnt/data4t/hyw/20260604/V0531_SEG_S1_FI/V_43/tracking_boxes.csv,/mnt/data4t/hyw/20260604/V0531_SEG_S1_FI/V_43/keypoints.csv,D:\DairyCowSNA\Interaction_Annotator-V0531\output\fake_interaction\SV_GX090003_45555c3c06f5\C000117_unfriendly_GX090003_75_919.mp4,0,844,75,919,75,0,19.343,0.0,1065.508,1179.999,/mnt/data4t/hyw/20260604/BBOX_FAKE_0604/output/visualization_index.csv
new_20260604_0531|GOOD2|C000118_unfriendly_GX090003_1005_1454.mp4,6,new_20260604_0531,train,trn,GOOD2_default_train,no_interaction,fake_interaction,GOOD2,GOOD2,C000118,C000118_E0001,C000118_unfriendly_GX090003_1005_1454.mp4,SV_GX090003_45555c3c06f5,GX090003.MP4,/mnt/data4t/hyw/20260604/BBOX_FAKE_0604/output/GOOD2/C000118_unfriendly_GX090003_1005_1454.mp4,,/mnt/data4t/hyw/20260604/Interaction_Annotator-V0531/output/annotations/SV_GX090003_45555c3c06f5/C000118.csv,/mnt/data4t/hyw/20260604/Interaction_Annotator-V0531/output/fake_interaction/SV_GX090003_45555c3c06f5/C000118_unfriendly_GX090003_1005_1454.mp4,/mnt/data4t/hyw/20260604/V0531_SEG_S1_FI/V_44,/mnt/data4t/hyw/20260604/V0531_SEG_S1_FI/V_44/manifest.json,/mnt/data4t/hyw/20260604/V0531_SEG_S1_FI/V_44/tracking_boxes.csv,/mnt/data4t/hyw/20260604/V0531_SEG_S1_FI/V_44/keypoints.csv,D:\DairyCowSNA\Interaction_Annotator-V0531\output\fake_interaction\SV_GX090003_45555c3c06f5\C000118_unfriendly_GX090003_1005_1454.mp4,0,449,1005,1454,1005,0,177.962,0.0,741.373,1111.034,/mnt/data4t/hyw/20260604/BBOX_FAKE_0604/output/visualization_index.csv
new_20260604_0531|GOOD2|C000123_unfriendly_GX090003_7683_8132.mp4,6,new_20260604_0531,train,trn,GOOD2_default_train,no_interaction,fake_interaction,GOOD2,GOOD2,C000123,C000123_E0001,C000123_unfriendly_GX090003_7683_8132.mp4,SV_GX090003_45555c3c06f5,GX090003.MP4,/mnt/data4t/hyw/20260604/BBOX_FAKE_0604/output/GOOD2/C000123_unfriendly_GX090003_7683_8132.mp4,,/mnt/data4t/hyw/20260604/Interaction_Annotator-V0531/output/annotations/SV_GX090003_45555c3c06f5/C000123.csv,/mnt/data4t/hyw/20260604/Interaction_Annotator-V0531/output/fake_interaction/SV_GX090003_45555c3c06f5/C000123_unfriendly_GX090003_7683_8132.mp4,/mnt/data4t/hyw/20260604/V0531_SEG_S1_FI/V_46,/mnt/data4t/hyw/20260604/V0531_SEG_S1_FI/V_46/manifest.json,/mnt/data4t/hyw/20260604/V0531_SEG_S1_FI/V_46/tracking_boxes.csv,/mnt/data4t/hyw/20260604/V0531_SEG_S1_FI/V_46/keypoints.csv,D:\DairyCowSNA\Interaction_Annotator-V0531\output\fake_interaction\SV_GX090003_45555c3c06f5\C000123_unfriendly_GX090003_7683_8132.mp4,0,449,7683,8132,7683,0,3022.766,0.0,817.234,642.073,/mnt/data4t/hyw/20260604/BBOX_FAKE_0604/output/visualization_index.csv
new_20260604_0531|GOOD2|C000126_friendly_GX030005_6231_6680.mp4,6,new_20260604_0531,train,trn,GOOD2_default_train,no_interaction,fake_interaction,GOOD2,GOOD2,C000126,C000126_E0001,C000126_friendly_GX030005_6231_6680.mp4,SV_GX030005_f00513489cce,GX030005.MP4,/mnt/data4t/hyw/20260604/BBOX_FAKE_0604/output/GOOD2/C000126_friendly_GX030005_6231_6680.mp4,,/mnt/data4t/hyw/20260604/Interaction_Annotator-V0531/output/annotations/SV_GX030005_f00513489cce/C000126.csv,/mnt/data4t/hyw/20260604/Interaction_Annotator-V0531/output/fake_interaction/SV_GX030005_f00513489cce/C000126_friendly_GX030005_6231_6680.mp4,/mnt/data4t/hyw/20260604/V0531_SEG_S1_FI/V_10,/mnt/data4t/hyw/20260604/V0531_SEG_S1_FI/V_10/manifest.json,/mnt/data4t/hyw/20260604/V0531_SEG_S1_FI/V_10/tracking_boxes.csv,/mnt/data4t/hyw/20260604/V0531_SEG_S1_FI/V_10/keypoints.csv,D:\DairyCowSNA\Interaction_Annotator-V0531\output\fake_interaction\SV_GX030005_f00513489cce\C000126_friendly_GX030005_6231_6680.mp4,0,449,6231,6680,6231,0,960.714,186.904,1855.157,1717.227,/mnt/data4t/hyw/20260604/BBOX_FAKE_0604/output/visualization_index.csv
new_20260604_0531|GOOD2|C000141_friendly_GX030006_0_449.mp4,6,new_20260604_0531,train,trn,GOOD2_default_train,no_interaction,fake_interaction,GOOD2,GOOD2,C000141,C000141_E0001,C000141_friendly_GX030006_0_449.mp4,SV_GX030006_dadbe79a8472,GX030006.MP4,/mnt/data4t/hyw/20260604/BBOX_FAKE_0604/output/GOOD2/C000141_friendly_GX030006_0_449.mp4,,/mnt/data4t/hyw/20260604/Interaction_Annotator-V0531/output/annotations/SV_GX030006_dadbe79a8472/C000141.csv,/mnt/data4t/hyw/20260604/Interaction_Annotator-V0531/output/fake_interaction/SV_GX030006_dadbe79a8472/C000141_friendly_GX030006_0_449.mp4,/mnt/data4t/hyw/20260604/V0531_SEG_S1_FI/V_14,/mnt/data4t/hyw/20260604/V0531_SEG_S1_FI/V_14/manifest.json,/mnt/data4t/hyw/20260604/V0531_SEG_S1_FI/V_14/tracking_boxes.csv,/mnt/data4t/hyw/20260604/V0531_SEG_S1_FI/V_14/keypoints.csv,D:\DairyCowSNA\Interaction_Annotator-V0531\output\fake_interaction\SV_GX030006_dadbe79a8472\C000141_friendly_GX030006_0_449.mp4,0,449,0,449,0,0,222.789,1124.827,544.823,341.376,/mnt/data4t/hyw/20260604/BBOX_FAKE_0604/output/visualization_index.csv
new_20260604_0531|GOOD|C000008_unfriendly_GX060002_206_655.mp4,6,new_20260604_0531,train,trn,GOOD_default_train,unfriendly,unfriendly,GOOD,,C000008,C000008_E0001,C000008_unfriendly_GX060002_206_655.mp4,SV_GX060002_b8bce84c63fe,GX060002.MP4,/mnt/data4t/hyw/20260604/BBOX_VIS-V0531/GOOD/C000008_unfriendly_GX060002_206_655.mp4,/mnt/data4t/hyw/20260604/BBOX_VIS-V0531/output_selected_IDs/C000008_unfriendly_GX060002_206_655.mp4.csv,/mnt/data4t/hyw/20260604/Interaction_Annotator-V0531/output/annotations/SV_GX060002_b8bce84c63fe/C000008.csv,/mnt/data4t/hyw/20260604/Interaction_Annotator-V0531/output/videos/SV_GX060002_b8bce84c63fe/C000008_unfriendly_GX060002_206_655.mp4,/mnt/data4t/hyw/20260604/V0531_SEG_S1_FR_UF/V_14,/mnt/data4t/hyw/20260604/V0531_SEG_S1_FR_UF/V_14/manifest.json,/mnt/data4t/hyw/20260604/V0531_SEG_S1_FR_UF/V_14/tracking_boxes.csv,/mnt/data4t/hyw/20260604/V0531_SEG_S1_FR_UF/V_14/keypoints.csv,/mnt/data4t/hyw/20260604/V0531_SEG_S1_FR_UF/V_14/C000008_unfriendly_GX060002_206_655.mp4,0,212,206,418,206,0,974.507,1207.585,1117.232,372.411,/mnt/data4t/hyw/20260604/BBOX_VIS-V0531/output/visualization_index.csv
new_20260604_0531|GOOD|C000009_friendly_GX090002_75_1020.mp4,6,new_20260604_0531,train,trn,GOOD_default_train,unfriendly,unfriendly,GOOD,,C000009,C000009_E0001,C000009_friendly_GX090002_75_1020.mp4,SV_GX090002_770784b478a6,GX090002.MP4,/mnt/data4t/hyw/20260604/BBOX_VIS-V0531/GOOD/C000009_friendly_GX090002_75_1020.mp4,/mnt/data4t/hyw/20260604/BBOX_VIS-V0531/output_selected_IDs/C000009_friendly_GX090002_75_1020.mp4.csv,/mnt/data4t/hyw/20260604/Interaction_Annotator-V0531/output/annotations/SV_GX090002_770784b478a6/C000009.csv,/mnt/data4t/hyw/20260604/Interaction_Annotator-V0531/output/videos/SV_GX090002_770784b478a6/C000009_friendly_GX090002_75_1020.mp4,/mnt/data4t/hyw/20260604/V0531_SEG_S1_FR_UF/V_20,/mnt/data4t/hyw/20260604/V0531_SEG_S1_FR_UF/V_20/manifest.json,/mnt/data4t/hyw/20260604/V0531_SEG_S1_FR_UF/V_20/tracking_boxes.csv,/mnt/data4t/hyw/20260604/V0531_SEG_S1_FR_UF/V_20/keypoints.csv,/mnt/data4t/hyw/20260604/V0531_SEG_S1_FR_UF/V_20/C000009_friendly_GX090002_75_1020.mp4,0,218,75,293,75,0,2460.701,1028.276,531.03,272.411,/mnt/data4t/hyw/20260604/BBOX_VIS-V0531/output/visualization_index.csv
new_20260604_0531|GOOD|C000033_friendly_GX010006_3860_4855.mp4,6,new_20260604_0531,train,trn,GOOD_default_train,unfriendly,unfriendly,GOOD,,C000033,C000033_E0001,C000033_friendly_GX010006_3860_4855.mp4,SV_GX010006_a89ee5282cc5,GX010006.MP4,/mnt/data4t/hyw/20260604/BBOX_VIS-V0531/GOOD/C000033_friendly_GX010006_3860_4855.mp4,/mnt/data4t/hyw/20260604/BBOX_VIS-V0531/output_selected_IDs/C000033_friendly_GX010006_3860_4855.mp4.csv,/mnt/data4t/hyw/20260604/Interaction_Annotator-V0531/output/annotations/SV_GX010006_a89ee5282cc5/C000033.csv,/mnt/data4t/hyw/20260604/Interaction_Annotator-V0531/output/videos/SV_GX010006_a89ee5282cc5/C000033_friendly_GX010006_3860_4855.mp4,/mnt/data4t/hyw/20260604/V0531_SEG_S1_FR_UF/V_1,/mnt/data4t/hyw/20260604/V0531_SEG_S1_FR_UF/V_1/manifest.json,/mnt/data4t/hyw/20260604/V0531_SEG_S1_FR_UF/V_1/tracking_boxes.csv,/mnt/data4t/hyw/20260604/V0531_SEG_S1_FR_UF/V_1/keypoints.csv,/mnt/data4t/hyw/20260604/V0531_SEG_S1_FR_UF/V_1/C000033_friendly_GX010006_3860_4855.mp4,0,250,4592,4842,4592,0,433.73,451.148,267.541,209.836,/mnt/data4t/hyw/20260604/BBOX_VIS-V0531/output/visualization_index.csv
new_20260604_0531|GOOD|C000038_unfriendly_GX010006_6278_6727.mp4,6,new_20260604_0531,train,trn,GOOD_default_train,unfriendly,unfriendly,GOOD,,C000038,C000038_E0001,C000038_unfriendly_GX010006_6278_6727.mp4,SV_GX010006_a89ee5282cc5,GX010006.MP4,/mnt/data4t/hyw/20260604/BBOX_VIS-V0531/GOOD/C000038_unfriendly_GX010006_6278_6727.mp4,/mnt/data4t/hyw/20260604/BBOX_VIS-V0531/output_selected_IDs/C000038_unfriendly_GX010006_6278_6727.mp4.csv,/mnt/data4t/hyw/20260604/Interaction_Annotator-V0531/output/annotations/SV_GX010006_a89ee5282cc5/C000038.csv,/mnt/data4t/hyw/20260604/Interaction_Annotator-V0531/output/videos/SV_GX010006_a89ee5282cc5/C000038_unfriendly_GX010006_6278_6727.mp4,/mnt/data4t/hyw/20260604/V0531_SEG_S1_FR_UF/V_2,/mnt/data4t/hyw/20260604/V0531_SEG_S1_FR_UF/V_2/manifest.json,/mnt/data4t/hyw/20260604/V0531_SEG_S1_FR_UF/V_2/tracking_boxes.csv,/mnt/data4t/hyw/20260604/V0531_SEG_S1_FR_UF/V_2/keypoints.csv,/mnt/data4t/hyw/20260604/V0531_SEG_S1_FR_UF/V_2/C000038_unfriendly_GX010006_6278_6727.mp4,0,133,6278,6411,6278,0,3.566,409.18,645.246,162.623,/mnt/data4t/hyw/20260604/BBOX_VIS-V0531/output/visualization_index.csv
new_20260604_0531|GOOD|C000039_unfriendly_GX010006_12061_12510.mp4,6,new_20260604_0531,train,trn,GOOD_default_train,unfriendly,unfriendly,GOOD,,C000039,C000039_E0001,C000039_unfriendly_GX010006_12061_12510.mp4,SV_GX010006_a89ee5282cc5,GX010006.MP4,/mnt/data4t/hyw/20260604/BBOX_VIS-V0531/GOOD/C000039_unfriendly_GX010006_12061_12510.mp4,/mnt/data4t/hyw/20260604/BBOX_VIS-V0531/output_selected_IDs/C000039_unfriendly_GX010006_12061_12510.mp4.csv,/mnt/data4t/hyw/20260604/Interaction_Annotator-V0531/output/annotations/SV_GX010006_a89ee5282cc5/C000039.csv,/mnt/data4t/hyw/20260604/Interaction_Annotator-V0531/output/videos/SV_GX010006_a89ee5282cc5/C000039_unfriendly_GX010006_12061_12510.mp4,/mnt/data4t/hyw/20260604/V0531_SEG_S1_FR_UF/V_3,/mnt/data4t/hyw/20260604/V0531_SEG_S1_FR_UF/V_3/manifest.json,/mnt/data4t/hyw/20260604/V0531_SEG_S1_FR_UF/V_3/tracking_boxes.csv,/mnt/data4t/hyw/20260604/V0531_SEG_S1_FR_UF/V_3/keypoints.csv,/mnt/data4t/hyw/20260604/V0531_SEG_S1_FR_UF/V_3/C000039_unfriendly_GX010006_12061_12510.mp4,0,183,12315,12498,12315,0,66.516,2418.361,1416.393,519.344,/mnt/data4t/hyw/20260604/BBOX_VIS-V0531/output/visualization_index.csv
new_20260604_0531|GOOD|C000060_friendly_GX060003_62413_62862.mp4,6,new_20260604_0531,train,trn,GOOD_default_train,unfriendly,unfriendly,GOOD,,C000060,C000060_E0001,C000060_friendly_GX060003_62413_62862.mp4,SV_GX060003_29cb6ba910eb,GX060003.MP4,/mnt/data4t/hyw/20260604/BBOX_VIS-V0531/GOOD/C000060_friendly_GX060003_62413_62862.mp4,/mnt/data4t/hyw/20260604/BBOX_VIS-V0531/output_selected_IDs/C000060_friendly_GX060003_62413_62862.mp4.csv,/mnt/data4t/hyw/20260604/Interaction_Annotator-V0531/output/annotations/SV_GX060003_29cb6ba910eb/C000060.csv,/mnt/data4t/hyw/20260604/Interaction_Annotator-V0531/output/videos/SV_GX060003_29cb6ba910eb/C000060_friendly_GX060003_62413_62862.mp4,/mnt/data4t/hyw/20260604/V0531_SEG_S1_FR_UF/V_15,/mnt/data4t/hyw/20260604/V0531_SEG_S1_FR_UF/V_15/manifest.json,/mnt/data4t/hyw/20260604/V0531_SEG_S1_FR_UF/V_15/tracking_boxes.csv,/mnt/data4t/hyw/20260604/V0531_SEG_S1_FR_UF/V_15/keypoints.csv,/mnt/data4t/hyw/20260604/V0531_SEG_S1_FR_UF/V_15/C000060_friendly_GX060003_62413_62862.mp4,0,123,62413,62536,62413,0,3271.039,1504.134,482.755,431.031,/mnt/data4t/hyw/20260604/BBOX_VIS-V0531/output/visualization_index.csv
new_20260604_0531|GOOD|C000091_friendly_GX070011_20658_21107.mp4,6,new_20260604_0531,train,trn,GOOD_default_train,unfriendly,unfriendly,GOOD,,C000091,C000091_E0001,C000091_friendly_GX070011_20658_21107.mp4,SV_GX070011_0105a139bd76,GX070011.MP4,/mnt/data4t/hyw/20260604/BBOX_VIS-V0531/GOOD/C000091_friendly_GX070011_20658_21107.mp4,/mnt/data4t/hyw/20260604/BBOX_VIS-V0531/output_selected_IDs/C000091_friendly_GX070011_20658_21107.mp4.csv,/mnt/data4t/hyw/20260604/Interaction_Annotator-V0531/output/annotations/SV_GX070011_0105a139bd76/C000091.csv,/mnt/data4t/hyw/20260604/Interaction_Annotator-V0531/output/videos/SV_GX070011_0105a139bd76/C000091_friendly_GX070011_20658_21107.mp4,/mnt/data4t/hyw/20260604/V0531_SEG_S1_FR_UF/V_18,/mnt/data4t/hyw/20260604/V0531_SEG_S1_FR_UF/V_18/manifest.json,/mnt/data4t/hyw/20260604/V0531_SEG_S1_FR_UF/V_18/tracking_boxes.csv,/mnt/data4t/hyw/20260604/V0531_SEG_S1_FR_UF/V_18/keypoints.csv,/mnt/data4t/hyw/20260604/V0531_SEG_S1_FR_UF/V_18/C000091_friendly_GX070011_20658_21107.mp4,0,449,20658,21107,20658,0,2060.705,548.97,396.548,417.238,/mnt/data4t/hyw/20260604/BBOX_VIS-V0531/output/visualization_index.csv
new_20260604_0531|GOOD|C000127_friendly_GX030005_10521_10970.mp4,6,new_20260604_0531,train,trn,GOOD_default_train,unfriendly,unfriendly,GOOD,,C000127,C000127_E0001,C000127_friendly_GX030005_10521_10970.mp4,SV_GX030005_f00513489cce,GX030005.MP4,/mnt/data4t/hyw/20260604/BBOX_VIS-V0531/GOOD/C000127_friendly_GX030005_10521_10970.mp4,/mnt/data4t/hyw/20260604/BBOX_VIS-V0531/output_selected_IDs/C000127_friendly_GX030005_10521_10970.mp4.csv,/mnt/data4t/hyw/20260604/Interaction_Annotator-V0531/output/annotations/SV_GX030005_f00513489cce/C000127.csv,/mnt/data4t/hyw/20260604/Interaction_Annotator-V0531/output/videos/SV_GX030005_f00513489cce/C000127_friendly_GX030005_10521_10970.mp4,/mnt/data4t/hyw/20260604/V0531_SEG_S1_FR_UF/V_7,/mnt/data4t/hyw/20260604/V0531_SEG_S1_FR_UF/V_7/manifest.json,/mnt/data4t/hyw/20260604/V0531_SEG_S1_FR_UF/V_7/tracking_boxes.csv,/mnt/data4t/hyw/20260604/V0531_SEG_S1_FR_UF/V_7/keypoints.csv,/mnt/data4t/hyw/20260604/V0531_SEG_S1_FR_UF/V_7/C000127_friendly_GX030005_10521_10970.mp4,0,244,10521,10765,10521,0,1326.228,1179.999,1213.783,637.926,/mnt/data4t/hyw/20260604/BBOX_VIS-V0531/output/visualization_index.csv
new_20260604_0531|GOOD|C000098_unfriendly_GX020007_85_1422.mp4,6,new_20260604_0531,val,val,GOOD_random_to_val_friendly_1,friendly,friendly,GOOD,,C000098,C000098_E0001,C000098_unfriendly_GX020007_85_1422.mp4,SV_GX020007_d51673cbc6b3,GX020007.MP4,/mnt/data4t/hyw/20260604/BBOX_VIS-V0531/GOOD/C000098_unfriendly_GX020007_85_1422.mp4,/mnt/data4t/hyw/20260604/BBOX_VIS-V0531/output_selected_IDs/C000098_unfriendly_GX020007_85_1422.mp4.csv,/mnt/data4t/hyw/20260604/Interaction_Annotator-V0531/output/annotations/SV_GX020007_d51673cbc6b3/C000098.csv,/mnt/data4t/hyw/20260604/Interaction_Annotator-V0531/output/videos/SV_GX020007_d51673cbc6b3/C000098_unfriendly_GX020007_85_1422.mp4,/mnt/data4t/hyw/20260604/V0531_SEG_S1_FR_UF/V_6,/mnt/data4t/hyw/20260604/V0531_SEG_S1_FR_UF/V_6/manifest.json,/mnt/data4t/hyw/20260604/V0531_SEG_S1_FR_UF/V_6/tracking_boxes.csv,/mnt/data4t/hyw/20260604/V0531_SEG_S1_FR_UF/V_6/keypoints.csv,/mnt/data4t/hyw/20260604/V0531_SEG_S1_FR_UF/V_6/C000098_unfriendly_GX020007_85_1422.mp4,0,1337,85,1422,85,0,253.823,1197.24,175.861,196.55,/mnt/data4t/hyw/20260604/BBOX_VIS-V0531/output/visualization_index.csv
new_20260604_0531|GOOD2|C000006_friendly_GX060002_2770_3219.mp4,6,new_20260604_0531,val,val,GOOD2_random_to_val_5,no_interaction,fake_interaction,GOOD2,GOOD2,C000006,C000006_E0001,C000006_friendly_GX060002_2770_3219.mp4,SV_GX060002_b8bce84c63fe,GX060002.MP4,/mnt/data4t/hyw/20260604/BBOX_FAKE_0604/output/GOOD2/C000006_friendly_GX060002_2770_3219.mp4,,/mnt/data4t/hyw/20260604/Interaction_Annotator-V0531/output/annotations/SV_GX060002_b8bce84c63fe/C000006.csv,/mnt/data4t/hyw/20260604/Interaction_Annotator-V0531/output/fake_interaction/SV_GX060002_b8bce84c63fe/C000006_friendly_GX060002_2770_3219.mp4,/mnt/data4t/hyw/20260604/V0531_SEG_S1_FI/V_22,/mnt/data4t/hyw/20260604/V0531_SEG_S1_FI/V_22/manifest.json,/mnt/data4t/hyw/20260604/V0531_SEG_S1_FI/V_22/tracking_boxes.csv,/mnt/data4t/hyw/20260604/V0531_SEG_S1_FI/V_22/keypoints.csv,D:\DairyCowSNA\Interaction_Annotator-V0531\output\fake_interaction\SV_GX060002_b8bce84c63fe\C000006_friendly_GX060002_2770_3219.mp4,0,449,2770,3219,2770,0,795.198,631.728,572.409,568.961,/mnt/data4t/hyw/20260604/BBOX_FAKE_0604/output/visualization_index.csv
new_20260604_0531|GOOD2|C000007_friendly_GX060002_9878_10327.mp4,6,new_20260604_0531,val,val,GOOD2_random_to_val_5,no_interaction,fake_interaction,GOOD2,GOOD2,C000007,C000007_E0001,C000007_friendly_GX060002_9878_10327.mp4,SV_GX060002_b8bce84c63fe,GX060002.MP4,/mnt/data4t/hyw/20260604/BBOX_FAKE_0604/output/GOOD2/C000007_friendly_GX060002_9878_10327.mp4,,/mnt/data4t/hyw/20260604/Interaction_Annotator-V0531/output/annotations/SV_GX060002_b8bce84c63fe/C000007.csv,/mnt/data4t/hyw/20260604/Interaction_Annotator-V0531/output/fake_interaction/SV_GX060002_b8bce84c63fe/C000007_friendly_GX060002_9878_10327.mp4,/mnt/data4t/hyw/20260604/V0531_SEG_S1_FI/V_23,/mnt/data4t/hyw/20260604/V0531_SEG_S1_FI/V_23/manifest.json,/mnt/data4t/hyw/20260604/V0531_SEG_S1_FI/V_23/tracking_boxes.csv,/mnt/data4t/hyw/20260604/V0531_SEG_S1_FI/V_23/keypoints.csv,D:\DairyCowSNA\Interaction_Annotator-V0531\output\fake_interaction\SV_GX060002_b8bce84c63fe\C000007_friendly_GX060002_9878_10327.mp4,0,449,9878,10327,9878,0,2233.117,707.589,1003.44,1013.785,/mnt/data4t/hyw/20260604/BBOX_FAKE_0604/output/visualization_index.csv
new_20260604_0531|GOOD2|C000011_friendly_GX130005_23_472.mp4,6,new_20260604_0531,val,val,GOOD2_random_to_val_5,no_interaction,fake_interaction,GOOD2,GOOD2,C000011,C000011_E0001,C000011_friendly_GX130005_23_472.mp4,SV_GX130005_dcccbae6f626,GX130005.MP4,/mnt/data4t/hyw/20260604/BBOX_FAKE_0604/output/GOOD2/C000011_friendly_GX130005_23_472.mp4,,/mnt/data4t/hyw/20260604/Interaction_Annotator-V0531/output/annotations/SV_GX130005_dcccbae6f626/C000011.csv,/mnt/data4t/hyw/20260604/Interaction_Annotator-V0531/output/fake_interaction/SV_GX130005_dcccbae6f626/C000011_friendly_GX130005_23_472.mp4,/mnt/data4t/hyw/20260604/V0531_SEG_S1_FI/V_47,/mnt/data4t/hyw/20260604/V0531_SEG_S1_FI/V_47/manifest.json,/mnt/data4t/hyw/20260604/V0531_SEG_S1_FI/V_47/tracking_boxes.csv,/mnt/data4t/hyw/20260604/V0531_SEG_S1_FI/V_47/keypoints.csv,D:\DairyCowSNA\Interaction_Annotator-V0531\output\fake_interaction\SV_GX130005_dcccbae6f626\C000011_friendly_GX130005_23_472.mp4,0,449,23,472,23,0,88.307,821.381,2296.532,1099.991,/mnt/data4t/hyw/20260604/BBOX_FAKE_0604/output/visualization_index.csv
new_20260604_0531|GOOD2|C000032_friendly_GX010006_1991_2440.mp4,6,new_20260604_0531,val,val,GOOD2_random_to_val_5,no_interaction,fake_interaction,GOOD2,GOOD2,C000032,C000032_E0001,C000032_friendly_GX010006_1991_2440.mp4,SV_GX010006_a89ee5282cc5,GX010006.MP4,/mnt/data4t/hyw/20260604/BBOX_FAKE_0604/output/GOOD2/C000032_friendly_GX010006_1991_2440.mp4,,/mnt/data4t/hyw/20260604/Interaction_Annotator-V0531/output/annotations/SV_GX010006_a89ee5282cc5/C000032.csv,/mnt/data4t/hyw/20260604/Interaction_Annotator-V0531/output/fake_interaction/SV_GX010006_a89ee5282cc5/C000032_friendly_GX010006_1991_2440.mp4,/mnt/data4t/hyw/20260604/V0531_SEG_S1_FI/V_1,/mnt/data4t/hyw/20260604/V0531_SEG_S1_FI/V_1/manifest.json,/mnt/data4t/hyw/20260604/V0531_SEG_S1_FI/V_1/tracking_boxes.csv,/mnt/data4t/hyw/20260604/V0531_SEG_S1_FI/V_1/keypoints.csv,D:\DairyCowSNA\Interaction_Annotator-V0531\output\fake_interaction\SV_GX010006_a89ee5282cc5\C000032_friendly_GX010006_1991_2440.mp4,0,449,1991,2440,1991,0,187.172,173.115,1573.77,1285.246,/mnt/data4t/hyw/20260604/BBOX_FAKE_0604/output/visualization_index.csv
new_20260604_0531|GOOD2|C000041_friendly_GX020006_75_1397.mp4,6,new_20260604_0531,val,val,GOOD2_random_to_val_5,no_interaction,fake_interaction,GOOD2,GOOD2,C000041,C000041_E0001,C000041_friendly_GX020006_75_1397.mp4,SV_GX020006_7268c7414c6e,GX020006.MP4,/mnt/data4t/hyw/20260604/BBOX_FAKE_0604/output/GOOD2/C000041_friendly_GX020006_75_1397.mp4,,/mnt/data4t/hyw/20260604/Interaction_Annotator-V0531/output/annotations/SV_GX020006_7268c7414c6e/C000041.csv,/mnt/data4t/hyw/20260604/Interaction_Annotator-V0531/output/fake_interaction/SV_GX020006_7268c7414c6e/C000041_friendly_GX020006_75_1397.mp4,/mnt/data4t/hyw/20260604/V0531_SEG_S1_FI/V_6,/mnt/data4t/hyw/20260604/V0531_SEG_S1_FI/V_6/manifest.json,/mnt/data4t/hyw/20260604/V0531_SEG_S1_FI/V_6/tracking_boxes.csv,/mnt/data4t/hyw/20260604/V0531_SEG_S1_FI/V_6/keypoints.csv,D:\DairyCowSNA\Interaction_Annotator-V0531\output\fake_interaction\SV_GX020006_7268c7414c6e\C000041_friendly_GX020006_75_1397.mp4,0,1322,75,1397,75,0,732.746,535.082,1154.098,2255.738,/mnt/data4t/hyw/20260604/BBOX_FAKE_0604/output/visualization_index.csv
new_20260604_0531|GOOD|C000013_unfriendly_GX130005_71_520.mp4,6,new_20260604_0531,val,val,GOOD_random_to_val_unfriendly_3,unfriendly,unfriendly,GOOD,,C000013,C000013_E0001,C000013_unfriendly_GX130005_71_520.mp4,SV_GX130005_dcccbae6f626,GX130005.MP4,/mnt/data4t/hyw/20260604/BBOX_VIS-V0531/GOOD/C000013_unfriendly_GX130005_71_520.mp4,/mnt/data4t/hyw/20260604/BBOX_VIS-V0531/output_selected_IDs/C000013_unfriendly_GX130005_71_520.mp4.csv,/mnt/data4t/hyw/20260604/Interaction_Annotator-V0531/output/annotations/SV_GX130005_dcccbae6f626/C000013.csv,/mnt/data4t/hyw/20260604/Interaction_Annotator-V0531/output/videos/SV_GX130005_dcccbae6f626/C000013_unfriendly_GX130005_71_520.mp4,/mnt/data4t/hyw/20260604/V0531_SEG_S1_FR_UF/V_23,/mnt/data4t/hyw/20260604/V0531_SEG_S1_FR_UF/V_23/manifest.json,/mnt/data4t/hyw/20260604/V0531_SEG_S1_FR_UF/V_23/tracking_boxes.csv,/mnt/data4t/hyw/20260604/V0531_SEG_S1_FR_UF/V_23/keypoints.csv,/mnt/data4t/hyw/20260604/V0531_SEG_S1_FR_UF/V_23/C000013_unfriendly_GX130005_71_520.mp4,0,130,383,513,383,0,1002.093,1004.139,1575.849,1099.991,/mnt/data4t/hyw/20260604/BBOX_VIS-V0531/output/visualization_index.csv
new_20260604_0531|GOOD|C000093_friendly_GX070011_24311_25015.mp4,6,new_20260604_0531,val,val,GOOD_random_to_val_unfriendly_3,unfriendly,unfriendly,GOOD,,C000093,C000093_E0001,C000093_friendly_GX070011_24311_25015.mp4,SV_GX070011_0105a139bd76,GX070011.MP4,/mnt/data4t/hyw/20260604/BBOX_VIS-V0531/GOOD/C000093_friendly_GX070011_24311_25015.mp4,/mnt/data4t/hyw/20260604/BBOX_VIS-V0531/output_selected_IDs/C000093_friendly_GX070011_24311_25015.mp4.csv,/mnt/data4t/hyw/20260604/Interaction_Annotator-V0531/output/annotations/SV_GX070011_0105a139bd76/C000093.csv,/mnt/data4t/hyw/20260604/Interaction_Annotator-V0531/output/videos/SV_GX070011_0105a139bd76/C000093_friendly_GX070011_24311_25015.mp4,/mnt/data4t/hyw/20260604/V0531_SEG_S1_FR_UF/V_19,/mnt/data4t/hyw/20260604/V0531_SEG_S1_FR_UF/V_19/manifest.json,/mnt/data4t/hyw/20260604/V0531_SEG_S1_FR_UF/V_19/tracking_boxes.csv,/mnt/data4t/hyw/20260604/V0531_SEG_S1_FR_UF/V_19/keypoints.csv,/mnt/data4t/hyw/20260604/V0531_SEG_S1_FR_UF/V_19/C000093_friendly_GX070011_24311_25015.mp4,0,555,24311,24866,24311,0,1919.327,1162.758,637.926,448.272,/mnt/data4t/hyw/20260604/BBOX_VIS-V0531/output/visualization_index.csv
new_20260604_0531|GOOD|C000128_friendly_GX030005_12021_12470.mp4,6,new_20260604_0531,val,val,GOOD_random_to_val_unfriendly_3,unfriendly,unfriendly,GOOD,,C000128,C000128_E0001,C000128_friendly_GX030005_12021_12470.mp4,SV_GX030005_f00513489cce,GX030005.MP4,/mnt/data4t/hyw/20260604/BBOX_VIS-V0531/GOOD/C000128_friendly_GX030005_12021_12470.mp4,/mnt/data4t/hyw/20260604/BBOX_VIS-V0531/output_selected_IDs/C000128_friendly_GX030005_12021_12470.mp4.csv,/mnt/data4t/hyw/20260604/Interaction_Annotator-V0531/output/annotations/SV_GX030005_f00513489cce/C000128.csv,/mnt/data4t/hyw/20260604/Interaction_Annotator-V0531/output/videos/SV_GX030005_f00513489cce/C000128_friendly_GX030005_12021_12470.mp4,/mnt/data4t/hyw/20260604/V0531_SEG_S1_FR_UF/V_8,/mnt/data4t/hyw/20260604/V0531_SEG_S1_FR_UF/V_8/manifest.json,/mnt/data4t/hyw/20260604/V0531_SEG_S1_FR_UF/V_8/tracking_boxes.csv,/mnt/data4t/hyw/20260604/V0531_SEG_S1_FR_UF/V_8/keypoints.csv,/mnt/data4t/hyw/20260604/V0531_SEG_S1_FR_UF/V_8/C000128_friendly_GX030005_12021_12470.mp4,0,449,12021,12470,12021,0,222.789,617.935,1106.887,265.515,/mnt/data4t/hyw/20260604/BBOX_VIS-V0531/output/visualization_index.csv
new_20260604_0604|GOOD|C000014_unfriendly_GX120002_28136_28585.mp4,7,new_20260604_0604,train,trn,GOOD_default_train,friendly,friendly,GOOD,,C000014,C000014_E0001,C000014_unfriendly_GX120002_28136_28585.mp4,SV_GX120002_cea47bb2912e,GX120002.MP4,/mnt/data4t/hyw/20260604/BBOX_VIS-V0604/GOOD/C000014_unfriendly_GX120002_28136_28585.mp4,/mnt/data4t/hyw/20260604/BBOX_VIS-V0604/output_selected_IDs/C000014_unfriendly_GX120002_28136_28585.mp4.csv,/mnt/data4t/hyw/20260604/Interaction_Annotator-V0601_03_AND_05R/output/annotations/SV_GX120002_cea47bb2912e/C000014.csv,/mnt/data4t/hyw/20260604/Interaction_Annotator-V0601_03_AND_05R/output/videos/SV_GX120002_cea47bb2912e/C000014_unfriendly_GX120002_28136_28585.mp4,/mnt/data4t/hyw/20260604/V0604_SEG_S1_TI/V_30,/mnt/data4t/hyw/20260604/V0604_SEG_S1_TI/V_30/manifest.json,/mnt/data4t/hyw/20260604/V0604_SEG_S1_TI/V_30/tracking_boxes.csv,/mnt/data4t/hyw/20260604/V0604_SEG_S1_TI/V_30/keypoints.csv,D:\DairyCowSNA\V0604_SEG\videos\SV_GX120002_cea47bb2912e\C000014_unfriendly_GX120002_28136_28585.mp4,0,113,28136,28249,28136,0,636.579,614.487,541.375,472.41,/mnt/data4t/hyw/20260604/BBOX_VIS-V0604/output/visualization_index.csv
new_20260604_0604|GOOD|C000025_friendly_GX080005_8025_9122.mp4,7,new_20260604_0604,train,trn,GOOD_default_train,friendly,friendly,GOOD,,C000025,C000025_E0001,C000025_friendly_GX080005_8025_9122.mp4,SV_GX080005_1afd2f943db8,GX080005.MP4,/mnt/data4t/hyw/20260604/BBOX_VIS-V0604/GOOD/C000025_friendly_GX080005_8025_9122.mp4,/mnt/data4t/hyw/20260604/BBOX_VIS-V0604/output_selected_IDs/C000025_friendly_GX080005_8025_9122.mp4.csv,/mnt/data4t/hyw/20260604/Interaction_Annotator-V0601_03_AND_05R/output/annotations/SV_GX080005_1afd2f943db8/C000025.csv,/mnt/data4t/hyw/20260604/Interaction_Annotator-V0601_03_AND_05R/output/videos/SV_GX080005_1afd2f943db8/C000025_friendly_GX080005_8025_9122.mp4,/mnt/data4t/hyw/20260604/V0604_SEG_S1_TI/V_13,/mnt/data4t/hyw/20260604/V0604_SEG_S1_TI/V_13/manifest.json,/mnt/data4t/hyw/20260604/V0604_SEG_S1_TI/V_13/tracking_boxes.csv,/mnt/data4t/hyw/20260604/V0604_SEG_S1_TI/V_13/keypoints.csv,D:\DairyCowSNA\V0604_SEG\videos\SV_GX080005_1afd2f943db8\C000025_friendly_GX080005_8025_9122.mp4,0,288,8393,8681,8393,0,166.189,540.328,477.377,388.197,/mnt/data4t/hyw/20260604/BBOX_VIS-V0604/output/visualization_index.csv
new_20260604_0604|GOOD|C000077_unfriendly_GX020005_23686_24135.mp4,7,new_20260604_0604,train,trn,GOOD_default_train,friendly,friendly,GOOD,,C000077,C000077_E0001,C000077_unfriendly_GX020005_23686_24135.mp4,SV_GX020005_851575cc1248,GX020005.MP4,/mnt/data4t/hyw/20260604/BBOX_VIS-V0604/GOOD/C000077_unfriendly_GX020005_23686_24135.mp4,/mnt/data4t/hyw/20260604/BBOX_VIS-V0604/output_selected_IDs/C000077_unfriendly_GX020005_23686_24135.mp4.csv,/mnt/data4t/hyw/20260604/Interaction_Annotator-V0601_03_AND_05R/output/annotations/SV_GX020005_851575cc1248/C000077.csv,/mnt/data4t/hyw/20260604/Interaction_Annotator-V0601_03_AND_05R/output/videos/SV_GX020005_851575cc1248/C000077_unfriendly_GX020005_23686_24135.mp4,/mnt/data4t/hyw/20260604/V0604_SEG_S1_TI/V_7,/mnt/data4t/hyw/20260604/V0604_SEG_S1_TI/V_7/manifest.json,/mnt/data4t/hyw/20260604/V0604_SEG_S1_TI/V_7/tracking_boxes.csv,/mnt/data4t/hyw/20260604/V0604_SEG_S1_TI/V_7/keypoints.csv,D:\DairyCowSNA\V0604_SEG\videos\SV_GX020005_851575cc1248\C000077_unfriendly_GX020005_23686_24135.mp4,0,127,23686,23813,23686,0,1052.746,739.672,587.541,493.115,/mnt/data4t/hyw/20260604/BBOX_VIS-V0604/output/visualization_index.csv
new_20260604_0604|GOOD|C000121_unfriendly_GX020002_76013_76462.mp4,7,new_20260604_0604,train,trn,GOOD_default_train,friendly,friendly,GOOD,,C000121,C000121_E0001,C000121_unfriendly_GX020002_76013_76462.mp4,SV_GX020002_801a378fb5bd,GX020002.MP4,/mnt/data4t/hyw/20260604/BBOX_VIS-V0604/GOOD/C000121_unfriendly_GX020002_76013_76462.mp4,/mnt/data4t/hyw/20260604/BBOX_VIS-V0604/output_selected_IDs/C000121_unfriendly_GX020002_76013_76462.mp4.csv,/mnt/data4t/hyw/20260604/Interaction_Annotator-V0601_03_AND_05R/output/annotations/SV_GX020002_801a378fb5bd/C000121.csv,/mnt/data4t/hyw/20260604/Interaction_Annotator-V0601_03_AND_05R/output/videos/SV_GX020002_801a378fb5bd/C000121_unfriendly_GX020002_76013_76462.mp4,/mnt/data4t/hyw/20260604/V0604_SEG_S1_TI/V_3,/mnt/data4t/hyw/20260604/V0604_SEG_S1_TI/V_3/manifest.json,/mnt/data4t/hyw/20260604/V0604_SEG_S1_TI/V_3/tracking_boxes.csv,/mnt/data4t/hyw/20260604/V0604_SEG_S1_TI/V_3/keypoints.csv,D:\DairyCowSNA\V0604_SEG\videos\SV_GX020002_801a378fb5bd\C000121_unfriendly_GX020002_76013_76462.mp4,0,449,76013,76462,76013,0,977.955,873.105,327.583,265.515,/mnt/data4t/hyw/20260604/BBOX_VIS-V0604/output/visualization_index.csv
new_20260604_0604|GOOD3|C000004_unfriendly_GX080004_2475_2924.mp4,7,new_20260604_0604,train,trn,GOOD3_default_train,no_interaction,fake_interaction,GOOD3,GOOD3,C000004,C000004_E0001,C000004_unfriendly_GX080004_2475_2924.mp4,SV_GX080004_8fd09425e75a,GX080004.MP4,/mnt/data4t/hyw/20260604/BBOX_FAKE_0604/output/GOOD3/C000004_unfriendly_GX080004_2475_2924.mp4,,/mnt/data4t/hyw/20260604/Interaction_Annotator-V0601_03_AND_05R/output/annotations/SV_GX080004_8fd09425e75a/C000004.csv,/mnt/data4t/hyw/20260604/Interaction_Annotator-V0601_03_AND_05R/output/fake_interaction/SV_GX080004_8fd09425e75a/C000004_unfriendly_GX080004_2475_2924.mp4,/mnt/data4t/hyw/20260604/V0604_SEG_S1_FI/shard_02/V_17,/mnt/data4t/hyw/20260604/V0604_SEG_S1_FI/shard_02/V_17/manifest.json,/mnt/data4t/hyw/20260604/V0604_SEG_S1_FI/shard_02/V_17/tracking_boxes.csv,/mnt/data4t/hyw/20260604/V0604_SEG_S1_FI/shard_02/V_17/keypoints.csv,/mnt/data4t/hyw/20260604/V0604_SEG_S1_FI/shard_02/V_17/C000004_unfriendly_GX080004_2475_2924.mp4,0,449,2475,2924,2475,0,67.618,1217.93,575.857,799.993,/mnt/data4t/hyw/20260604/BBOX_FAKE_0604/output/visualization_index.csv
new_20260604_0604|GOOD3|C000006_unfriendly_GX080004_8550_8999.mp4,7,new_20260604_0604,train,trn,GOOD3_default_train,no_interaction,fake_interaction,GOOD3,GOOD3,C000006,C000006_E0001,C000006_unfriendly_GX080004_8550_8999.mp4,SV_GX080004_8fd09425e75a,GX080004.MP4,/mnt/data4t/hyw/20260604/BBOX_FAKE_0604/output/GOOD3/C000006_unfriendly_GX080004_8550_8999.mp4,,/mnt/data4t/hyw/20260604/Interaction_Annotator-V0601_03_AND_05R/output/annotations/SV_GX080004_8fd09425e75a/C000006.csv,/mnt/data4t/hyw/20260604/Interaction_Annotator-V0601_03_AND_05R/output/fake_interaction/SV_GX080004_8fd09425e75a/C000006_unfriendly_GX080004_8550_8999.mp4,/mnt/data4t/hyw/20260604/V0604_SEG_S1_FI/shard_01/V_15,/mnt/data4t/hyw/20260604/V0604_SEG_S1_FI/shard_01/V_15/manifest.json,/mnt/data4t/hyw/20260604/V0604_SEG_S1_FI/shard_01/V_15/tracking_boxes.csv,/mnt/data4t/hyw/20260604/V0604_SEG_S1_FI/shard_01/V_15/keypoints.csv,/mnt/data4t/hyw/20260604/V0604_SEG_S1_FI/shard_01/V_15/C000006_unfriendly_GX080004_8550_8999.mp4,0,449,8550,8999,8550,0,126.238,1273.102,468.962,696.546,/mnt/data4t/hyw/20260604/BBOX_FAKE_0604/output/visualization_index.csv
new_20260604_0604|GOOD3|C000011_friendly_GX070006_75_605.mp4,7,new_20260604_0604,train,trn,GOOD3_default_train,no_interaction,fake_interaction,GOOD3,GOOD3,C000011,C000011_E0001,C000011_friendly_GX070006_75_605.mp4,SV_GX070006_6581e8e3f5bf,GX070006.MP4,/mnt/data4t/hyw/20260604/BBOX_FAKE_0604/output/GOOD3/C000011_friendly_GX070006_75_605.mp4,,/mnt/data4t/hyw/20260604/Interaction_Annotator-V0601_03_AND_05R/output/annotations/SV_GX070006_6581e8e3f5bf/C000011.csv,/mnt/data4t/hyw/20260604/Interaction_Annotator-V0601_03_AND_05R/output/fake_interaction/SV_GX070006_6581e8e3f5bf/C000011_friendly_GX070006_75_605.mp4,/mnt/data4t/hyw/20260604/V0604_SEG_S1_FI/shard_01/V_11,/mnt/data4t/hyw/20260604/V0604_SEG_S1_FI/shard_01/V_11/manifest.json,/mnt/data4t/hyw/20260604/V0604_SEG_S1_FI/shard_01/V_11/tracking_boxes.csv,/mnt/data4t/hyw/20260604/V0604_SEG_S1_FI/shard_01/V_11/keypoints.csv,/mnt/data4t/hyw/20260604/V0604_SEG_S1_FI/shard_01/V_11/C000011_friendly_GX070006_75_605.mp4,0,530,75,605,75,0,564.166,186.904,2599.978,1806.881,/mnt/data4t/hyw/20260604/BBOX_FAKE_0604/output/visualization_index.csv
new_20260604_0604|GOOD3|C000015_friendly_GX020004_2380_3120.mp4,7,new_20260604_0604,train,trn,GOOD3_default_train,no_interaction,fake_interaction,GOOD3,GOOD3,C000015,C000015_E0001,C000015_friendly_GX020004_2380_3120.mp4,SV_GX020004_0ef8a1ca7dc6,GX020004.MP4,/mnt/data4t/hyw/20260604/BBOX_FAKE_0604/output/GOOD3/C000015_friendly_GX020004_2380_3120.mp4,,/mnt/data4t/hyw/20260604/Interaction_Annotator-V0601_03_AND_05R/output/annotations/SV_GX020004_0ef8a1ca7dc6/C000015.csv,/mnt/data4t/hyw/20260604/Interaction_Annotator-V0601_03_AND_05R/output/fake_interaction/SV_GX020004_0ef8a1ca7dc6/C000015_friendly_GX020004_2380_3120.mp4,/mnt/data4t/hyw/20260604/V0604_SEG_S1_FI/shard_03/V_2,/mnt/data4t/hyw/20260604/V0604_SEG_S1_FI/shard_03/V_2/manifest.json,/mnt/data4t/hyw/20260604/V0604_SEG_S1_FI/shard_03/V_2/tracking_boxes.csv,/mnt/data4t/hyw/20260604/V0604_SEG_S1_FI/shard_03/V_2/keypoints.csv,/mnt/data4t/hyw/20260604/V0604_SEG_S1_FI/shard_03/V_2/C000015_friendly_GX020004_2380_3120.mp4,0,740,2380,3120,2380,0,1226.229,335.179,2213.774,1810.33,/mnt/data4t/hyw/20260604/BBOX_FAKE_0604/output/visualization_index.csv
new_20260604_0604|GOOD3|C000018_unfriendly_GX020004_1378_2215.mp4,7,new_20260604_0604,train,trn,GOOD3_default_train,no_interaction,fake_interaction,GOOD3,GOOD3,C000018,C000018_E0001,C000018_unfriendly_GX020004_1378_2215.mp4,SV_GX020004_0ef8a1ca7dc6,GX020004.MP4,/mnt/data4t/hyw/20260604/BBOX_FAKE_0604/output/GOOD3/C000018_unfriendly_GX020004_1378_2215.mp4,,/mnt/data4t/hyw/20260604/Interaction_Annotator-V0601_03_AND_05R/output/annotations/SV_GX020004_0ef8a1ca7dc6/C000018.csv,/mnt/data4t/hyw/20260604/Interaction_Annotator-V0601_03_AND_05R/output/fake_interaction/SV_GX020004_0ef8a1ca7dc6/C000018_unfriendly_GX020004_1378_2215.mp4,/mnt/data4t/hyw/20260604/V0604_SEG_S1_FI/shard_02/V_2,/mnt/data4t/hyw/20260604/V0604_SEG_S1_FI/shard_02/V_2/manifest.json,/mnt/data4t/hyw/20260604/V0604_SEG_S1_FI/shard_02/V_2/tracking_boxes.csv,/mnt/data4t/hyw/20260604/V0604_SEG_S1_FI/shard_02/V_2/keypoints.csv,/mnt/data4t/hyw/20260604/V0604_SEG_S1_FI/shard_02/V_2/C000018_unfriendly_GX020004_1378_2215.mp4,0,837,1378,2215,1378,0,2129.67,1542.065,762.063,617.935,/mnt/data4t/hyw/20260604/BBOX_FAKE_0604/output/visualization_index.csv
new_20260604_0604|GOOD3|C000019_unfriendly_GX020004_2521_2970.mp4,7,new_20260604_0604,train,trn,GOOD3_default_train,no_interaction,fake_interaction,GOOD3,GOOD3,C000019,C000019_E0001,C000019_unfriendly_GX020004_2521_2970.mp4,SV_GX020004_0ef8a1ca7dc6,GX020004.MP4,/mnt/data4t/hyw/20260604/BBOX_FAKE_0604/output/GOOD3/C000019_unfriendly_GX020004_2521_2970.mp4,,/mnt/data4t/hyw/20260604/Interaction_Annotator-V0601_03_AND_05R/output/annotations/SV_GX020004_0ef8a1ca7dc6/C000019.csv,/mnt/data4t/hyw/20260604/Interaction_Annotator-V0601_03_AND_05R/output/fake_interaction/SV_GX020004_0ef8a1ca7dc6/C000019_unfriendly_GX020004_2521_2970.mp4,/mnt/data4t/hyw/20260604/V0604_SEG_S1_FI/shard_00/V_5,/mnt/data4t/hyw/20260604/V0604_SEG_S1_FI/shard_00/V_5/manifest.json,/mnt/data4t/hyw/20260604/V0604_SEG_S1_FI/shard_00/V_5/tracking_boxes.csv,/mnt/data4t/hyw/20260604/V0604_SEG_S1_FI/shard_00/V_5/keypoints.csv,/mnt/data4t/hyw/20260604/V0604_SEG_S1_FI/shard_00/V_5/C000019_unfriendly_GX020004_2521_2970.mp4,0,449,2521,2970,2521,0,1584.847,821.381,1841.364,1255.162,/mnt/data4t/hyw/20260604/BBOX_FAKE_0604/output/visualization_index.csv
new_20260604_0604|GOOD3|C000024_friendly_GX080005_6621_7070.mp4,7,new_20260604_0604,train,trn,GOOD3_default_train,no_interaction,fake_interaction,GOOD3,GOOD3,C000024,C000024_E0001,C000024_friendly_GX080005_6621_7070.mp4,SV_GX080005_1afd2f943db8,GX080005.MP4,/mnt/data4t/hyw/20260604/BBOX_FAKE_0604/output/GOOD3/C000024_friendly_GX080005_6621_7070.mp4,,/mnt/data4t/hyw/20260604/Interaction_Annotator-V0601_03_AND_05R/output/annotations/SV_GX080005_1afd2f943db8/C000024.csv,/mnt/data4t/hyw/20260604/Interaction_Annotator-V0601_03_AND_05R/output/fake_interaction/SV_GX080005_1afd2f943db8/C000024_friendly_GX080005_6621_7070.mp4,/mnt/data4t/hyw/20260604/V0604_SEG_S1_FI/shard_03/V_18,/mnt/data4t/hyw/20260604/V0604_SEG_S1_FI/shard_03/V_18/manifest.json,/mnt/data4t/hyw/20260604/V0604_SEG_S1_FI/shard_03/V_18/tracking_boxes.csv,/mnt/data4t/hyw/20260604/V0604_SEG_S1_FI/shard_03/V_18/keypoints.csv,/mnt/data4t/hyw/20260604/V0604_SEG_S1_FI/shard_03/V_18/C000024_friendly_GX080005_6621_7070.mp4,0,449,6621,7070,6621,0,103.238,414.426,860.328,713.443,/mnt/data4t/hyw/20260604/BBOX_FAKE_0604/output/visualization_index.csv
new_20260604_0604|GOOD3|C000026_friendly_GX080005_10811_11260.mp4,7,new_20260604_0604,train,trn,GOOD3_default_train,no_interaction,fake_interaction,GOOD3,GOOD3,C000026,C000026_E0001,C000026_friendly_GX080005_10811_11260.mp4,SV_GX080005_1afd2f943db8,GX080005.MP4,/mnt/data4t/hyw/20260604/BBOX_FAKE_0604/output/GOOD3/C000026_friendly_GX080005_10811_11260.mp4,,/mnt/data4t/hyw/20260604/Interaction_Annotator-V0601_03_AND_05R/output/annotations/SV_GX080005_1afd2f943db8/C000026.csv,/mnt/data4t/hyw/20260604/Interaction_Annotator-V0601_03_AND_05R/output/fake_interaction/SV_GX080005_1afd2f943db8/C000026_friendly_GX080005_10811_11260.mp4,/mnt/data4t/hyw/20260604/V0604_SEG_S1_FI/shard_00/V_18,/mnt/data4t/hyw/20260604/V0604_SEG_S1_FI/shard_00/V_18/manifest.json,/mnt/data4t/hyw/20260604/V0604_SEG_S1_FI/shard_00/V_18/tracking_boxes.csv,/mnt/data4t/hyw/20260604/V0604_SEG_S1_FI/shard_00/V_18/keypoints.csv,/mnt/data4t/hyw/20260604/V0604_SEG_S1_FI/shard_00/V_18/C000026_friendly_GX080005_10811_11260.mp4,0,449,10811,11260,10811,0,0.0,409.18,1262.582,760.656,/mnt/data4t/hyw/20260604/BBOX_FAKE_0604/output/visualization_index.csv
new_20260604_0604|GOOD3|C000031_unfriendly_GX080005_9041_9930.mp4,7,new_20260604_0604,train,trn,GOOD3_default_train,no_interaction,fake_interaction,GOOD3,GOOD3,C000031,C000031_E0001,C000031_unfriendly_GX080005_9041_9930.mp4,SV_GX080005_1afd2f943db8,GX080005.MP4,/mnt/data4t/hyw/20260604/BBOX_FAKE_0604/output/GOOD3/C000031_unfriendly_GX080005_9041_9930.mp4,,/mnt/data4t/hyw/20260604/Interaction_Annotator-V0601_03_AND_05R/output/annotations/SV_GX080005_1afd2f943db8/C000031.csv,/mnt/data4t/hyw/20260604/Interaction_Annotator-V0601_03_AND_05R/output/fake_interaction/SV_GX080005_1afd2f943db8/C000031_unfriendly_GX080005_9041_9930.mp4,/mnt/data4t/hyw/20260604/V0604_SEG_S1_FI/shard_03/V_19,/mnt/data4t/hyw/20260604/V0604_SEG_S1_FI/shard_03/V_19/manifest.json,/mnt/data4t/hyw/20260604/V0604_SEG_S1_FI/shard_03/V_19/tracking_boxes.csv,/mnt/data4t/hyw/20260604/V0604_SEG_S1_FI/shard_03/V_19/keypoints.csv,/mnt/data4t/hyw/20260604/V0604_SEG_S1_FI/shard_03/V_19/C000031_unfriendly_GX080005_9041_9930.mp4,0,889,9041,9930,9041,0,0.0,304.262,1776.68,860.328,/mnt/data4t/hyw/20260604/BBOX_FAKE_0604/output/visualization_index.csv
new_20260604_0604|GOOD3|C000038_unfriendly_GX080005_38505_38954.mp4,7,new_20260604_0604,train,trn,GOOD3_default_train,no_interaction,fake_interaction,GOOD3,GOOD3,C000038,C000038_E0001,C000038_unfriendly_GX080005_38505_38954.mp4,SV_GX080005_1afd2f943db8,GX080005.MP4,/mnt/data4t/hyw/20260604/BBOX_FAKE_0604/output/GOOD3/C000038_unfriendly_GX080005_38505_38954.mp4,,/mnt/data4t/hyw/20260604/Interaction_Annotator-V0601_03_AND_05R/output/annotations/SV_GX080005_1afd2f943db8/C000038.csv,/mnt/data4t/hyw/20260604/Interaction_Annotator-V0601_03_AND_05R/output/fake_interaction/SV_GX080005_1afd2f943db8/C000038_unfriendly_GX080005_38505_38954.mp4,/mnt/data4t/hyw/20260604/V0604_SEG_S1_FI/shard_02/V_18,/mnt/data4t/hyw/20260604/V0604_SEG_S1_FI/shard_02/V_18/manifest.json,/mnt/data4t/hyw/20260604/V0604_SEG_S1_FI/shard_02/V_18/tracking_boxes.csv,/mnt/data4t/hyw/20260604/V0604_SEG_S1_FI/shard_02/V_18/keypoints.csv,/mnt/data4t/hyw/20260604/V0604_SEG_S1_FI/shard_02/V_18/C000038_unfriendly_GX080005_38505_38954.mp4,0,449,38505,38954,38505,0,837.664,15.738,624.262,430.164,/mnt/data4t/hyw/20260604/BBOX_FAKE_0604/output/visualization_index.csv
new_20260604_0604|GOOD3|C000039_unfriendly_GX080005_39108_39557.mp4,7,new_20260604_0604,train,trn,GOOD3_default_train,no_interaction,fake_interaction,GOOD3,GOOD3,C000039,C000039_E0001,C000039_unfriendly_GX080005_39108_39557.mp4,SV_GX080005_1afd2f943db8,GX080005.MP4,/mnt/data4t/hyw/20260604/BBOX_FAKE_0604/output/GOOD3/C000039_unfriendly_GX080005_39108_39557.mp4,,/mnt/data4t/hyw/20260604/Interaction_Annotator-V0601_03_AND_05R/output/annotations/SV_GX080005_1afd2f943db8/C000039.csv,/mnt/data4t/hyw/20260604/Interaction_Annotator-V0601_03_AND_05R/output/fake_interaction/SV_GX080005_1afd2f943db8/C000039_unfriendly_GX080005_39108_39557.mp4,/mnt/data4t/hyw/20260604/V0604_SEG_S1_FI/shard_00/V_19,/mnt/data4t/hyw/20260604/V0604_SEG_S1_FI/shard_00/V_19/manifest.json,/mnt/data4t/hyw/20260604/V0604_SEG_S1_FI/shard_00/V_19/tracking_boxes.csv,/mnt/data4t/hyw/20260604/V0604_SEG_S1_FI/shard_00/V_19/keypoints.csv,/mnt/data4t/hyw/20260604/V0604_SEG_S1_FI/shard_00/V_19/C000039_unfriendly_GX080005_39108_39557.mp4,0,449,39108,39557,39108,0,0.0,409.18,790.451,781.639,/mnt/data4t/hyw/20260604/BBOX_FAKE_0604/output/visualization_index.csv
new_20260604_0604|GOOD3|C000045_friendly_GX110006_1938_2387.mp4,7,new_20260604_0604,train,trn,GOOD3_default_train,no_interaction,fake_interaction,GOOD3,GOOD3,C000045,C000045_E0001,C000045_friendly_GX110006_1938_2387.mp4,SV_GX110006_40ff10fc5b66,GX110006.MP4,/mnt/data4t/hyw/20260604/BBOX_FAKE_0604/output/GOOD3/C000045_friendly_GX110006_1938_2387.mp4,,/mnt/data4t/hyw/20260604/Interaction_Annotator-V0601_03_AND_05R/output/annotations/SV_GX110006_40ff10fc5b66/C000045.csv,/mnt/data4t/hyw/20260604/Interaction_Annotator-V0601_03_AND_05R/output/fake_interaction/SV_GX110006_40ff10fc5b66/C000045_friendly_GX110006_1938_2387.mp4,/mnt/data4t/hyw/20260604/V0604_SEG_S1_FI/shard_01/V_20,/mnt/data4t/hyw/20260604/V0604_SEG_S1_FI/shard_01/V_20/manifest.json,/mnt/data4t/hyw/20260604/V0604_SEG_S1_FI/shard_01/V_20/tracking_boxes.csv,/mnt/data4t/hyw/20260604/V0604_SEG_S1_FI/shard_01/V_20/keypoints.csv,/mnt/data4t/hyw/20260604/V0604_SEG_S1_FI/shard_01/V_20/C000045_friendly_GX110006_1938_2387.mp4,0,449,1938,2387,1938,0,8.811,0.0,1384.918,1558.033,/mnt/data4t/hyw/20260604/BBOX_FAKE_0604/output/visualization_index.csv
new_20260604_0604|GOOD3|C000051_unfriendly_GX110006_4050_5050.mp4,7,new_20260604_0604,train,trn,GOOD3_default_train,no_interaction,fake_interaction,GOOD3,GOOD3,C000051,C000051_E0001,C000051_unfriendly_GX110006_4050_5050.mp4,SV_GX110006_40ff10fc5b66,GX110006.MP4,/mnt/data4t/hyw/20260604/BBOX_FAKE_0604/output/GOOD3/C000051_unfriendly_GX110006_4050_5050.mp4,,/mnt/data4t/hyw/20260604/Interaction_Annotator-V0601_03_AND_05R/output/annotations/SV_GX110006_40ff10fc5b66/C000051.csv,/mnt/data4t/hyw/20260604/Interaction_Annotator-V0601_03_AND_05R/output/fake_interaction/SV_GX110006_40ff10fc5b66/C000051_unfriendly_GX110006_4050_5050.mp4,/mnt/data4t/hyw/20260604/V0604_SEG_S1_FI/shard_02/V_22,/mnt/data4t/hyw/20260604/V0604_SEG_S1_FI/shard_02/V_22/manifest.json,/mnt/data4t/hyw/20260604/V0604_SEG_S1_FI/shard_02/V_22/tracking_boxes.csv,/mnt/data4t/hyw/20260604/V0604_SEG_S1_FI/shard_02/V_22/keypoints.csv,/mnt/data4t/hyw/20260604/V0604_SEG_S1_FI/shard_02/V_22/C000051_unfriendly_GX110006_4050_5050.mp4,0,667,4383,5050,4383,0,0.0,0.0,1603.566,1573.77,/mnt/data4t/hyw/20260604/BBOX_FAKE_0604/output/visualization_index.csv
new_20260604_0604|GOOD3|C000055_friendly_GX080004_25198_25845.mp4,7,new_20260604_0604,train,trn,GOOD3_default_train,no_interaction,fake_interaction,GOOD3,GOOD3,C000055,C000055_E0001,C000055_friendly_GX080004_25198_25845.mp4,SV_GX080004_7a4263da94cb,GX080004.MP4,/mnt/data4t/hyw/20260604/BBOX_FAKE_0604/output/GOOD3/C000055_friendly_GX080004_25198_25845.mp4,,/mnt/data4t/hyw/20260604/Interaction_Annotator-V0601_03_AND_05R/output/annotations/SV_GX080004_7a4263da94cb/C000055.csv,/mnt/data4t/hyw/20260604/Interaction_Annotator-V0601_03_AND_05R/output/fake_interaction/SV_GX080004_7a4263da94cb/C000055_friendly_GX080004_25198_25845.mp4,/mnt/data4t/hyw/20260604/V0604_SEG_S1_FI/shard_03/V_17,/mnt/data4t/hyw/20260604/V0604_SEG_S1_FI/shard_03/V_17/manifest.json,/mnt/data4t/hyw/20260604/V0604_SEG_S1_FI/shard_03/V_17/tracking_boxes.csv,/mnt/data4t/hyw/20260604/V0604_SEG_S1_FI/shard_03/V_17/keypoints.csv,/mnt/data4t/hyw/20260604/V0604_SEG_S1_FI/shard_03/V_17/C000055_friendly_GX080004_25198_25845.mp4,0,647,25198,25845,25198,0,960.714,111.043,1948.259,1479.298,/mnt/data4t/hyw/20260604/BBOX_FAKE_0604/output/visualization_index.csv
new_20260604_0604|GOOD3|C000058_friendly_GX080004_30853_31302.mp4,7,new_20260604_0604,train,trn,GOOD3_default_train,no_interaction,fake_interaction,GOOD3,GOOD3,C000058,C000058_E0001,C000058_friendly_GX080004_30853_31302.mp4,SV_GX080004_7a4263da94cb,GX080004.MP4,/mnt/data4t/hyw/20260604/BBOX_FAKE_0604/output/GOOD3/C000058_friendly_GX080004_30853_31302.mp4,,/mnt/data4t/hyw/20260604/Interaction_Annotator-V0601_03_AND_05R/output/annotations/SV_GX080004_7a4263da94cb/C000058.csv,/mnt/data4t/hyw/20260604/Interaction_Annotator-V0601_03_AND_05R/output/fake_interaction/SV_GX080004_7a4263da94cb/C000058_friendly_GX080004_30853_31302.mp4,/mnt/data4t/hyw/20260604/V0604_SEG_S1_FI/shard_02/V_15,/mnt/data4t/hyw/20260604/V0604_SEG_S1_FI/shard_02/V_15/manifest.json,/mnt/data4t/hyw/20260604/V0604_SEG_S1_FI/shard_02/V_15/tracking_boxes.csv,/mnt/data4t/hyw/20260604/V0604_SEG_S1_FI/shard_02/V_15/keypoints.csv,/mnt/data4t/hyw/20260604/V0604_SEG_S1_FI/shard_02/V_15/C000058_friendly_GX080004_30853_31302.mp4,0,449,30853,31302,30853,0,1091.747,138.629,1772.399,1393.092,/mnt/data4t/hyw/20260604/BBOX_FAKE_0604/output/visualization_index.csv
new_20260604_0604|GOOD3|C000060_unfriendly_GX080004_25168_25739.mp4,7,new_20260604_0604,train,trn,GOOD3_default_train,no_interaction,fake_interaction,GOOD3,GOOD3,C000060,C000060_E0001,C000060_unfriendly_GX080004_25168_25739.mp4,SV_GX080004_7a4263da94cb,GX080004.MP4,/mnt/data4t/hyw/20260604/BBOX_FAKE_0604/output/GOOD3/C000060_unfriendly_GX080004_25168_25739.mp4,,/mnt/data4t/hyw/20260604/Interaction_Annotator-V0601_03_AND_05R/output/annotations/SV_GX080004_7a4263da94cb/C000060.csv,/mnt/data4t/hyw/20260604/Interaction_Annotator-V0601_03_AND_05R/output/fake_interaction/SV_GX080004_7a4263da94cb/C000060_unfriendly_GX080004_25168_25739.mp4,/mnt/data4t/hyw/20260604/V0604_SEG_S1_FI/shard_02/V_16,/mnt/data4t/hyw/20260604/V0604_SEG_S1_FI/shard_02/V_16/manifest.json,/mnt/data4t/hyw/20260604/V0604_SEG_S1_FI/shard_02/V_16/tracking_boxes.csv,/mnt/data4t/hyw/20260604/V0604_SEG_S1_FI/shard_02/V_16/keypoints.csv,/mnt/data4t/hyw/20260604/V0604_SEG_S1_FI/shard_02/V_16/C000060_unfriendly_GX080004_25168_25739.mp4,0,571,25168,25739,25168,0,1046.92,183.456,1889.639,1382.747,/mnt/data4t/hyw/20260604/BBOX_FAKE_0604/output/visualization_index.csv
new_20260604_0604|GOOD3|C000061_unfriendly_GX080004_31043_31492.mp4,7,new_20260604_0604,train,trn,GOOD3_default_train,no_interaction,fake_interaction,GOOD3,GOOD3,C000061,C000061_E0001,C000061_unfriendly_GX080004_31043_31492.mp4,SV_GX080004_7a4263da94cb,GX080004.MP4,/mnt/data4t/hyw/20260604/BBOX_FAKE_0604/output/GOOD3/C000061_unfriendly_GX080004_31043_31492.mp4,,/mnt/data4t/hyw/20260604/Interaction_Annotator-V0601_03_AND_05R/output/annotations/SV_GX080004_7a4263da94cb/C000061.csv,/mnt/data4t/hyw/20260604/Interaction_Annotator-V0601_03_AND_05R/output/fake_interaction/SV_GX080004_7a4263da94cb/C000061_unfriendly_GX080004_31043_31492.mp4,/mnt/data4t/hyw/20260604/V0604_SEG_S1_FI/shard_00/V_17,/mnt/data4t/hyw/20260604/V0604_SEG_S1_FI/shard_00/V_17/manifest.json,/mnt/data4t/hyw/20260604/V0604_SEG_S1_FI/shard_00/V_17/tracking_boxes.csv,/mnt/data4t/hyw/20260604/V0604_SEG_S1_FI/shard_00/V_17/keypoints.csv,/mnt/data4t/hyw/20260604/V0604_SEG_S1_FI/shard_00/V_17/C000061_unfriendly_GX080004_31043_31492.mp4,0,449,31043,31492,31043,0,1164.16,211.042,1686.193,1275.851,/mnt/data4t/hyw/20260604/BBOX_FAKE_0604/output/visualization_index.csv
new_20260604_0604|GOOD3|C000063_unfriendly_GX140003_0_449.mp4,7,new_20260604_0604,train,trn,GOOD3_default_train,no_interaction,fake_interaction,GOOD3,GOOD3,C000063,C000063_E0001,C000063_unfriendly_GX140003_0_449.mp4,SV_GX140003_fd861976db00,GX140003.MP4,/mnt/data4t/hyw/20260604/BBOX_FAKE_0604/output/GOOD3/C000063_unfriendly_GX140003_0_449.mp4,,/mnt/data4t/hyw/20260604/Interaction_Annotator-V0601_03_AND_05R/output/annotations/SV_GX140003_fd861976db00/C000063.csv,/mnt/data4t/hyw/20260604/Interaction_Annotator-V0601_03_AND_05R/output/fake_interaction/SV_GX140003_fd861976db00/C000063_unfriendly_GX140003_0_449.mp4,/mnt/data4t/hyw/20260604/V0604_SEG_S1_FI/shard_01/V_21,/mnt/data4t/hyw/20260604/V0604_SEG_S1_FI/shard_01/V_21/manifest.json,/mnt/data4t/hyw/20260604/V0604_SEG_S1_FI/shard_01/V_21/tracking_boxes.csv,/mnt/data4t/hyw/20260604/V0604_SEG_S1_FI/shard_01/V_21/keypoints.csv,/mnt/data4t/hyw/20260604/V0604_SEG_S1_FI/shard_01/V_21/C000063_unfriendly_GX140003_0_449.mp4,0,449,0,449,0,0,2708.975,52.422,1131.025,896.544,/mnt/data4t/hyw/20260604/BBOX_FAKE_0604/output/visualization_index.csv
new_20260604_0604|GOOD3|C000067_unfriendly_GX050008_1940_2389.mp4,7,new_20260604_0604,train,trn,GOOD3_default_train,no_interaction,fake_interaction,GOOD3,GOOD3,C000067,C000067_E0001,C000067_unfriendly_GX050008_1940_2389.mp4,SV_GX050008_52a45aa93132,GX050008.MP4,/mnt/data4t/hyw/20260604/BBOX_FAKE_0604/output/GOOD3/C000067_unfriendly_GX050008_1940_2389.mp4,,/mnt/data4t/hyw/20260604/Interaction_Annotator-V0601_03_AND_05R/output/annotations/SV_GX050008_52a45aa93132/C000067.csv,/mnt/data4t/hyw/20260604/Interaction_Annotator-V0601_03_AND_05R/output/fake_interaction/SV_GX050008_52a45aa93132/C000067_unfriendly_GX050008_1940_2389.mp4,/mnt/data4t/hyw/20260604/V0604_SEG_S1_FI/shard_03/V_9,/mnt/data4t/hyw/20260604/V0604_SEG_S1_FI/shard_03/V_9/manifest.json,/mnt/data4t/hyw/20260604/V0604_SEG_S1_FI/shard_03/V_9/tracking_boxes.csv,/mnt/data4t/hyw/20260604/V0604_SEG_S1_FI/shard_03/V_9/keypoints.csv,/mnt/data4t/hyw/20260604/V0604_SEG_S1_FI/shard_03/V_9/C000067_unfriendly_GX050008_1940_2389.mp4,0,449,1940,2389,1940,0,1622.777,214.49,1917.225,875.855,/mnt/data4t/hyw/20260604/BBOX_FAKE_0604/output/visualization_index.csv
new_20260604_0604|GOOD3|C000069_friendly_GX110002_75_1020.mp4,7,new_20260604_0604,train,trn,GOOD3_default_train,no_interaction,fake_interaction,GOOD3,GOOD3,C000069,C000069_E0001,C000069_friendly_GX110002_75_1020.mp4,SV_GX110002_411ac3850013,GX110002.MP4,/mnt/data4t/hyw/20260604/BBOX_FAKE_0604/output/GOOD3/C000069_friendly_GX110002_75_1020.mp4,,/mnt/data4t/hyw/20260604/Interaction_Annotator-V0601_03_AND_05R/output/annotations/SV_GX110002_411ac3850013/C000069.csv,/mnt/data4t/hyw/20260604/Interaction_Annotator-V0601_03_AND_05R/output/fake_interaction/SV_GX110002_411ac3850013/C000069_friendly_GX110002_75_1020.mp4,/mnt/data4t/hyw/20260604/V0604_SEG_S1_FI/shard_03/V_23,/mnt/data4t/hyw/20260604/V0604_SEG_S1_FI/shard_03/V_23/manifest.json,/mnt/data4t/hyw/20260604/V0604_SEG_S1_FI/shard_03/V_23/tracking_boxes.csv,/mnt/data4t/hyw/20260604/V0604_SEG_S1_FI/shard_03/V_23/keypoints.csv,/mnt/data4t/hyw/20260604/V0604_SEG_S1_FI/shard_03/V_23/C000069_friendly_GX110002_75_1020.mp4,0,945,75,1020,75,0,726.233,0.0,1682.744,993.794,/mnt/data4t/hyw/20260604/BBOX_FAKE_0604/output/visualization_index.csv
new_20260604_0604|GOOD3|C000074_unfriendly_GX020005_2653_3385.mp4,7,new_20260604_0604,train,trn,GOOD3_default_train,no_interaction,fake_interaction,GOOD3,GOOD3,C000074,C000074_E0001,C000074_unfriendly_GX020005_2653_3385.mp4,SV_GX020005_851575cc1248,GX020005.MP4,/mnt/data4t/hyw/20260604/BBOX_FAKE_0604/output/GOOD3/C000074_unfriendly_GX020005_2653_3385.mp4,,/mnt/data4t/hyw/20260604/Interaction_Annotator-V0601_03_AND_05R/output/annotations/SV_GX020005_851575cc1248/C000074.csv,/mnt/data4t/hyw/20260604/Interaction_Annotator-V0601_03_AND_05R/output/fake_interaction/SV_GX020005_851575cc1248/C000074_unfriendly_GX020005_2653_3385.mp4,/mnt/data4t/hyw/20260604/V0604_SEG_S1_FI/shard_00/V_6,/mnt/data4t/hyw/20260604/V0604_SEG_S1_FI/shard_00/V_6/manifest.json,/mnt/data4t/hyw/20260604/V0604_SEG_S1_FI/shard_00/V_6/tracking_boxes.csv,/mnt/data4t/hyw/20260604/V0604_SEG_S1_FI/shard_00/V_6/keypoints.csv,/mnt/data4t/hyw/20260604/V0604_SEG_S1_FI/shard_00/V_6/C000074_unfriendly_GX020005_2653_3385.mp4,0,732,2653,3385,2653,0,71.762,0.0,1694.426,1804.59,/mnt/data4t/hyw/20260604/BBOX_FAKE_0604/output/visualization_index.csv
new_20260604_0604|GOOD3|C000076_unfriendly_GX020005_7390_7845.mp4,7,new_20260604_0604,train,trn,GOOD3_default_train,no_interaction,fake_interaction,GOOD3,GOOD3,C000076,C000076_E0001,C000076_unfriendly_GX020005_7390_7845.mp4,SV_GX020005_851575cc1248,GX020005.MP4,/mnt/data4t/hyw/20260604/BBOX_FAKE_0604/output/GOOD3/C000076_unfriendly_GX020005_7390_7845.mp4,,/mnt/data4t/hyw/20260604/Interaction_Annotator-V0601_03_AND_05R/output/annotations/SV_GX020005_851575cc1248/C000076.csv,/mnt/data4t/hyw/20260604/Interaction_Annotator-V0601_03_AND_05R/output/fake_interaction/SV_GX020005_851575cc1248/C000076_unfriendly_GX020005_7390_7845.mp4,/mnt/data4t/hyw/20260604/V0604_SEG_S1_FI/shard_03/V_5,/mnt/data4t/hyw/20260604/V0604_SEG_S1_FI/shard_03/V_5/manifest.json,/mnt/data4t/hyw/20260604/V0604_SEG_S1_FI/shard_03/V_5/tracking_boxes.csv,/mnt/data4t/hyw/20260604/V0604_SEG_S1_FI/shard_03/V_5/keypoints.csv,/mnt/data4t/hyw/20260604/V0604_SEG_S1_FI/shard_03/V_5/C000076_unfriendly_GX020005_7390_7845.mp4,0,455,7390,7845,7390,0,0.0,62.951,1566.844,771.148,/mnt/data4t/hyw/20260604/BBOX_FAKE_0604/output/visualization_index.csv
new_20260604_0604|GOOD3|C000080_friendly_GX040011_28_1350.mp4,7,new_20260604_0604,train,trn,GOOD3_default_train,no_interaction,fake_interaction,GOOD3,GOOD3,C000080,C000080_E0001,C000080_friendly_GX040011_28_1350.mp4,SV_GX040011_2f6edbacd2e3,GX040011.MP4,/mnt/data4t/hyw/20260604/BBOX_FAKE_0604/output/GOOD3/C000080_friendly_GX040011_28_1350.mp4,,/mnt/data4t/hyw/20260604/Interaction_Annotator-V0601_03_AND_05R/output/annotations/SV_GX040011_2f6edbacd2e3/C000080.csv,/mnt/data4t/hyw/20260604/Interaction_Annotator-V0601_03_AND_05R/output/fake_interaction/SV_GX040011_2f6edbacd2e3/C000080_friendly_GX040011_28_1350.mp4,/mnt/data4t/hyw/20260604/V0604_SEG_S1_FI/shard_00/V_9,/mnt/data4t/hyw/20260604/V0604_SEG_S1_FI/shard_00/V_9/manifest.json,/mnt/data4t/hyw/20260604/V0604_SEG_S1_FI/shard_00/V_9/tracking_boxes.csv,/mnt/data4t/hyw/20260604/V0604_SEG_S1_FI/shard_00/V_9/keypoints.csv,/mnt/data4t/hyw/20260604/V0604_SEG_S1_FI/shard_00/V_9/C000080_friendly_GX040011_28_1350.mp4,0,1322,28,1350,28,0,2464.15,824.83,1372.402,706.891,/mnt/data4t/hyw/20260604/BBOX_FAKE_0604/output/visualization_index.csv
new_20260604_0604|GOOD3|C000081_friendly_GX070007_12271_12720.mp4,7,new_20260604_0604,train,trn,GOOD3_default_train,no_interaction,fake_interaction,GOOD3,GOOD3,C000081,C000081_E0001,C000081_friendly_GX070007_12271_12720.mp4,SV_GX070007_8c121a81d406,GX070007.MP4,/mnt/data4t/hyw/20260604/BBOX_FAKE_0604/output/GOOD3/C000081_friendly_GX070007_12271_12720.mp4,,/mnt/data4t/hyw/20260604/Interaction_Annotator-V0601_03_AND_05R/output/annotations/SV_GX070007_8c121a81d406/C000081.csv,/mnt/data4t/hyw/20260604/Interaction_Annotator-V0601_03_AND_05R/output/fake_interaction/SV_GX070007_8c121a81d406/C000081_friendly_GX070007_12271_12720.mp4,/mnt/data4t/hyw/20260604/V0604_SEG_S1_FI/shard_00/V_12,/mnt/data4t/hyw/20260604/V0604_SEG_S1_FI/shard_00/V_12/manifest.json,/mnt/data4t/hyw/20260604/V0604_SEG_S1_FI/shard_00/V_12/tracking_boxes.csv,/mnt/data4t/hyw/20260604/V0604_SEG_S1_FI/shard_00/V_12/keypoints.csv,/mnt/data4t/hyw/20260604/V0604_SEG_S1_FI/shard_00/V_12/C000081_friendly_GX070007_12271_12720.mp4,0,449,12271,12720,12271,0,153.824,824.83,941.371,968.957,/mnt/data4t/hyw/20260604/BBOX_FAKE_0604/output/visualization_index.csv
new_20260604_0604|GOOD3|C000082_friendly_GX070007_13311_13760.mp4,7,new_20260604_0604,train,trn,GOOD3_default_train,no_interaction,fake_interaction,GOOD3,GOOD3,C000082,C000082_E0001,C000082_friendly_GX070007_13311_13760.mp4,SV_GX070007_8c121a81d406,GX070007.MP4,/mnt/data4t/hyw/20260604/BBOX_FAKE_0604/output/GOOD3/C000082_friendly_GX070007_13311_13760.mp4,,/mnt/data4t/hyw/20260604/Interaction_Annotator-V0601_03_AND_05R/output/annotations/SV_GX070007_8c121a81d406/C000082.csv,/mnt/data4t/hyw/20260604/Interaction_Annotator-V0601_03_AND_05R/output/fake_interaction/SV_GX070007_8c121a81d406/C000082_friendly_GX070007_13311_13760.mp4,/mnt/data4t/hyw/20260604/V0604_SEG_S1_FI/shard_02/V_9,/mnt/data4t/hyw/20260604/V0604_SEG_S1_FI/shard_02/V_9/manifest.json,/mnt/data4t/hyw/20260604/V0604_SEG_S1_FI/shard_02/V_9/tracking_boxes.csv,/mnt/data4t/hyw/20260604/V0604_SEG_S1_FI/shard_02/V_9/keypoints.csv,/mnt/data4t/hyw/20260604/V0604_SEG_S1_FI/shard_02/V_9/C000082_friendly_GX070007_13311_13760.mp4,0,449,13311,13760,13311,0,157.272,790.347,993.095,896.544,/mnt/data4t/hyw/20260604/BBOX_FAKE_0604/output/visualization_index.csv
new_20260604_0604|GOOD3|C000083_friendly_GX070007_16036_16485.mp4,7,new_20260604_0604,train,trn,GOOD3_default_train,no_interaction,fake_interaction,GOOD3,GOOD3,C000083,C000083_E0001,C000083_friendly_GX070007_16036_16485.mp4,SV_GX070007_8c121a81d406,GX070007.MP4,/mnt/data4t/hyw/20260604/BBOX_FAKE_0604/output/GOOD3/C000083_friendly_GX070007_16036_16485.mp4,,/mnt/data4t/hyw/20260604/Interaction_Annotator-V0601_03_AND_05R/output/annotations/SV_GX070007_8c121a81d406/C000083.csv,/mnt/data4t/hyw/20260604/Interaction_Annotator-V0601_03_AND_05R/output/fake_interaction/SV_GX070007_8c121a81d406/C000083_friendly_GX070007_16036_16485.mp4,/mnt/data4t/hyw/20260604/V0604_SEG_S1_FI/shard_03/V_13,/mnt/data4t/hyw/20260604/V0604_SEG_S1_FI/shard_03/V_13/manifest.json,/mnt/data4t/hyw/20260604/V0604_SEG_S1_FI/shard_03/V_13/tracking_boxes.csv,/mnt/data4t/hyw/20260604/V0604_SEG_S1_FI/shard_03/V_13/keypoints.csv,/mnt/data4t/hyw/20260604/V0604_SEG_S1_FI/shard_03/V_13/C000083_friendly_GX070007_16036_16485.mp4,0,449,16036,16485,16036,0,167.617,928.277,827.579,706.891,/mnt/data4t/hyw/20260604/BBOX_FAKE_0604/output/visualization_index.csv
new_20260604_0604|GOOD3|C000086_friendly_GX070007_25650_26310.mp4,7,new_20260604_0604,train,trn,GOOD3_default_train,no_interaction,fake_interaction,GOOD3,GOOD3,C000086,C000086_E0001,C000086_friendly_GX070007_25650_26310.mp4,SV_GX070007_8c121a81d406,GX070007.MP4,/mnt/data4t/hyw/20260604/BBOX_FAKE_0604/output/GOOD3/C000086_friendly_GX070007_25650_26310.mp4,,/mnt/data4t/hyw/20260604/Interaction_Annotator-V0601_03_AND_05R/output/annotations/SV_GX070007_8c121a81d406/C000086.csv,/mnt/data4t/hyw/20260604/Interaction_Annotator-V0601_03_AND_05R/output/fake_interaction/SV_GX070007_8c121a81d406/C000086_friendly_GX070007_25650_26310.mp4,/mnt/data4t/hyw/20260604/V0604_SEG_S1_FI/shard_00/V_13,/mnt/data4t/hyw/20260604/V0604_SEG_S1_FI/shard_00/V_13/manifest.json,/mnt/data4t/hyw/20260604/V0604_SEG_S1_FI/shard_00/V_13/tracking_boxes.csv,/mnt/data4t/hyw/20260604/V0604_SEG_S1_FI/shard_00/V_13/keypoints.csv,/mnt/data4t/hyw/20260604/V0604_SEG_S1_FI/shard_00/V_13/C000086_friendly_GX070007_25650_26310.mp4,0,660,25650,26310,25650,0,2281.392,583.452,1451.712,1441.367,/mnt/data4t/hyw/20260604/BBOX_FAKE_0604/output/visualization_index.csv
new_20260604_0604|GOOD3|C000091_friendly_GX060002_9768_10217.mp4,7,new_20260604_0604,train,trn,GOOD3_default_train,no_interaction,fake_interaction,GOOD3,GOOD3,C000091,C000091_E0001,C000091_friendly_GX060002_9768_10217.mp4,SV_GX060002_23846c07cdea,GX060002.MP4,/mnt/data4t/hyw/20260604/BBOX_FAKE_0604/output/GOOD3/C000091_friendly_GX060002_9768_10217.mp4,,/mnt/data4t/hyw/20260604/Interaction_Annotator-V0601_03_AND_05R/output/annotations/SV_GX060002_23846c07cdea/C000091.csv,/mnt/data4t/hyw/20260604/Interaction_Annotator-V0601_03_AND_05R/output/fake_interaction/SV_GX060002_23846c07cdea/C000091_friendly_GX060002_9768_10217.mp4,/mnt/data4t/hyw/20260604/V0604_SEG_S1_FI/shard_02/V_7,/mnt/data4t/hyw/20260604/V0604_SEG_S1_FI/shard_02/V_7/manifest.json,/mnt/data4t/hyw/20260604/V0604_SEG_S1_FI/shard_02/V_7/tracking_boxes.csv,/mnt/data4t/hyw/20260604/V0604_SEG_S1_FI/shard_02/V_7/keypoints.csv,/mnt/data4t/hyw/20260604/V0604_SEG_S1_FI/shard_02/V_7/C000091_friendly_GX060002_9768_10217.mp4,0,449,9768,10217,9768,0,1126.23,662.762,2113.775,1497.238,/mnt/data4t/hyw/20260604/BBOX_FAKE_0604/output/visualization_index.csv
new_20260604_0604|GOOD3|C000093_unfriendly_GX060002_1463_1912.mp4,7,new_20260604_0604,train,trn,GOOD3_default_train,no_interaction,fake_interaction,GOOD3,GOOD3,C000093,C000093_E0001,C000093_unfriendly_GX060002_1463_1912.mp4,SV_GX060002_23846c07cdea,GX060002.MP4,/mnt/data4t/hyw/20260604/BBOX_FAKE_0604/output/GOOD3/C000093_unfriendly_GX060002_1463_1912.mp4,,/mnt/data4t/hyw/20260604/Interaction_Annotator-V0601_03_AND_05R/output/annotations/SV_GX060002_23846c07cdea/C000093.csv,/mnt/data4t/hyw/20260604/Interaction_Annotator-V0601_03_AND_05R/output/fake_interaction/SV_GX060002_23846c07cdea/C000093_unfriendly_GX060002_1463_1912.mp4,/mnt/data4t/hyw/20260604/V0604_SEG_S1_FI/shard_03/V_10,/mnt/data4t/hyw/20260604/V0604_SEG_S1_FI/shard_03/V_10/manifest.json,/mnt/data4t/hyw/20260604/V0604_SEG_S1_FI/shard_03/V_10/tracking_boxes.csv,/mnt/data4t/hyw/20260604/V0604_SEG_S1_FI/shard_03/V_10/keypoints.csv,/mnt/data4t/hyw/20260604/V0604_SEG_S1_FI/shard_03/V_10/C000093_unfriendly_GX060002_1463_1912.mp4,0,449,1463,1912,1463,0,1081.403,959.311,1710.33,1200.689,/mnt/data4t/hyw/20260604/BBOX_FAKE_0604/output/visualization_index.csv
new_20260604_0604|GOOD3|C000096_unfriendly_GX060002_4376_4825.mp4,7,new_20260604_0604,train,trn,GOOD3_default_train,no_interaction,fake_interaction,GOOD3,GOOD3,C000096,C000096_E0001,C000096_unfriendly_GX060002_4376_4825.mp4,SV_GX060002_23846c07cdea,GX060002.MP4,/mnt/data4t/hyw/20260604/BBOX_FAKE_0604/output/GOOD3/C000096_unfriendly_GX060002_4376_4825.mp4,,/mnt/data4t/hyw/20260604/Interaction_Annotator-V0601_03_AND_05R/output/annotations/SV_GX060002_23846c07cdea/C000096.csv,/mnt/data4t/hyw/20260604/Interaction_Annotator-V0601_03_AND_05R/output/fake_interaction/SV_GX060002_23846c07cdea/C000096_unfriendly_GX060002_4376_4825.mp4,/mnt/data4t/hyw/20260604/V0604_SEG_S1_FI/shard_01/V_6,/mnt/data4t/hyw/20260604/V0604_SEG_S1_FI/shard_01/V_6/manifest.json,/mnt/data4t/hyw/20260604/V0604_SEG_S1_FI/shard_01/V_6/tracking_boxes.csv,/mnt/data4t/hyw/20260604/V0604_SEG_S1_FI/shard_01/V_6/keypoints.csv,/mnt/data4t/hyw/20260604/V0604_SEG_S1_FI/shard_01/V_6/C000096_unfriendly_GX060002_4376_4825.mp4,0,449,4376,4825,4376,0,0.0,1011.035,619.337,1086.198,/mnt/data4t/hyw/20260604/BBOX_FAKE_0604/output/visualization_index.csv
new_20260604_0604|GOOD3|C000097_unfriendly_GX060002_7443_7892.mp4,7,new_20260604_0604,train,trn,GOOD3_default_train,no_interaction,fake_interaction,GOOD3,GOOD3,C000097,C000097_E0001,C000097_unfriendly_GX060002_7443_7892.mp4,SV_GX060002_23846c07cdea,GX060002.MP4,/mnt/data4t/hyw/20260604/BBOX_FAKE_0604/output/GOOD3/C000097_unfriendly_GX060002_7443_7892.mp4,,/mnt/data4t/hyw/20260604/Interaction_Annotator-V0601_03_AND_05R/output/annotations/SV_GX060002_23846c07cdea/C000097.csv,/mnt/data4t/hyw/20260604/Interaction_Annotator-V0601_03_AND_05R/output/fake_interaction/SV_GX060002_23846c07cdea/C000097_unfriendly_GX060002_7443_7892.mp4,/mnt/data4t/hyw/20260604/V0604_SEG_S1_FI/shard_02/V_8,/mnt/data4t/hyw/20260604/V0604_SEG_S1_FI/shard_02/V_8/manifest.json,/mnt/data4t/hyw/20260604/V0604_SEG_S1_FI/shard_02/V_8/tracking_boxes.csv,/mnt/data4t/hyw/20260604/V0604_SEG_S1_FI/shard_02/V_8/keypoints.csv,/mnt/data4t/hyw/20260604/V0604_SEG_S1_FI/shard_02/V_8/C000097_unfriendly_GX060002_7443_7892.mp4,0,449,7443,7892,7443,0,0.0,942.07,460.718,1217.93,/mnt/data4t/hyw/20260604/BBOX_FAKE_0604/output/visualization_index.csv
new_20260604_0604|GOOD3|C000106_friendly_GX090002_5478_5927.mp4,7,new_20260604_0604,train,trn,GOOD3_default_train,no_interaction,fake_interaction,GOOD3,GOOD3,C000106,C000106_E0001,C000106_friendly_GX090002_5478_5927.mp4,SV_GX090002_ba93005dceac,GX090002.MP4,/mnt/data4t/hyw/20260604/BBOX_FAKE_0604/output/GOOD3/C000106_friendly_GX090002_5478_5927.mp4,,/mnt/data4t/hyw/20260604/Interaction_Annotator-V0601_03_AND_05R/output/annotations/SV_GX090002_ba93005dceac/C000106.csv,/mnt/data4t/hyw/20260604/Interaction_Annotator-V0601_03_AND_05R/output/fake_interaction/SV_GX090002_ba93005dceac/C000106_friendly_GX090002_5478_5927.mp4,/mnt/data4t/hyw/20260604/V0604_SEG_S1_FI/shard_00/V_20,/mnt/data4t/hyw/20260604/V0604_SEG_S1_FI/shard_00/V_20/manifest.json,/mnt/data4t/hyw/20260604/V0604_SEG_S1_FI/shard_00/V_20/tracking_boxes.csv,/mnt/data4t/hyw/20260604/V0604_SEG_S1_FI/shard_00/V_20/keypoints.csv,/mnt/data4t/hyw/20260604/V0604_SEG_S1_FI/shard_00/V_20/C000106_friendly_GX090002_5478_5927.mp4,0,449,5478,5927,5478,0,0.0,438.626,750.371,1103.439,/mnt/data4t/hyw/20260604/BBOX_FAKE_0604/output/visualization_index.csv
new_20260604_0604|GOOD3|C000108_unfriendly_GX090002_3940_4720.mp4,7,new_20260604_0604,train,trn,GOOD3_default_train,no_interaction,fake_interaction,GOOD3,GOOD3,C000108,C000108_E0001,C000108_unfriendly_GX090002_3940_4720.mp4,SV_GX090002_ba93005dceac,GX090002.MP4,/mnt/data4t/hyw/20260604/BBOX_FAKE_0604/output/GOOD3/C000108_unfriendly_GX090002_3940_4720.mp4,,/mnt/data4t/hyw/20260604/Interaction_Annotator-V0601_03_AND_05R/output/annotations/SV_GX090002_ba93005dceac/C000108.csv,/mnt/data4t/hyw/20260604/Interaction_Annotator-V0601_03_AND_05R/output/fake_interaction/SV_GX090002_ba93005dceac/C000108_unfriendly_GX090002_3940_4720.mp4,/mnt/data4t/hyw/20260604/V0604_SEG_S1_FI/shard_02/V_21,/mnt/data4t/hyw/20260604/V0604_SEG_S1_FI/shard_02/V_21/manifest.json,/mnt/data4t/hyw/20260604/V0604_SEG_S1_FI/shard_02/V_21/tracking_boxes.csv,/mnt/data4t/hyw/20260604/V0604_SEG_S1_FI/shard_02/V_21/keypoints.csv,/mnt/data4t/hyw/20260604/V0604_SEG_S1_FI/shard_02/V_21/C000108_unfriendly_GX090002_3940_4720.mp4,0,780,3940,4720,3940,0,0.0,428.281,795.198,958.613,/mnt/data4t/hyw/20260604/BBOX_FAKE_0604/output/visualization_index.csv
new_20260604_0604|GOOD3|C000112_friendly_GX020002_841_1290.mp4,7,new_20260604_0604,train,trn,GOOD3_default_train,no_interaction,fake_interaction,GOOD3,GOOD3,C000112,C000112_E0001,C000112_friendly_GX020002_841_1290.mp4,SV_GX020002_801a378fb5bd,GX020002.MP4,/mnt/data4t/hyw/20260604/BBOX_FAKE_0604/output/GOOD3/C000112_friendly_GX020002_841_1290.mp4,,/mnt/data4t/hyw/20260604/Interaction_Annotator-V0601_03_AND_05R/output/annotations/SV_GX020002_801a378fb5bd/C000112.csv,/mnt/data4t/hyw/20260604/Interaction_Annotator-V0601_03_AND_05R/output/fake_interaction/SV_GX020002_801a378fb5bd/C000112_friendly_GX020002_841_1290.mp4,/mnt/data4t/hyw/20260604/V0604_SEG_S1_FI/shard_00/V_2,/mnt/data4t/hyw/20260604/V0604_SEG_S1_FI/shard_00/V_2/manifest.json,/mnt/data4t/hyw/20260604/V0604_SEG_S1_FI/shard_00/V_2/tracking_boxes.csv,/mnt/data4t/hyw/20260604/V0604_SEG_S1_FI/shard_00/V_2/keypoints.csv,/mnt/data4t/hyw/20260604/V0604_SEG_S1_FI/shard_00/V_2/C000112_friendly_GX020002_841_1290.mp4,0,449,841,1290,841,0,1084.851,435.178,462.065,375.859,/mnt/data4t/hyw/20260604/BBOX_FAKE_0604/output/visualization_index.csv
new_20260604_0604|GOOD3|C000114_unfriendly_GX020002_23155_23604.mp4,7,new_20260604_0604,train,trn,GOOD3_default_train,no_interaction,fake_interaction,GOOD3,GOOD3,C000114,C000114_E0001,C000114_unfriendly_GX020002_23155_23604.mp4,SV_GX020002_801a378fb5bd,GX020002.MP4,/mnt/data4t/hyw/20260604/BBOX_FAKE_0604/output/GOOD3/C000114_unfriendly_GX020002_23155_23604.mp4,,/mnt/data4t/hyw/20260604/Interaction_Annotator-V0601_03_AND_05R/output/annotations/SV_GX020002_801a378fb5bd/C000114.csv,/mnt/data4t/hyw/20260604/Interaction_Annotator-V0601_03_AND_05R/output/fake_interaction/SV_GX020002_801a378fb5bd/C000114_unfriendly_GX020002_23155_23604.mp4,/mnt/data4t/hyw/20260604/V0604_SEG_S1_FI/shard_03/V_1,/mnt/data4t/hyw/20260604/V0604_SEG_S1_FI/shard_03/V_1/manifest.json,/mnt/data4t/hyw/20260604/V0604_SEG_S1_FI/shard_03/V_1/tracking_boxes.csv,/mnt/data4t/hyw/20260604/V0604_SEG_S1_FI/shard_03/V_1/keypoints.csv,/mnt/data4t/hyw/20260604/V0604_SEG_S1_FI/shard_03/V_1/C000114_unfriendly_GX020002_23155_23604.mp4,0,449,23155,23604,23155,0,1484.847,469.66,1024.129,1096.542,/mnt/data4t/hyw/20260604/BBOX_FAKE_0604/output/visualization_index.csv
new_20260604_0604|GOOD3|C000115_unfriendly_GX020002_24438_25047.mp4,7,new_20260604_0604,train,trn,GOOD3_default_train,no_interaction,fake_interaction,GOOD3,GOOD3,C000115,C000115_E0001,C000115_unfriendly_GX020002_24438_25047.mp4,SV_GX020002_801a378fb5bd,GX020002.MP4,/mnt/data4t/hyw/20260604/BBOX_FAKE_0604/output/GOOD3/C000115_unfriendly_GX020002_24438_25047.mp4,,/mnt/data4t/hyw/20260604/Interaction_Annotator-V0601_03_AND_05R/output/annotations/SV_GX020002_801a378fb5bd/C000115.csv,/mnt/data4t/hyw/20260604/Interaction_Annotator-V0601_03_AND_05R/output/fake_interaction/SV_GX020002_801a378fb5bd/C000115_unfriendly_GX020002_24438_25047.mp4,/mnt/data4t/hyw/20260604/V0604_SEG_S1_FI/shard_00/V_3,/mnt/data4t/hyw/20260604/V0604_SEG_S1_FI/shard_00/V_3/manifest.json,/mnt/data4t/hyw/20260604/V0604_SEG_S1_FI/shard_00/V_3/tracking_boxes.csv,/mnt/data4t/hyw/20260604/V0604_SEG_S1_FI/shard_00/V_3/keypoints.csv,/mnt/data4t/hyw/20260604/V0604_SEG_S1_FI/shard_00/V_3/C000115_unfriendly_GX020002_24438_25047.mp4,0,609,24438,25047,24438,0,1181.402,455.867,403.445,375.859,/mnt/data4t/hyw/20260604/BBOX_FAKE_0604/output/visualization_index.csv
new_20260604_0604|GOOD3|C000118_unfriendly_GX020002_60373_60822.mp4,7,new_20260604_0604,train,trn,GOOD3_default_train,no_interaction,fake_interaction,GOOD3,GOOD3,C000118,C000118_E0001,C000118_unfriendly_GX020002_60373_60822.mp4,SV_GX020002_801a378fb5bd,GX020002.MP4,/mnt/data4t/hyw/20260604/BBOX_FAKE_0604/output/GOOD3/C000118_unfriendly_GX020002_60373_60822.mp4,,/mnt/data4t/hyw/20260604/Interaction_Annotator-V0601_03_AND_05R/output/annotations/SV_GX020002_801a378fb5bd/C000118.csv,/mnt/data4t/hyw/20260604/Interaction_Annotator-V0601_03_AND_05R/output/fake_interaction/SV_GX020002_801a378fb5bd/C000118_unfriendly_GX020002_60373_60822.mp4,/mnt/data4t/hyw/20260604/V0604_SEG_S1_FI/shard_00/V_4,/mnt/data4t/hyw/20260604/V0604_SEG_S1_FI/shard_00/V_4/manifest.json,/mnt/data4t/hyw/20260604/V0604_SEG_S1_FI/shard_00/V_4/tracking_boxes.csv,/mnt/data4t/hyw/20260604/V0604_SEG_S1_FI/shard_00/V_4/keypoints.csv,/mnt/data4t/hyw/20260604/V0604_SEG_S1_FI/shard_00/V_4/C000118_unfriendly_GX020002_60373_60822.mp4,0,449,60373,60822,60373,0,2791.733,821.381,824.131,575.857,/mnt/data4t/hyw/20260604/BBOX_FAKE_0604/output/visualization_index.csv
new_20260604_0604|GOOD3|C000120_unfriendly_GX020002_64258_64707.mp4,7,new_20260604_0604,train,trn,GOOD3_default_train,no_interaction,fake_interaction,GOOD3,GOOD3,C000120,C000120_E0001,C000120_unfriendly_GX020002_64258_64707.mp4,SV_GX020002_801a378fb5bd,GX020002.MP4,/mnt/data4t/hyw/20260604/BBOX_FAKE_0604/output/GOOD3/C000120_unfriendly_GX020002_64258_64707.mp4,,/mnt/data4t/hyw/20260604/Interaction_Annotator-V0601_03_AND_05R/output/annotations/SV_GX020002_801a378fb5bd/C000120.csv,/mnt/data4t/hyw/20260604/Interaction_Annotator-V0601_03_AND_05R/output/fake_interaction/SV_GX020002_801a378fb5bd/C000120_unfriendly_GX020002_64258_64707.mp4,/mnt/data4t/hyw/20260604/V0604_SEG_S1_FI/shard_02/V_1,/mnt/data4t/hyw/20260604/V0604_SEG_S1_FI/shard_02/V_1/manifest.json,/mnt/data4t/hyw/20260604/V0604_SEG_S1_FI/shard_02/V_1/tracking_boxes.csv,/mnt/data4t/hyw/20260604/V0604_SEG_S1_FI/shard_02/V_1/keypoints.csv,/mnt/data4t/hyw/20260604/V0604_SEG_S1_FI/shard_02/V_1/C000120_unfriendly_GX020002_64258_64707.mp4,0,449,64258,64707,64258,0,1119.333,259.317,720.684,620.684,/mnt/data4t/hyw/20260604/BBOX_FAKE_0604/output/visualization_index.csv
new_20260604_0604|GOOD3|C000123_unfriendly_GX120003_0_449.mp4,7,new_20260604_0604,train,trn,GOOD3_default_train,no_interaction,fake_interaction,GOOD3,GOOD3,C000123,C000123_E0001,C000123_unfriendly_GX120003_0_449.mp4,SV_GX120003_24ca338a2014,GX120003.MP4,/mnt/data4t/hyw/20260604/BBOX_FAKE_0604/output/GOOD3/C000123_unfriendly_GX120003_0_449.mp4,,/mnt/data4t/hyw/20260604/Interaction_Annotator-V0601_03_AND_05R/output/annotations/SV_GX120003_24ca338a2014/C000123.csv,/mnt/data4t/hyw/20260604/Interaction_Annotator-V0601_03_AND_05R/output/fake_interaction/SV_GX120003_24ca338a2014/C000123_unfriendly_GX120003_0_449.mp4,/mnt/data4t/hyw/20260604/V0604_SEG_S1_FI/shard_00/V_21,/mnt/data4t/hyw/20260604/V0604_SEG_S1_FI/shard_00/V_21/manifest.json,/mnt/data4t/hyw/20260604/V0604_SEG_S1_FI/shard_00/V_21/tracking_boxes.csv,/mnt/data4t/hyw/20260604/V0604_SEG_S1_FI/shard_00/V_21/keypoints.csv,/mnt/data4t/hyw/20260604/V0604_SEG_S1_FI/shard_00/V_21/C000123_unfriendly_GX120003_0_449.mp4,0,449,0,449,0,0,129.686,1038.621,2272.395,1096.542,/mnt/data4t/hyw/20260604/BBOX_FAKE_0604/output/visualization_index.csv
new_20260604_0604|GOOD3|C000125_unfriendly_GX090004_75_1335.mp4,7,new_20260604_0604,train,trn,GOOD3_default_train,no_interaction,fake_interaction,GOOD3,GOOD3,C000125,C000125_E0001,C000125_unfriendly_GX090004_75_1335.mp4,SV_GX090004_ae3b1dbb5160,GX090004.MP4,/mnt/data4t/hyw/20260604/BBOX_FAKE_0604/output/GOOD3/C000125_unfriendly_GX090004_75_1335.mp4,,/mnt/data4t/hyw/20260604/Interaction_Annotator-V0601_03_AND_05R/output/annotations/SV_GX090004_ae3b1dbb5160/C000125.csv,/mnt/data4t/hyw/20260604/Interaction_Annotator-V0601_03_AND_05R/output/fake_interaction/SV_GX090004_ae3b1dbb5160/C000125_unfriendly_GX090004_75_1335.mp4,/mnt/data4t/hyw/20260604/V0604_SEG_S1_FI/shard_01/V_17,/mnt/data4t/hyw/20260604/V0604_SEG_S1_FI/shard_01/V_17/manifest.json,/mnt/data4t/hyw/20260604/V0604_SEG_S1_FI/shard_01/V_17/tracking_boxes.csv,/mnt/data4t/hyw/20260604/V0604_SEG_S1_FI/shard_01/V_17/keypoints.csv,/mnt/data4t/hyw/20260604/V0604_SEG_S1_FI/shard_01/V_17/C000125_unfriendly_GX090004_75_1335.mp4,0,1260,75,1335,75,0,219.341,104.146,3475.833,1155.163,/mnt/data4t/hyw/20260604/BBOX_FAKE_0604/output/visualization_index.csv
new_20260604_0604|GOOD3|C000142_friendly_GX070002_9336_9785.mp4,7,new_20260604_0604,train,trn,GOOD3_default_train,no_interaction,fake_interaction,GOOD3,GOOD3,C000142,C000142_E0001,C000142_friendly_GX070002_9336_9785.mp4,SV_GX070002_bdca91dab515,GX070002.MP4,/mnt/data4t/hyw/20260604/BBOX_FAKE_0604/output/GOOD3/C000142_friendly_GX070002_9336_9785.mp4,,/mnt/data4t/hyw/20260604/Interaction_Annotator-V0601_03_AND_05R/output/annotations/SV_GX070002_bdca91dab515/C000142.csv,/mnt/data4t/hyw/20260604/Interaction_Annotator-V0601_03_AND_05R/output/fake_interaction/SV_GX070002_bdca91dab515/C000142_friendly_GX070002_9336_9785.mp4,/mnt/data4t/hyw/20260604/V0604_SEG_S1_FI/shard_01/V_9,/mnt/data4t/hyw/20260604/V0604_SEG_S1_FI/shard_01/V_9/manifest.json,/mnt/data4t/hyw/20260604/V0604_SEG_S1_FI/shard_01/V_9/tracking_boxes.csv,/mnt/data4t/hyw/20260604/V0604_SEG_S1_FI/shard_01/V_9/keypoints.csv,/mnt/data4t/hyw/20260604/V0604_SEG_S1_FI/shard_01/V_9/C000142_friendly_GX070002_9336_9785.mp4,0,449,9336,9785,9336,0,2988.283,948.967,851.717,875.855,/mnt/data4t/hyw/20260604/BBOX_FAKE_0604/output/visualization_index.csv
new_20260604_0604|GOOD3|C000145_unfriendly_GX080002_4173_4622.mp4,7,new_20260604_0604,train,trn,GOOD3_default_train,no_interaction,fake_interaction,GOOD3,GOOD3,C000145,C000145_E0001,C000145_unfriendly_GX080002_4173_4622.mp4,SV_GX080002_acf96155e08e,GX080002.MP4,/mnt/data4t/hyw/20260604/BBOX_FAKE_0604/output/GOOD3/C000145_unfriendly_GX080002_4173_4622.mp4,,/mnt/data4t/hyw/20260604/Interaction_Annotator-V0601_03_AND_05R/output/annotations/SV_GX080002_acf96155e08e/C000145.csv,/mnt/data4t/hyw/20260604/Interaction_Annotator-V0601_03_AND_05R/output/fake_interaction/SV_GX080002_acf96155e08e/C000145_unfriendly_GX080002_4173_4622.mp4,/mnt/data4t/hyw/20260604/V0604_SEG_S1_FI/shard_00/V_14,/mnt/data4t/hyw/20260604/V0604_SEG_S1_FI/shard_00/V_14/manifest.json,/mnt/data4t/hyw/20260604/V0604_SEG_S1_FI/shard_00/V_14/tracking_boxes.csv,/mnt/data4t/hyw/20260604/V0604_SEG_S1_FI/shard_00/V_14/keypoints.csv,/mnt/data4t/hyw/20260604/V0604_SEG_S1_FI/shard_00/V_14/C000145_unfriendly_GX080002_4173_4622.mp4,0,449,4173,4622,4173,0,136.583,828.278,903.441,910.337,/mnt/data4t/hyw/20260604/BBOX_FAKE_0604/output/visualization_index.csv
new_20260604_0604|GOOD3|C000147_unfriendly_GX010007_880_1460.mp4,7,new_20260604_0604,train,trn,GOOD3_default_train,no_interaction,fake_interaction,GOOD3,GOOD3,C000147,C000147_E0001,C000147_unfriendly_GX010007_880_1460.mp4,SV_GX010007_35d83ddfcedf,GX010007.MP4,/mnt/data4t/hyw/20260604/BBOX_FAKE_0604/output/GOOD3/C000147_unfriendly_GX010007_880_1460.mp4,,/mnt/data4t/hyw/20260604/Interaction_Annotator-V0601_03_AND_05R/output/annotations/SV_GX010007_35d83ddfcedf/C000147.csv,/mnt/data4t/hyw/20260604/Interaction_Annotator-V0601_03_AND_05R/output/fake_interaction/SV_GX010007_35d83ddfcedf/C000147_unfriendly_GX010007_880_1460.mp4,/mnt/data4t/hyw/20260604/V0604_SEG_S1_FI/shard_00/V_1,/mnt/data4t/hyw/20260604/V0604_SEG_S1_FI/shard_00/V_1/manifest.json,/mnt/data4t/hyw/20260604/V0604_SEG_S1_FI/shard_00/V_1/tracking_boxes.csv,/mnt/data4t/hyw/20260604/V0604_SEG_S1_FI/shard_00/V_1/keypoints.csv,/mnt/data4t/hyw/20260604/V0604_SEG_S1_FI/shard_00/V_1/C000147_unfriendly_GX010007_880_1460.mp4,0,580,880,1460,880,0,2240.013,224.835,710.339,672.408,/mnt/data4t/hyw/20260604/BBOX_FAKE_0604/output/visualization_index.csv
new_20260604_0604|GOOD3|C000148_friendly_GX150005_4211_4660.mp4,7,new_20260604_0604,train,trn,GOOD3_default_train,no_interaction,fake_interaction,GOOD3,GOOD3,C000148,C000148_E0001,C000148_friendly_GX150005_4211_4660.mp4,SV_GX150005_47f65b8c3806,GX150005.MP4,/mnt/data4t/hyw/20260604/BBOX_FAKE_0604/output/GOOD3/C000148_friendly_GX150005_4211_4660.mp4,,/mnt/data4t/hyw/20260604/Interaction_Annotator-V0601_03_AND_05R/output/annotations/SV_GX150005_47f65b8c3806/C000148.csv,/mnt/data4t/hyw/20260604/Interaction_Annotator-V0601_03_AND_05R/output/fake_interaction/SV_GX150005_47f65b8c3806/C000148_friendly_GX150005_4211_4660.mp4,/mnt/data4t/hyw/20260604/V0604_SEG_S1_FI/shard_02/V_23,/mnt/data4t/hyw/20260604/V0604_SEG_S1_FI/shard_02/V_23/manifest.json,/mnt/data4t/hyw/20260604/V0604_SEG_S1_FI/shard_02/V_23/tracking_boxes.csv,/mnt/data4t/hyw/20260604/V0604_SEG_S1_FI/shard_02/V_23/keypoints.csv,/mnt/data4t/hyw/20260604/V0604_SEG_S1_FI/shard_02/V_23/C000148_friendly_GX150005_4211_4660.mp4,0,449,4211,4660,4211,0,1057.992,2942.951,1001.967,897.049,/mnt/data4t/hyw/20260604/BBOX_FAKE_0604/output/visualization_index.csv
new_20260604_0604|GOOD3|C000151_friendly_GX100006_0_449.mp4,7,new_20260604_0604,train,trn,GOOD3_default_train,no_interaction,fake_interaction,GOOD3,GOOD3,C000151,C000151_E0001,C000151_friendly_GX100006_0_449.mp4,SV_GX100006_60fec66e0a4d,GX100006.MP4,/mnt/data4t/hyw/20260604/BBOX_FAKE_0604/output/GOOD3/C000151_friendly_GX100006_0_449.mp4,,/mnt/data4t/hyw/20260604/Interaction_Annotator-V0601_03_AND_05R/output/annotations/SV_GX100006_60fec66e0a4d/C000151.csv,/mnt/data4t/hyw/20260604/Interaction_Annotator-V0601_03_AND_05R/output/fake_interaction/SV_GX100006_60fec66e0a4d/C000151_friendly_GX100006_0_449.mp4,/mnt/data4t/hyw/20260604/V0604_SEG_S1_FI/shard_03/V_22,/mnt/data4t/hyw/20260604/V0604_SEG_S1_FI/shard_03/V_22/manifest.json,/mnt/data4t/hyw/20260604/V0604_SEG_S1_FI/shard_03/V_22/tracking_boxes.csv,/mnt/data4t/hyw/20260604/V0604_SEG_S1_FI/shard_03/V_22/keypoints.csv,/mnt/data4t/hyw/20260604/V0604_SEG_S1_FI/shard_03/V_22/C000151_friendly_GX100006_0_449.mp4,0,449,0,449,0,0,1795.19,0.0,1917.225,990.346,/mnt/data4t/hyw/20260604/BBOX_FAKE_0604/output/visualization_index.csv
new_20260604_0604|GOOD3|C000152_friendly_GX100006_1098_1547.mp4,7,new_20260604_0604,train,trn,GOOD3_default_train,no_interaction,fake_interaction,GOOD3,GOOD3,C000152,C000152_E0001,C000152_friendly_GX100006_1098_1547.mp4,SV_GX100006_60fec66e0a4d,GX100006.MP4,/mnt/data4t/hyw/20260604/BBOX_FAKE_0604/output/GOOD3/C000152_friendly_GX100006_1098_1547.mp4,,/mnt/data4t/hyw/20260604/Interaction_Annotator-V0601_03_AND_05R/output/annotations/SV_GX100006_60fec66e0a4d/C000152.csv,/mnt/data4t/hyw/20260604/Interaction_Annotator-V0601_03_AND_05R/output/fake_interaction/SV_GX100006_60fec66e0a4d/C000152_friendly_GX100006_1098_1547.mp4,/mnt/data4t/hyw/20260604/V0604_SEG_S1_FI/shard_01/V_18,/mnt/data4t/hyw/20260604/V0604_SEG_S1_FI/shard_01/V_18/manifest.json,/mnt/data4t/hyw/20260604/V0604_SEG_S1_FI/shard_01/V_18/tracking_boxes.csv,/mnt/data4t/hyw/20260604/V0604_SEG_S1_FI/shard_01/V_18/keypoints.csv,/mnt/data4t/hyw/20260604/V0604_SEG_S1_FI/shard_01/V_18/C000152_friendly_GX100006_1098_1547.mp4,0,449,1098,1547,1098,0,0.0,417.937,1691.742,1234.472,/mnt/data4t/hyw/20260604/BBOX_FAKE_0604/output/visualization_index.csv
new_20260604_0604|GOOD3|C000158_friendly_GX030002_1173_1622.mp4,7,new_20260604_0604,train,trn,GOOD3_default_train,no_interaction,fake_interaction,GOOD3,GOOD3,C000158,C000158_E0001,C000158_friendly_GX030002_1173_1622.mp4,SV_GX030002_ea250fb86511,GX030002.MP4,/mnt/data4t/hyw/20260604/BBOX_FAKE_0604/output/GOOD3/C000158_friendly_GX030002_1173_1622.mp4,,/mnt/data4t/hyw/20260604/Interaction_Annotator-V0601_03_AND_05R/output/annotations/SV_GX030002_ea250fb86511/C000158.csv,/mnt/data4t/hyw/20260604/Interaction_Annotator-V0601_03_AND_05R/output/fake_interaction/SV_GX030002_ea250fb86511/C000158_friendly_GX030002_1173_1622.mp4,/mnt/data4t/hyw/20260604/V0604_SEG_S1_FI/shard_02/V_3,/mnt/data4t/hyw/20260604/V0604_SEG_S1_FI/shard_02/V_3/manifest.json,/mnt/data4t/hyw/20260604/V0604_SEG_S1_FI/shard_02/V_3/tracking_boxes.csv,/mnt/data4t/hyw/20260604/V0604_SEG_S1_FI/shard_02/V_3/keypoints.csv,/mnt/data4t/hyw/20260604/V0604_SEG_S1_FI/shard_02/V_3/C000158_friendly_GX030002_1173_1622.mp4,0,449,1173,1622,1173,0,929.68,938.622,1679.296,1221.378,/mnt/data4t/hyw/20260604/BBOX_FAKE_0604/output/visualization_index.csv
new_20260604_0604|GOOD3|C000159_friendly_GX030002_2348_2797.mp4,7,new_20260604_0604,train,trn,GOOD3_default_train,no_interaction,fake_interaction,GOOD3,GOOD3,C000159,C000159_E0001,C000159_friendly_GX030002_2348_2797.mp4,SV_GX030002_ea250fb86511,GX030002.MP4,/mnt/data4t/hyw/20260604/BBOX_FAKE_0604/output/GOOD3/C000159_friendly_GX030002_2348_2797.mp4,,/mnt/data4t/hyw/20260604/Interaction_Annotator-V0601_03_AND_05R/output/annotations/SV_GX030002_ea250fb86511/C000159.csv,/mnt/data4t/hyw/20260604/Interaction_Annotator-V0601_03_AND_05R/output/fake_interaction/SV_GX030002_ea250fb86511/C000159_friendly_GX030002_2348_2797.mp4,/mnt/data4t/hyw/20260604/V0604_SEG_S1_FI/shard_01/V_1,/mnt/data4t/hyw/20260604/V0604_SEG_S1_FI/shard_01/V_1/manifest.json,/mnt/data4t/hyw/20260604/V0604_SEG_S1_FI/shard_01/V_1/tracking_boxes.csv,/mnt/data4t/hyw/20260604/V0604_SEG_S1_FI/shard_01/V_1/keypoints.csv,/mnt/data4t/hyw/20260604/V0604_SEG_S1_FI/shard_01/V_1/C000159_friendly_GX030002_2348_2797.mp4,0,449,2348,2797,2348,0,936.576,1066.207,1679.296,1093.793,/mnt/data4t/hyw/20260604/BBOX_FAKE_0604/output/visualization_index.csv
new_20260604_0604|GOOD3|C000161_friendly_GX040008_203_842.mp4,7,new_20260604_0604,train,trn,GOOD3_default_train,no_interaction,fake_interaction,GOOD3,GOOD3,C000161,C000161_E0001,C000161_friendly_GX040008_203_842.mp4,SV_GX040008_36a437f96b24,GX040008.MP4,/mnt/data4t/hyw/20260604/BBOX_FAKE_0604/output/GOOD3/C000161_friendly_GX040008_203_842.mp4,,/mnt/data4t/hyw/20260604/Interaction_Annotator-V0601_03_AND_05R/output/annotations/SV_GX040008_36a437f96b24/C000161.csv,/mnt/data4t/hyw/20260604/Interaction_Annotator-V0601_03_AND_05R/output/fake_interaction/SV_GX040008_36a437f96b24/C000161_friendly_GX040008_203_842.mp4,/mnt/data4t/hyw/20260604/V0604_SEG_S1_FI/shard_02/V_4,/mnt/data4t/hyw/20260604/V0604_SEG_S1_FI/shard_02/V_4/manifest.json,/mnt/data4t/hyw/20260604/V0604_SEG_S1_FI/shard_02/V_4/tracking_boxes.csv,/mnt/data4t/hyw/20260604/V0604_SEG_S1_FI/shard_02/V_4/keypoints.csv,/mnt/data4t/hyw/20260604/V0604_SEG_S1_FI/shard_02/V_4/C000161_friendly_GX040008_203_842.mp4,0,639,203,842,203,0,1571.054,145.525,1093.094,727.58,/mnt/data4t/hyw/20260604/BBOX_FAKE_0604/output/visualization_index.csv
new_20260604_0604|GOOD3|C000162_friendly_GX040008_903_1352.mp4,7,new_20260604_0604,train,trn,GOOD3_default_train,no_interaction,fake_interaction,GOOD3,GOOD3,C000162,C000162_E0001,C000162_friendly_GX040008_903_1352.mp4,SV_GX040008_36a437f96b24,GX040008.MP4,/mnt/data4t/hyw/20260604/BBOX_FAKE_0604/output/GOOD3/C000162_friendly_GX040008_903_1352.mp4,,/mnt/data4t/hyw/20260604/Interaction_Annotator-V0601_03_AND_05R/output/annotations/SV_GX040008_36a437f96b24/C000162.csv,/mnt/data4t/hyw/20260604/Interaction_Annotator-V0601_03_AND_05R/output/fake_interaction/SV_GX040008_36a437f96b24/C000162_friendly_GX040008_903_1352.mp4,/mnt/data4t/hyw/20260604/V0604_SEG_S1_FI/shard_00/V_8,/mnt/data4t/hyw/20260604/V0604_SEG_S1_FI/shard_00/V_8/manifest.json,/mnt/data4t/hyw/20260604/V0604_SEG_S1_FI/shard_00/V_8/tracking_boxes.csv,/mnt/data4t/hyw/20260604/V0604_SEG_S1_FI/shard_00/V_8/keypoints.csv,/mnt/data4t/hyw/20260604/V0604_SEG_S1_FI/shard_00/V_8/C000162_friendly_GX040008_903_1352.mp4,0,449,903,1352,903,0,1508.985,162.766,1027.578,641.374,/mnt/data4t/hyw/20260604/BBOX_FAKE_0604/output/visualization_index.csv
new_20260604_0604|GOOD3|C000167_friendly_GX080003_521_1092.mp4,7,new_20260604_0604,train,trn,GOOD3_default_train,no_interaction,fake_interaction,GOOD3,GOOD3,C000167,C000167_E0001,C000167_friendly_GX080003_521_1092.mp4,SV_GX080003_3868d5d67c00,GX080003.MP4,/mnt/data4t/hyw/20260604/BBOX_FAKE_0604/output/GOOD3/C000167_friendly_GX080003_521_1092.mp4,,/mnt/data4t/hyw/20260604/Interaction_Annotator-V0601_03_AND_05R/output/annotations/SV_GX080003_3868d5d67c00/C000167.csv,/mnt/data4t/hyw/20260604/Interaction_Annotator-V0601_03_AND_05R/output/fake_interaction/SV_GX080003_3868d5d67c00/C000167_friendly_GX080003_521_1092.mp4,/mnt/data4t/hyw/20260604/V0604_SEG_S1_FI/shard_03/V_14,/mnt/data4t/hyw/20260604/V0604_SEG_S1_FI/shard_03/V_14/manifest.json,/mnt/data4t/hyw/20260604/V0604_SEG_S1_FI/shard_03/V_14/tracking_boxes.csv,/mnt/data4t/hyw/20260604/V0604_SEG_S1_FI/shard_03/V_14/keypoints.csv,/mnt/data4t/hyw/20260604/V0604_SEG_S1_FI/shard_03/V_14/C000167_friendly_GX080003_521_1092.mp4,0,571,521,1092,521,0,0.0,0.0,3729.656,821.381,/mnt/data4t/hyw/20260604/BBOX_FAKE_0604/output/visualization_index.csv
new_20260604_0604|GOOD3|C000168_friendly_GX080003_3483_3932.mp4,7,new_20260604_0604,train,trn,GOOD3_default_train,no_interaction,fake_interaction,GOOD3,GOOD3,C000168,C000168_E0001,C000168_friendly_GX080003_3483_3932.mp4,SV_GX080003_3868d5d67c00,GX080003.MP4,/mnt/data4t/hyw/20260604/BBOX_FAKE_0604/output/GOOD3/C000168_friendly_GX080003_3483_3932.mp4,,/mnt/data4t/hyw/20260604/Interaction_Annotator-V0601_03_AND_05R/output/annotations/SV_GX080003_3868d5d67c00/C000168.csv,/mnt/data4t/hyw/20260604/Interaction_Annotator-V0601_03_AND_05R/output/fake_interaction/SV_GX080003_3868d5d67c00/C000168_friendly_GX080003_3483_3932.mp4,/mnt/data4t/hyw/20260604/V0604_SEG_S1_FI/shard_03/V_15,/mnt/data4t/hyw/20260604/V0604_SEG_S1_FI/shard_03/V_15/manifest.json,/mnt/data4t/hyw/20260604/V0604_SEG_S1_FI/shard_03/V_15/tracking_boxes.csv,/mnt/data4t/hyw/20260604/V0604_SEG_S1_FI/shard_03/V_15/keypoints.csv,/mnt/data4t/hyw/20260604/V0604_SEG_S1_FI/shard_03/V_15/C000168_friendly_GX080003_3483_3932.mp4,0,449,3483,3932,3483,0,846.922,0.0,1224.128,1086.896,/mnt/data4t/hyw/20260604/BBOX_FAKE_0604/output/visualization_index.csv
new_20260604_0604|GOOD3|C000169_unfriendly_GX080003_2358_2807.mp4,7,new_20260604_0604,train,trn,GOOD3_default_train,no_interaction,fake_interaction,GOOD3,GOOD3,C000169,C000169_E0001,C000169_unfriendly_GX080003_2358_2807.mp4,SV_GX080003_3868d5d67c00,GX080003.MP4,/mnt/data4t/hyw/20260604/BBOX_FAKE_0604/output/GOOD3/C000169_unfriendly_GX080003_2358_2807.mp4,,/mnt/data4t/hyw/20260604/Interaction_Annotator-V0601_03_AND_05R/output/annotations/SV_GX080003_3868d5d67c00/C000169.csv,/mnt/data4t/hyw/20260604/Interaction_Annotator-V0601_03_AND_05R/output/fake_interaction/SV_GX080003_3868d5d67c00/C000169_unfriendly_GX080003_2358_2807.mp4,/mnt/data4t/hyw/20260604/V0604_SEG_S1_FI/shard_01/V_12,/mnt/data4t/hyw/20260604/V0604_SEG_S1_FI/shard_01/V_12/manifest.json,/mnt/data4t/hyw/20260604/V0604_SEG_S1_FI/shard_01/V_12/tracking_boxes.csv,/mnt/data4t/hyw/20260604/V0604_SEG_S1_FI/shard_01/V_12/keypoints.csv,/mnt/data4t/hyw/20260604/V0604_SEG_S1_FI/shard_01/V_12/C000169_unfriendly_GX080003_2358_2807.mp4,0,449,2358,2807,2358,0,1136.574,0.0,965.509,1062.759,/mnt/data4t/hyw/20260604/BBOX_FAKE_0604/output/visualization_index.csv
new_20260604_0604|GOOD3|C000171_unfriendly_GX080003_6405_6854.mp4,7,new_20260604_0604,train,trn,GOOD3_default_train,no_interaction,fake_interaction,GOOD3,GOOD3,C000171,C000171_E0001,C000171_unfriendly_GX080003_6405_6854.mp4,SV_GX080003_3868d5d67c00,GX080003.MP4,/mnt/data4t/hyw/20260604/BBOX_FAKE_0604/output/GOOD3/C000171_unfriendly_GX080003_6405_6854.mp4,,/mnt/data4t/hyw/20260604/Interaction_Annotator-V0601_03_AND_05R/output/annotations/SV_GX080003_3868d5d67c00/C000171.csv,/mnt/data4t/hyw/20260604/Interaction_Annotator-V0601_03_AND_05R/output/fake_interaction/SV_GX080003_3868d5d67c00/C000171_unfriendly_GX080003_6405_6854.mp4,/mnt/data4t/hyw/20260604/V0604_SEG_S1_FI/shard_00/V_15,/mnt/data4t/hyw/20260604/V0604_SEG_S1_FI/shard_00/V_15/manifest.json,/mnt/data4t/hyw/20260604/V0604_SEG_S1_FI/shard_00/V_15/tracking_boxes.csv,/mnt/data4t/hyw/20260604/V0604_SEG_S1_FI/shard_00/V_15/keypoints.csv,/mnt/data4t/hyw/20260604/V0604_SEG_S1_FI/shard_00/V_15/C000171_unfriendly_GX080003_6405_6854.mp4,0,449,6405,6854,6405,0,760.716,0.0,1944.811,1155.861,/mnt/data4t/hyw/20260604/BBOX_FAKE_0604/output/visualization_index.csv
new_20260604_0604|GOOD3|C000172_unfriendly_GX080003_7568_8017.mp4,7,new_20260604_0604,train,trn,GOOD3_default_train,no_interaction,fake_interaction,GOOD3,GOOD3,C000172,C000172_E0001,C000172_unfriendly_GX080003_7568_8017.mp4,SV_GX080003_3868d5d67c00,GX080003.MP4,/mnt/data4t/hyw/20260604/BBOX_FAKE_0604/output/GOOD3/C000172_unfriendly_GX080003_7568_8017.mp4,,/mnt/data4t/hyw/20260604/Interaction_Annotator-V0601_03_AND_05R/output/annotations/SV_GX080003_3868d5d67c00/C000172.csv,/mnt/data4t/hyw/20260604/Interaction_Annotator-V0601_03_AND_05R/output/fake_interaction/SV_GX080003_3868d5d67c00/C000172_unfriendly_GX080003_7568_8017.mp4,/mnt/data4t/hyw/20260604/V0604_SEG_S1_FI/shard_01/V_13,/mnt/data4t/hyw/20260604/V0604_SEG_S1_FI/shard_01/V_13/manifest.json,/mnt/data4t/hyw/20260604/V0604_SEG_S1_FI/shard_01/V_13/tracking_boxes.csv,/mnt/data4t/hyw/20260604/V0604_SEG_S1_FI/shard_01/V_13/keypoints.csv,/mnt/data4t/hyw/20260604/V0604_SEG_S1_FI/shard_01/V_13/C000172_unfriendly_GX080003_7568_8017.mp4,0,449,7568,8017,7568,0,1408.986,0.0,855.165,1021.38,/mnt/data4t/hyw/20260604/BBOX_FAKE_0604/output/visualization_index.csv
new_20260604_0604|GOOD3|C000177_unfriendly_GX080003_14988_15437.mp4,7,new_20260604_0604,train,trn,GOOD3_default_train,no_interaction,fake_interaction,GOOD3,GOOD3,C000177,C000177_E0001,C000177_unfriendly_GX080003_14988_15437.mp4,SV_GX080003_3868d5d67c00,GX080003.MP4,/mnt/data4t/hyw/20260604/BBOX_FAKE_0604/output/GOOD3/C000177_unfriendly_GX080003_14988_15437.mp4,,/mnt/data4t/hyw/20260604/Interaction_Annotator-V0601_03_AND_05R/output/annotations/SV_GX080003_3868d5d67c00/C000177.csv,/mnt/data4t/hyw/20260604/Interaction_Annotator-V0601_03_AND_05R/output/fake_interaction/SV_GX080003_3868d5d67c00/C000177_unfriendly_GX080003_14988_15437.mp4,/mnt/data4t/hyw/20260604/V0604_SEG_S1_FI/shard_02/V_12,/mnt/data4t/hyw/20260604/V0604_SEG_S1_FI/shard_02/V_12/manifest.json,/mnt/data4t/hyw/20260604/V0604_SEG_S1_FI/shard_02/V_12/tracking_boxes.csv,/mnt/data4t/hyw/20260604/V0604_SEG_S1_FI/shard_02/V_12/keypoints.csv,/mnt/data4t/hyw/20260604/V0604_SEG_S1_FI/shard_02/V_12/C000177_unfriendly_GX080003_14988_15437.mp4,0,449,14988,15437,14988,0,253.823,28.285,327.583,372.411,/mnt/data4t/hyw/20260604/BBOX_FAKE_0604/output/visualization_index.csv
new_20260604_0604|GOOD3|C000180_unfriendly_GX080003_18105_18754.mp4,7,new_20260604_0604,train,trn,GOOD3_default_train,no_interaction,fake_interaction,GOOD3,GOOD3,C000180,C000180_E0001,C000180_unfriendly_GX080003_18105_18754.mp4,SV_GX080003_3868d5d67c00,GX080003.MP4,/mnt/data4t/hyw/20260604/BBOX_FAKE_0604/output/GOOD3/C000180_unfriendly_GX080003_18105_18754.mp4,,/mnt/data4t/hyw/20260604/Interaction_Annotator-V0601_03_AND_05R/output/annotations/SV_GX080003_3868d5d67c00/C000180.csv,/mnt/data4t/hyw/20260604/Interaction_Annotator-V0601_03_AND_05R/output/fake_interaction/SV_GX080003_3868d5d67c00/C000180_unfriendly_GX080003_18105_18754.mp4,/mnt/data4t/hyw/20260604/V0604_SEG_S1_FI/shard_01/V_14,/mnt/data4t/hyw/20260604/V0604_SEG_S1_FI/shard_01/V_14/manifest.json,/mnt/data4t/hyw/20260604/V0604_SEG_S1_FI/shard_01/V_14/tracking_boxes.csv,/mnt/data4t/hyw/20260604/V0604_SEG_S1_FI/shard_01/V_14/keypoints.csv,/mnt/data4t/hyw/20260604/V0604_SEG_S1_FI/shard_01/V_14/C000180_unfriendly_GX080003_18105_18754.mp4,0,649,18105,18754,18105,0,226.237,262.766,496.548,520.685,/mnt/data4t/hyw/20260604/BBOX_FAKE_0604/output/visualization_index.csv
new_20260604_0604|GOOD3|C000181_unfriendly_GX080003_19406_20102.mp4,7,new_20260604_0604,train,trn,GOOD3_default_train,no_interaction,fake_interaction,GOOD3,GOOD3,C000181,C000181_E0001,C000181_unfriendly_GX080003_19406_20102.mp4,SV_GX080003_3868d5d67c00,GX080003.MP4,/mnt/data4t/hyw/20260604/BBOX_FAKE_0604/output/GOOD3/C000181_unfriendly_GX080003_19406_20102.mp4,,/mnt/data4t/hyw/20260604/Interaction_Annotator-V0601_03_AND_05R/output/annotations/SV_GX080003_3868d5d67c00/C000181.csv,/mnt/data4t/hyw/20260604/Interaction_Annotator-V0601_03_AND_05R/output/fake_interaction/SV_GX080003_3868d5d67c00/C000181_unfriendly_GX080003_19406_20102.mp4,/mnt/data4t/hyw/20260604/V0604_SEG_S1_FI/shard_02/V_13,/mnt/data4t/hyw/20260604/V0604_SEG_S1_FI/shard_02/V_13/manifest.json,/mnt/data4t/hyw/20260604/V0604_SEG_S1_FI/shard_02/V_13/tracking_boxes.csv,/mnt/data4t/hyw/20260604/V0604_SEG_S1_FI/shard_02/V_13/keypoints.csv,/mnt/data4t/hyw/20260604/V0604_SEG_S1_FI/shard_02/V_13/C000181_unfriendly_GX080003_19406_20102.mp4,0,696,19406,20102,19406,0,205.548,173.111,531.03,603.443,/mnt/data4t/hyw/20260604/BBOX_FAKE_0604/output/visualization_index.csv
new_20260604_0604|GOOD3|C000185_friendly_GX050004_8773_9222.mp4,7,new_20260604_0604,train,trn,GOOD3_default_train,no_interaction,fake_interaction,GOOD3,GOOD3,C000185,C000185_E0001,C000185_friendly_GX050004_8773_9222.mp4,SV_GX050004_768bb85379e2,GX050004.MP4,/mnt/data4t/hyw/20260604/BBOX_FAKE_0604/output/GOOD3/C000185_friendly_GX050004_8773_9222.mp4,,/mnt/data4t/hyw/20260604/Interaction_Annotator-V0601_03_AND_05R/output/annotations/SV_GX050004_768bb85379e2/C000185.csv,/mnt/data4t/hyw/20260604/Interaction_Annotator-V0601_03_AND_05R/output/fake_interaction/SV_GX050004_768bb85379e2/C000185_friendly_GX050004_8773_9222.mp4,/mnt/data4t/hyw/20260604/V0604_SEG_S1_FI/shard_03/V_6,/mnt/data4t/hyw/20260604/V0604_SEG_S1_FI/shard_03/V_6/manifest.json,/mnt/data4t/hyw/20260604/V0604_SEG_S1_FI/shard_03/V_6/tracking_boxes.csv,/mnt/data4t/hyw/20260604/V0604_SEG_S1_FI/shard_03/V_6/keypoints.csv,/mnt/data4t/hyw/20260604/V0604_SEG_S1_FI/shard_03/V_6/C000185_friendly_GX050004_8773_9222.mp4,0,449,8773,9222,8773,0,2322.771,248.973,999.992,910.337,/mnt/data4t/hyw/20260604/BBOX_FAKE_0604/output/visualization_index.csv
new_20260604_0604|GOOD3|C000186_friendly_GX050004_9403_9852.mp4,7,new_20260604_0604,train,trn,GOOD3_default_train,no_interaction,fake_interaction,GOOD3,GOOD3,C000186,C000186_E0001,C000186_friendly_GX050004_9403_9852.mp4,SV_GX050004_768bb85379e2,GX050004.MP4,/mnt/data4t/hyw/20260604/BBOX_FAKE_0604/output/GOOD3/C000186_friendly_GX050004_9403_9852.mp4,,/mnt/data4t/hyw/20260604/Interaction_Annotator-V0601_03_AND_05R/output/annotations/SV_GX050004_768bb85379e2/C000186.csv,/mnt/data4t/hyw/20260604/Interaction_Annotator-V0601_03_AND_05R/output/fake_interaction/SV_GX050004_768bb85379e2/C000186_friendly_GX050004_9403_9852.mp4,/mnt/data4t/hyw/20260604/V0604_SEG_S1_FI/shard_01/V_2,/mnt/data4t/hyw/20260604/V0604_SEG_S1_FI/shard_01/V_2/manifest.json,/mnt/data4t/hyw/20260604/V0604_SEG_S1_FI/shard_01/V_2/tracking_boxes.csv,/mnt/data4t/hyw/20260604/V0604_SEG_S1_FI/shard_01/V_2/keypoints.csv,/mnt/data4t/hyw/20260604/V0604_SEG_S1_FI/shard_01/V_2/C000186_friendly_GX050004_9403_9852.mp4,0,449,9403,9852,9403,0,2374.495,407.592,941.371,855.165,/mnt/data4t/hyw/20260604/BBOX_FAKE_0604/output/visualization_index.csv
new_20260604_0604|GOOD3|C000189_friendly_GX050004_17486_17935.mp4,7,new_20260604_0604,train,trn,GOOD3_default_train,no_interaction,fake_interaction,GOOD3,GOOD3,C000189,C000189_E0001,C000189_friendly_GX050004_17486_17935.mp4,SV_GX050004_768bb85379e2,GX050004.MP4,/mnt/data4t/hyw/20260604/BBOX_FAKE_0604/output/GOOD3/C000189_friendly_GX050004_17486_17935.mp4,,/mnt/data4t/hyw/20260604/Interaction_Annotator-V0601_03_AND_05R/output/annotations/SV_GX050004_768bb85379e2/C000189.csv,/mnt/data4t/hyw/20260604/Interaction_Annotator-V0601_03_AND_05R/output/fake_interaction/SV_GX050004_768bb85379e2/C000189_friendly_GX050004_17486_17935.mp4,/mnt/data4t/hyw/20260604/V0604_SEG_S1_FI/shard_02/V_5,/mnt/data4t/hyw/20260604/V0604_SEG_S1_FI/shard_02/V_5/manifest.json,/mnt/data4t/hyw/20260604/V0604_SEG_S1_FI/shard_02/V_5/tracking_boxes.csv,/mnt/data4t/hyw/20260604/V0604_SEG_S1_FI/shard_02/V_5/keypoints.csv,/mnt/data4t/hyw/20260604/V0604_SEG_S1_FI/shard_02/V_5/C000189_friendly_GX050004_17486_17935.mp4,0,449,17486,17935,17486,0,2546.907,55.871,879.303,831.027,/mnt/data4t/hyw/20260604/BBOX_FAKE_0604/output/visualization_index.csv
new_20260604_0604|GOOD3|C000190_friendly_GX050004_18686_19135.mp4,7,new_20260604_0604,train,trn,GOOD3_default_train,no_interaction,fake_interaction,GOOD3,GOOD3,C000190,C000190_E0001,C000190_friendly_GX050004_18686_19135.mp4,SV_GX050004_768bb85379e2,GX050004.MP4,/mnt/data4t/hyw/20260604/BBOX_FAKE_0604/output/GOOD3/C000190_friendly_GX050004_18686_19135.mp4,,/mnt/data4t/hyw/20260604/Interaction_Annotator-V0601_03_AND_05R/output/annotations/SV_GX050004_768bb85379e2/C000190.csv,/mnt/data4t/hyw/20260604/Interaction_Annotator-V0601_03_AND_05R/output/fake_interaction/SV_GX050004_768bb85379e2/C000190_friendly_GX050004_18686_19135.mp4,/mnt/data4t/hyw/20260604/V0604_SEG_S1_FI/shard_03/V_8,/mnt/data4t/hyw/20260604/V0604_SEG_S1_FI/shard_03/V_8/manifest.json,/mnt/data4t/hyw/20260604/V0604_SEG_S1_FI/shard_03/V_8/tracking_boxes.csv,/mnt/data4t/hyw/20260604/V0604_SEG_S1_FI/shard_03/V_8/keypoints.csv,/mnt/data4t/hyw/20260604/V0604_SEG_S1_FI/shard_03/V_8/C000190_friendly_GX050004_18686_19135.mp4,0,449,18686,19135,18686,0,2515.873,142.077,934.475,620.684,/mnt/data4t/hyw/20260604/BBOX_FAKE_0604/output/visualization_index.csv
new_20260604_0604|GOOD|C000034_unfriendly_GX080005_19506_19955.mp4,7,new_20260604_0604,train,trn,GOOD_default_train,unfriendly,unfriendly,GOOD,,C000034,C000034_E0001,C000034_unfriendly_GX080005_19506_19955.mp4,SV_GX080005_1afd2f943db8,GX080005.MP4,/mnt/data4t/hyw/20260604/BBOX_VIS-V0604/GOOD/C000034_unfriendly_GX080005_19506_19955.mp4,/mnt/data4t/hyw/20260604/BBOX_VIS-V0604/output_selected_IDs/C000034_unfriendly_GX080005_19506_19955.mp4.csv,/mnt/data4t/hyw/20260604/Interaction_Annotator-V0601_03_AND_05R/output/annotations/SV_GX080005_1afd2f943db8/C000034.csv,/mnt/data4t/hyw/20260604/Interaction_Annotator-V0601_03_AND_05R/output/videos/SV_GX080005_1afd2f943db8/C000034_unfriendly_GX080005_19506_19955.mp4,/mnt/data4t/hyw/20260604/V0604_SEG_S1_TI/V_14,/mnt/data4t/hyw/20260604/V0604_SEG_S1_TI/V_14/manifest.json,/mnt/data4t/hyw/20260604/V0604_SEG_S1_TI/V_14/tracking_boxes.csv,/mnt/data4t/hyw/20260604/V0604_SEG_S1_TI/V_14/keypoints.csv,D:\DairyCowSNA\V0604_SEG\videos\SV_GX080005_1afd2f943db8\C000034_unfriendly_GX080005_19506_19955.mp4,0,449,19506,19955,19506,0,0.0,1180.328,926.844,356.721,/mnt/data4t/hyw/20260604/BBOX_VIS-V0604/output/visualization_index.csv
new_20260604_0604|GOOD|C000035_unfriendly_GX080005_20315_20764.mp4,7,new_20260604_0604,train,trn,GOOD_default_train,unfriendly,unfriendly,GOOD,,C000035,C000035_E0001,C000035_unfriendly_GX080005_20315_20764.mp4,SV_GX080005_1afd2f943db8,GX080005.MP4,/mnt/data4t/hyw/20260604/BBOX_VIS-V0604/GOOD/C000035_unfriendly_GX080005_20315_20764.mp4,/mnt/data4t/hyw/20260604/BBOX_VIS-V0604/output_selected_IDs/C000035_unfriendly_GX080005_20315_20764.mp4.csv,/mnt/data4t/hyw/20260604/Interaction_Annotator-V0601_03_AND_05R/output/annotations/SV_GX080005_1afd2f943db8/C000035.csv,/mnt/data4t/hyw/20260604/Interaction_Annotator-V0601_03_AND_05R/output/videos/SV_GX080005_1afd2f943db8/C000035_unfriendly_GX080005_20315_20764.mp4,/mnt/data4t/hyw/20260604/V0604_SEG_S1_TI/V_15,/mnt/data4t/hyw/20260604/V0604_SEG_S1_TI/V_15/manifest.json,/mnt/data4t/hyw/20260604/V0604_SEG_S1_TI/V_15/tracking_boxes.csv,/mnt/data4t/hyw/20260604/V0604_SEG_S1_TI/V_15/keypoints.csv,D:\DairyCowSNA\V0604_SEG\videos\SV_GX080005_1afd2f943db8\C000035_unfriendly_GX080005_20315_20764.mp4,0,449,20315,20764,20315,0,286.844,1091.148,655.738,655.738,/mnt/data4t/hyw/20260604/BBOX_VIS-V0604/output/visualization_index.csv
new_20260604_0604|GOOD|C000040_unfriendly_GX080005_40425_41305.mp4,7,new_20260604_0604,train,trn,GOOD_default_train,unfriendly,unfriendly,GOOD,,C000040,C000040_E0001,C000040_unfriendly_GX080005_40425_41305.mp4,SV_GX080005_1afd2f943db8,GX080005.MP4,/mnt/data4t/hyw/20260604/BBOX_VIS-V0604/GOOD/C000040_unfriendly_GX080005_40425_41305.mp4,/mnt/data4t/hyw/20260604/BBOX_VIS-V0604/output_selected_IDs/C000040_unfriendly_GX080005_40425_41305.mp4.csv,/mnt/data4t/hyw/20260604/Interaction_Annotator-V0601_03_AND_05R/output/annotations/SV_GX080005_1afd2f943db8/C000040.csv,/mnt/data4t/hyw/20260604/Interaction_Annotator-V0601_03_AND_05R/output/videos/SV_GX080005_1afd2f943db8/C000040_unfriendly_GX080005_40425_41305.mp4,/mnt/data4t/hyw/20260604/V0604_SEG_S1_TI/V_17,/mnt/data4t/hyw/20260604/V0604_SEG_S1_TI/V_17/manifest.json,/mnt/data4t/hyw/20260604/V0604_SEG_S1_TI/V_17/tracking_boxes.csv,/mnt/data4t/hyw/20260604/V0604_SEG_S1_TI/V_17/keypoints.csv,D:\DairyCowSNA\V0604_SEG\videos\SV_GX080005_1afd2f943db8\C000040_unfriendly_GX080005_40425_41305.mp4,0,880,40425,41305,40425,0,1115.697,246.557,472.131,949.508,/mnt/data4t/hyw/20260604/BBOX_VIS-V0604/output/visualization_index.csv
new_20260604_0604|GOOD|C000064_unfriendly_GX110005_11130_11770.mp4,7,new_20260604_0604,train,trn,GOOD_default_train,unfriendly,unfriendly,GOOD,,C000064,C000064_E0001,C000064_unfriendly_GX110005_11130_11770.mp4,SV_GX110005_669ddd4e27ec,GX110005.MP4,/mnt/data4t/hyw/20260604/BBOX_VIS-V0604/GOOD/C000064_unfriendly_GX110005_11130_11770.mp4,/mnt/data4t/hyw/20260604/BBOX_VIS-V0604/output_selected_IDs/C000064_unfriendly_GX110005_11130_11770.mp4.csv,/mnt/data4t/hyw/20260604/Interaction_Annotator-V0601_03_AND_05R/output/annotations/SV_GX110005_669ddd4e27ec/C000064.csv,/mnt/data4t/hyw/20260604/Interaction_Annotator-V0601_03_AND_05R/output/videos/SV_GX110005_669ddd4e27ec/C000064_unfriendly_GX110005_11130_11770.mp4,/mnt/data4t/hyw/20260604/V0604_SEG_S1_TI/V_24,/mnt/data4t/hyw/20260604/V0604_SEG_S1_TI/V_24/manifest.json,/mnt/data4t/hyw/20260604/V0604_SEG_S1_TI/V_24/tracking_boxes.csv,/mnt/data4t/hyw/20260604/V0604_SEG_S1_TI/V_24/keypoints.csv,D:\DairyCowSNA\V0604_SEG\videos\SV_GX110005_669ddd4e27ec\C000064_unfriendly_GX110005_11130_11770.mp4,0,448,11226,11674,11226,0,323.566,1133.115,870.82,1767.869,/mnt/data4t/hyw/20260604/BBOX_VIS-V0604/output/visualization_index.csv
new_20260604_0604|GOOD|C000078_unfriendly_GX020005_28918_29467.mp4,7,new_20260604_0604,train,trn,GOOD_default_train,unfriendly,unfriendly,GOOD,,C000078,C000078_E0001,C000078_unfriendly_GX020005_28918_29467.mp4,SV_GX020005_851575cc1248,GX020005.MP4,/mnt/data4t/hyw/20260604/BBOX_VIS-V0604/GOOD/C000078_unfriendly_GX020005_28918_29467.mp4,/mnt/data4t/hyw/20260604/BBOX_VIS-V0604/output_selected_IDs/C000078_unfriendly_GX020005_28918_29467.mp4.csv,/mnt/data4t/hyw/20260604/Interaction_Annotator-V0601_03_AND_05R/output/annotations/SV_GX020005_851575cc1248/C000078.csv,/mnt/data4t/hyw/20260604/Interaction_Annotator-V0601_03_AND_05R/output/videos/SV_GX020005_851575cc1248/C000078_unfriendly_GX020005_28918_29467.mp4,/mnt/data4t/hyw/20260604/V0604_SEG_S1_TI/V_8,/mnt/data4t/hyw/20260604/V0604_SEG_S1_TI/V_8/manifest.json,/mnt/data4t/hyw/20260604/V0604_SEG_S1_TI/V_8/tracking_boxes.csv,/mnt/data4t/hyw/20260604/V0604_SEG_S1_TI/V_8/keypoints.csv,D:\DairyCowSNA\V0604_SEG\videos\SV_GX020005_851575cc1248\C000078_unfriendly_GX020005_28918_29467.mp4,0,549,28918,29467,28918,0,1173.402,409.18,351.475,792.131,/mnt/data4t/hyw/20260604/BBOX_VIS-V0604/output/visualization_index.csv
new_20260604_0604|GOOD|C000110_unfriendly_GX100005_3203_3652.mp4,7,new_20260604_0604,train,trn,GOOD_default_train,unfriendly,unfriendly,GOOD,,C000110,C000110_E0001,C000110_unfriendly_GX100005_3203_3652.mp4,SV_GX100005_19ca45824368,GX100005.MP4,/mnt/data4t/hyw/20260604/BBOX_VIS-V0604/GOOD/C000110_unfriendly_GX100005_3203_3652.mp4,/mnt/data4t/hyw/20260604/BBOX_VIS-V0604/output_selected_IDs/C000110_unfriendly_GX100005_3203_3652.mp4.csv,/mnt/data4t/hyw/20260604/Interaction_Annotator-V0601_03_AND_05R/output/annotations/SV_GX100005_19ca45824368/C000110.csv,/mnt/data4t/hyw/20260604/Interaction_Annotator-V0601_03_AND_05R/output/videos/SV_GX100005_19ca45824368/C000110_unfriendly_GX100005_3203_3652.mp4,/mnt/data4t/hyw/20260604/V0604_SEG_S1_TI/V_20,/mnt/data4t/hyw/20260604/V0604_SEG_S1_TI/V_20/manifest.json,/mnt/data4t/hyw/20260604/V0604_SEG_S1_TI/V_20/tracking_boxes.csv,/mnt/data4t/hyw/20260604/V0604_SEG_S1_TI/V_20/keypoints.csv,D:\DairyCowSNA\V0604_SEG\videos\SV_GX100005_19ca45824368\C000110_unfriendly_GX100005_3203_3652.mp4,0,265,3203,3468,3203,0,567.614,824.83,265.515,268.963,/mnt/data4t/hyw/20260604/BBOX_VIS-V0604/output/visualization_index.csv
new_20260604_0604|GOOD|C000111_unfriendly_GX100005_4901_5350.mp4,7,new_20260604_0604,train,trn,GOOD_default_train,unfriendly,unfriendly,GOOD,,C000111,C000111_E0001,C000111_unfriendly_GX100005_4901_5350.mp4,SV_GX100005_19ca45824368,GX100005.MP4,/mnt/data4t/hyw/20260604/BBOX_VIS-V0604/GOOD/C000111_unfriendly_GX100005_4901_5350.mp4,/mnt/data4t/hyw/20260604/BBOX_VIS-V0604/output_selected_IDs/C000111_unfriendly_GX100005_4901_5350.mp4.csv,/mnt/data4t/hyw/20260604/Interaction_Annotator-V0601_03_AND_05R/output/annotations/SV_GX100005_19ca45824368/C000111.csv,/mnt/data4t/hyw/20260604/Interaction_Annotator-V0601_03_AND_05R/output/videos/SV_GX100005_19ca45824368/C000111_unfriendly_GX100005_4901_5350.mp4,/mnt/data4t/hyw/20260604/V0604_SEG_S1_TI/V_21,/mnt/data4t/hyw/20260604/V0604_SEG_S1_TI/V_21/manifest.json,/mnt/data4t/hyw/20260604/V0604_SEG_S1_TI/V_21/tracking_boxes.csv,/mnt/data4t/hyw/20260604/V0604_SEG_S1_TI/V_21/keypoints.csv,D:\DairyCowSNA\V0604_SEG\videos\SV_GX100005_19ca45824368\C000111_unfriendly_GX100005_4901_5350.mp4,0,181,4901,5082,4901,0,660.716,514.488,358.618,1186.197,/mnt/data4t/hyw/20260604/BBOX_VIS-V0604/output/visualization_index.csv
new_20260604_0604|GOOD|C000173_unfriendly_GX080003_8651_9100.mp4,7,new_20260604_0604,train,trn,GOOD_default_train,unfriendly,unfriendly,GOOD,,C000173,C000173_E0001,C000173_unfriendly_GX080003_8651_9100.mp4,SV_GX080003_3868d5d67c00,GX080003.MP4,/mnt/data4t/hyw/20260604/BBOX_VIS-V0604/GOOD/C000173_unfriendly_GX080003_8651_9100.mp4,/mnt/data4t/hyw/20260604/BBOX_VIS-V0604/output_selected_IDs/C000173_unfriendly_GX080003_8651_9100.mp4.csv,/mnt/data4t/hyw/20260604/Interaction_Annotator-V0601_03_AND_05R/output/annotations/SV_GX080003_3868d5d67c00/C000173.csv,/mnt/data4t/hyw/20260604/Interaction_Annotator-V0601_03_AND_05R/output/videos/SV_GX080003_3868d5d67c00/C000173_unfriendly_GX080003_8651_9100.mp4,/mnt/data4t/hyw/20260604/V0604_SEG_S1_TI/V_10,/mnt/data4t/hyw/20260604/V0604_SEG_S1_TI/V_10/manifest.json,/mnt/data4t/hyw/20260604/V0604_SEG_S1_TI/V_10/tracking_boxes.csv,/mnt/data4t/hyw/20260604/V0604_SEG_S1_TI/V_10/keypoints.csv,D:\DairyCowSNA\V0604_SEG\videos\SV_GX080003_3868d5d67c00\C000173_unfriendly_GX080003_8651_9100.mp4,0,186,8907,9093,8907,0,1522.778,359.316,675.856,606.891,/mnt/data4t/hyw/20260604/BBOX_VIS-V0604/output/visualization_index.csv
new_20260604_0604|GOOD|C000174_unfriendly_GX080003_9755_10570.mp4,7,new_20260604_0604,train,trn,GOOD_default_train,unfriendly,unfriendly,GOOD,,C000174,C000174_E0001,C000174_unfriendly_GX080003_9755_10570.mp4,SV_GX080003_3868d5d67c00,GX080003.MP4,/mnt/data4t/hyw/20260604/BBOX_VIS-V0604/GOOD/C000174_unfriendly_GX080003_9755_10570.mp4,/mnt/data4t/hyw/20260604/BBOX_VIS-V0604/output_selected_IDs/C000174_unfriendly_GX080003_9755_10570.mp4.csv,/mnt/data4t/hyw/20260604/Interaction_Annotator-V0601_03_AND_05R/output/annotations/SV_GX080003_3868d5d67c00/C000174.csv,/mnt/data4t/hyw/20260604/Interaction_Annotator-V0601_03_AND_05R/output/videos/SV_GX080003_3868d5d67c00/C000174_unfriendly_GX080003_9755_10570.mp4,/mnt/data4t/hyw/20260604/V0604_SEG_S1_TI/V_11,/mnt/data4t/hyw/20260604/V0604_SEG_S1_TI/V_11/manifest.json,/mnt/data4t/hyw/20260604/V0604_SEG_S1_TI/V_11/tracking_boxes.csv,/mnt/data4t/hyw/20260604/V0604_SEG_S1_TI/V_11/keypoints.csv,D:\DairyCowSNA\V0604_SEG\videos\SV_GX080003_3868d5d67c00\C000174_unfriendly_GX080003_9755_10570.mp4,0,475,9899,10374,9899,0,1605.536,321.386,448.272,593.098,/mnt/data4t/hyw/20260604/BBOX_VIS-V0604/output/visualization_index.csv
new_20260604_0604|GOOD|C000191_friendly_GX050004_19380_19829.mp4,7,new_20260604_0604,train,trn,GOOD_default_train,unfriendly,unfriendly,GOOD,,C000191,C000191_E0001,C000191_friendly_GX050004_19380_19829.mp4,SV_GX050004_768bb85379e2,GX050004.MP4,/mnt/data4t/hyw/20260604/BBOX_VIS-V0604/GOOD/C000191_friendly_GX050004_19380_19829.mp4,/mnt/data4t/hyw/20260604/BBOX_VIS-V0604/output_selected_IDs/C000191_friendly_GX050004_19380_19829.mp4.csv,/mnt/data4t/hyw/20260604/Interaction_Annotator-V0601_03_AND_05R/output/annotations/SV_GX050004_768bb85379e2/C000191.csv,/mnt/data4t/hyw/20260604/Interaction_Annotator-V0601_03_AND_05R/output/videos/SV_GX050004_768bb85379e2/C000191_friendly_GX050004_19380_19829.mp4,/mnt/data4t/hyw/20260604/V0604_SEG_S1_TI/V_9,/mnt/data4t/hyw/20260604/V0604_SEG_S1_TI/V_9/manifest.json,/mnt/data4t/hyw/20260604/V0604_SEG_S1_TI/V_9/tracking_boxes.csv,/mnt/data4t/hyw/20260604/V0604_SEG_S1_TI/V_9/keypoints.csv,D:\DairyCowSNA\V0604_SEG\videos\SV_GX050004_768bb85379e2\C000191_friendly_GX050004_19380_19829.mp4,0,449,19380,19829,19380,0,2122.773,455.867,1237.921,586.202,/mnt/data4t/hyw/20260604/BBOX_VIS-V0604/output/visualization_index.csv
new_20260604_0604|GOOD|C000023_friendly_GX080005_4253_4702.mp4,7,new_20260604_0604,val,val,GOOD_random_to_val_friendly_2,friendly,friendly,GOOD,,C000023,C000023_E0001,C000023_friendly_GX080005_4253_4702.mp4,SV_GX080005_1afd2f943db8,GX080005.MP4,/mnt/data4t/hyw/20260604/BBOX_VIS-V0604/GOOD/C000023_friendly_GX080005_4253_4702.mp4,/mnt/data4t/hyw/20260604/BBOX_VIS-V0604/output_selected_IDs/C000023_friendly_GX080005_4253_4702.mp4.csv,/mnt/data4t/hyw/20260604/Interaction_Annotator-V0601_03_AND_05R/output/annotations/SV_GX080005_1afd2f943db8/C000023.csv,/mnt/data4t/hyw/20260604/Interaction_Annotator-V0601_03_AND_05R/output/videos/SV_GX080005_1afd2f943db8/C000023_friendly_GX080005_4253_4702.mp4,/mnt/data4t/hyw/20260604/V0604_SEG_S1_TI/V_12,/mnt/data4t/hyw/20260604/V0604_SEG_S1_TI/V_12/manifest.json,/mnt/data4t/hyw/20260604/V0604_SEG_S1_TI/V_12/tracking_boxes.csv,/mnt/data4t/hyw/20260604/V0604_SEG_S1_TI/V_12/keypoints.csv,D:\DairyCowSNA\V0604_SEG\videos\SV_GX080005_1afd2f943db8\C000023_friendly_GX080005_4253_4702.mp4,0,326,4370,4696,4370,0,953.074,393.443,592.787,907.541,/mnt/data4t/hyw/20260604/BBOX_VIS-V0604/output/visualization_index.csv
new_20260604_0604|GOOD|C000122_unfriendly_GX020002_80695_81144.mp4,7,new_20260604_0604,val,val,GOOD_random_to_val_friendly_2,friendly,friendly,GOOD,,C000122,C000122_E0001,C000122_unfriendly_GX020002_80695_81144.mp4,SV_GX020002_801a378fb5bd,GX020002.MP4,/mnt/data4t/hyw/20260604/BBOX_VIS-V0604/GOOD/C000122_unfriendly_GX020002_80695_81144.mp4,/mnt/data4t/hyw/20260604/BBOX_VIS-V0604/output_selected_IDs/C000122_unfriendly_GX020002_80695_81144.mp4.csv,/mnt/data4t/hyw/20260604/Interaction_Annotator-V0601_03_AND_05R/output/annotations/SV_GX020002_801a378fb5bd/C000122.csv,/mnt/data4t/hyw/20260604/Interaction_Annotator-V0601_03_AND_05R/output/videos/SV_GX020002_801a378fb5bd/C000122_unfriendly_GX020002_80695_81144.mp4,/mnt/data4t/hyw/20260604/V0604_SEG_S1_TI/V_4,/mnt/data4t/hyw/20260604/V0604_SEG_S1_TI/V_4/manifest.json,/mnt/data4t/hyw/20260604/V0604_SEG_S1_TI/V_4/tracking_boxes.csv,/mnt/data4t/hyw/20260604/V0604_SEG_S1_TI/V_4/keypoints.csv,D:\DairyCowSNA\V0604_SEG\videos\SV_GX020002_801a378fb5bd\C000122_unfriendly_GX020002_80695_81144.mp4,0,449,80695,81144,80695,0,1129.678,900.691,334.48,141.378,/mnt/data4t/hyw/20260604/BBOX_VIS-V0604/output/visualization_index.csv
new_20260604_0604|GOOD3|C000012_unfriendly_GX120002_25383_25832.mp4,7,new_20260604_0604,val,val,GOOD3_random_to_val_9,no_interaction,fake_interaction,GOOD3,GOOD3,C000012,C000012_E0001,C000012_unfriendly_GX120002_25383_25832.mp4,SV_GX120002_cea47bb2912e,GX120002.MP4,/mnt/data4t/hyw/20260604/BBOX_FAKE_0604/output/GOOD3/C000012_unfriendly_GX120002_25383_25832.mp4,,/mnt/data4t/hyw/20260604/Interaction_Annotator-V0601_03_AND_05R/output/annotations/SV_GX120002_cea47bb2912e/C000012.csv,/mnt/data4t/hyw/20260604/Interaction_Annotator-V0601_03_AND_05R/output/fake_interaction/SV_GX120002_cea47bb2912e/C000012_unfriendly_GX120002_25383_25832.mp4,/mnt/data4t/hyw/20260604/V0604_SEG_S1_FI/shard_03/V_24,/mnt/data4t/hyw/20260604/V0604_SEG_S1_FI/shard_03/V_24/manifest.json,/mnt/data4t/hyw/20260604/V0604_SEG_S1_FI/shard_03/V_24/tracking_boxes.csv,/mnt/data4t/hyw/20260604/V0604_SEG_S1_FI/shard_03/V_24/keypoints.csv,/mnt/data4t/hyw/20260604/V0604_SEG_S1_FI/shard_03/V_24/C000012_unfriendly_GX120002_25383_25832.mp4,0,449,25383,25832,25383,0,805.543,0.0,1362.057,1114.482,/mnt/data4t/hyw/20260604/BBOX_FAKE_0604/output/visualization_index.csv
new_20260604_0604|GOOD3|C000037_unfriendly_GX080005_36813_37262.mp4,7,new_20260604_0604,val,val,GOOD3_random_to_val_9,no_interaction,fake_interaction,GOOD3,GOOD3,C000037,C000037_E0001,C000037_unfriendly_GX080005_36813_37262.mp4,SV_GX080005_1afd2f943db8,GX080005.MP4,/mnt/data4t/hyw/20260604/BBOX_FAKE_0604/output/GOOD3/C000037_unfriendly_GX080005_36813_37262.mp4,,/mnt/data4t/hyw/20260604/Interaction_Annotator-V0601_03_AND_05R/output/annotations/SV_GX080005_1afd2f943db8/C000037.csv,/mnt/data4t/hyw/20260604/Interaction_Annotator-V0601_03_AND_05R/output/fake_interaction/SV_GX080005_1afd2f943db8/C000037_unfriendly_GX080005_36813_37262.mp4,/mnt/data4t/hyw/20260604/V0604_SEG_S1_FI/shard_01/V_16,/mnt/data4t/hyw/20260604/V0604_SEG_S1_FI/shard_01/V_16/manifest.json,/mnt/data4t/hyw/20260604/V0604_SEG_S1_FI/shard_01/V_16/tracking_boxes.csv,/mnt/data4t/hyw/20260604/V0604_SEG_S1_FI/shard_01/V_16/keypoints.csv,/mnt/data4t/hyw/20260604/V0604_SEG_S1_FI/shard_01/V_16/C000037_unfriendly_GX080005_36813_37262.mp4,0,449,36813,37262,36813,0,0.0,508.852,1141.926,1012.459,/mnt/data4t/hyw/20260604/BBOX_FAKE_0604/output/visualization_index.csv
new_20260604_0604|GOOD3|C000057_friendly_GX080004_29793_30242.mp4,7,new_20260604_0604,val,val,GOOD3_random_to_val_9,no_interaction,fake_interaction,GOOD3,GOOD3,C000057,C000057_E0001,C000057_friendly_GX080004_29793_30242.mp4,SV_GX080004_7a4263da94cb,GX080004.MP4,/mnt/data4t/hyw/20260604/BBOX_FAKE_0604/output/GOOD3/C000057_friendly_GX080004_29793_30242.mp4,,/mnt/data4t/hyw/20260604/Interaction_Annotator-V0601_03_AND_05R/output/annotations/SV_GX080004_7a4263da94cb/C000057.csv,/mnt/data4t/hyw/20260604/Interaction_Annotator-V0601_03_AND_05R/output/fake_interaction/SV_GX080004_7a4263da94cb/C000057_friendly_GX080004_29793_30242.mp4,/mnt/data4t/hyw/20260604/V0604_SEG_S1_FI/shard_00/V_16,/mnt/data4t/hyw/20260604/V0604_SEG_S1_FI/shard_00/V_16/manifest.json,/mnt/data4t/hyw/20260604/V0604_SEG_S1_FI/shard_00/V_16/tracking_boxes.csv,/mnt/data4t/hyw/20260604/V0604_SEG_S1_FI/shard_00/V_16/keypoints.csv,/mnt/data4t/hyw/20260604/V0604_SEG_S1_FI/shard_00/V_16/C000057_friendly_GX080004_29793_30242.mp4,0,449,29793,30242,29793,0,974.507,135.18,1882.743,1355.161,/mnt/data4t/hyw/20260604/BBOX_FAKE_0604/output/visualization_index.csv
new_20260604_0604|GOOD3|C000075_unfriendly_GX020005_5913_6362.mp4,7,new_20260604_0604,val,val,GOOD3_random_to_val_9,no_interaction,fake_interaction,GOOD3,GOOD3,C000075,C000075_E0001,C000075_unfriendly_GX020005_5913_6362.mp4,SV_GX020005_851575cc1248,GX020005.MP4,/mnt/data4t/hyw/20260604/BBOX_FAKE_0604/output/GOOD3/C000075_unfriendly_GX020005_5913_6362.mp4,,/mnt/data4t/hyw/20260604/Interaction_Annotator-V0601_03_AND_05R/output/annotations/SV_GX020005_851575cc1248/C000075.csv,/mnt/data4t/hyw/20260604/Interaction_Annotator-V0601_03_AND_05R/output/fake_interaction/SV_GX020005_851575cc1248/C000075_unfriendly_GX020005_5913_6362.mp4,/mnt/data4t/hyw/20260604/V0604_SEG_S1_FI/shard_00/V_7,/mnt/data4t/hyw/20260604/V0604_SEG_S1_FI/shard_00/V_7/manifest.json,/mnt/data4t/hyw/20260604/V0604_SEG_S1_FI/shard_00/V_7/tracking_boxes.csv,/mnt/data4t/hyw/20260604/V0604_SEG_S1_FI/shard_00/V_7/keypoints.csv,/mnt/data4t/hyw/20260604/V0604_SEG_S1_FI/shard_00/V_7/C000075_unfriendly_GX020005_5913_6362.mp4,0,449,5913,6362,5913,0,0.0,0.0,1556.352,776.393,/mnt/data4t/hyw/20260604/BBOX_FAKE_0604/output/visualization_index.csv
new_20260604_0604|GOOD3|C000090_friendly_GX060002_8515_8964.mp4,7,new_20260604_0604,val,val,GOOD3_random_to_val_9,no_interaction,fake_interaction,GOOD3,GOOD3,C000090,C000090_E0001,C000090_friendly_GX060002_8515_8964.mp4,SV_GX060002_23846c07cdea,GX060002.MP4,/mnt/data4t/hyw/20260604/BBOX_FAKE_0604/output/GOOD3/C000090_friendly_GX060002_8515_8964.mp4,,/mnt/data4t/hyw/20260604/Interaction_Annotator-V0601_03_AND_05R/output/annotations/SV_GX060002_23846c07cdea/C000090.csv,/mnt/data4t/hyw/20260604/Interaction_Annotator-V0601_03_AND_05R/output/fake_interaction/SV_GX060002_23846c07cdea/C000090_friendly_GX060002_8515_8964.mp4,/mnt/data4t/hyw/20260604/V0604_SEG_S1_FI/shard_01/V_5,/mnt/data4t/hyw/20260604/V0604_SEG_S1_FI/shard_01/V_5/manifest.json,/mnt/data4t/hyw/20260604/V0604_SEG_S1_FI/shard_01/V_5/tracking_boxes.csv,/mnt/data4t/hyw/20260604/V0604_SEG_S1_FI/shard_01/V_5/keypoints.csv,/mnt/data4t/hyw/20260604/V0604_SEG_S1_FI/shard_01/V_5/C000090_friendly_GX060002_8515_8964.mp4,0,331,8515,8846,8515,0,1140.023,986.897,1958.604,1173.103,/mnt/data4t/hyw/20260604/BBOX_FAKE_0604/output/visualization_index.csv
new_20260604_0604|GOOD3|C000124_unfriendly_GX080007_75_1414.mp4,7,new_20260604_0604,val,val,GOOD3_random_to_val_9,no_interaction,fake_interaction,GOOD3,GOOD3,C000124,C000124_E0001,C000124_unfriendly_GX080007_75_1414.mp4,SV_GX080007_4ac8ccef774c,GX080007.MP4,/mnt/data4t/hyw/20260604/BBOX_FAKE_0604/output/GOOD3/C000124_unfriendly_GX080007_75_1414.mp4,,/mnt/data4t/hyw/20260604/Interaction_Annotator-V0601_03_AND_05R/output/annotations/SV_GX080007_4ac8ccef774c/C000124.csv,/mnt/data4t/hyw/20260604/Interaction_Annotator-V0601_03_AND_05R/output/fake_interaction/SV_GX080007_4ac8ccef774c/C000124_unfriendly_GX080007_75_1414.mp4,/mnt/data4t/hyw/20260604/V0604_SEG_S1_FI/shard_02/V_19,/mnt/data4t/hyw/20260604/V0604_SEG_S1_FI/shard_02/V_19/manifest.json,/mnt/data4t/hyw/20260604/V0604_SEG_S1_FI/shard_02/V_19/tracking_boxes.csv,/mnt/data4t/hyw/20260604/V0604_SEG_S1_FI/shard_02/V_19/keypoints.csv,/mnt/data4t/hyw/20260604/V0604_SEG_S1_FI/shard_02/V_19/C000124_unfriendly_GX080007_75_1414.mp4,0,1339,75,1414,75,0,146.928,848.967,3693.072,1311.033,/mnt/data4t/hyw/20260604/BBOX_FAKE_0604/output/visualization_index.csv
new_20260604_0604|GOOD3|C000170_unfriendly_GX080003_4951_5400.mp4,7,new_20260604_0604,val,val,GOOD3_random_to_val_9,no_interaction,fake_interaction,GOOD3,GOOD3,C000170,C000170_E0001,C000170_unfriendly_GX080003_4951_5400.mp4,SV_GX080003_3868d5d67c00,GX080003.MP4,/mnt/data4t/hyw/20260604/BBOX_FAKE_0604/output/GOOD3/C000170_unfriendly_GX080003_4951_5400.mp4,,/mnt/data4t/hyw/20260604/Interaction_Annotator-V0601_03_AND_05R/output/annotations/SV_GX080003_3868d5d67c00/C000170.csv,/mnt/data4t/hyw/20260604/Interaction_Annotator-V0601_03_AND_05R/output/fake_interaction/SV_GX080003_3868d5d67c00/C000170_unfriendly_GX080003_4951_5400.mp4,/mnt/data4t/hyw/20260604/V0604_SEG_S1_FI/shard_02/V_10,/mnt/data4t/hyw/20260604/V0604_SEG_S1_FI/shard_02/V_10/manifest.json,/mnt/data4t/hyw/20260604/V0604_SEG_S1_FI/shard_02/V_10/tracking_boxes.csv,/mnt/data4t/hyw/20260604/V0604_SEG_S1_FI/shard_02/V_10/keypoints.csv,/mnt/data4t/hyw/20260604/V0604_SEG_S1_FI/shard_02/V_10/C000170_unfriendly_GX080003_4951_5400.mp4,0,449,4951,5400,4951,0,1198.643,0.0,844.82,900.691,/mnt/data4t/hyw/20260604/BBOX_FAKE_0604/output/visualization_index.csv
new_20260604_0604|GOOD3|C000175_unfriendly_GX080003_11898_12347.mp4,7,new_20260604_0604,val,val,GOOD3_random_to_val_9,no_interaction,fake_interaction,GOOD3,GOOD3,C000175,C000175_E0001,C000175_unfriendly_GX080003_11898_12347.mp4,SV_GX080003_3868d5d67c00,GX080003.MP4,/mnt/data4t/hyw/20260604/BBOX_FAKE_0604/output/GOOD3/C000175_unfriendly_GX080003_11898_12347.mp4,,/mnt/data4t/hyw/20260604/Interaction_Annotator-V0601_03_AND_05R/output/annotations/SV_GX080003_3868d5d67c00/C000175.csv,/mnt/data4t/hyw/20260604/Interaction_Annotator-V0601_03_AND_05R/output/fake_interaction/SV_GX080003_3868d5d67c00/C000175_unfriendly_GX080003_11898_12347.mp4,/mnt/data4t/hyw/20260604/V0604_SEG_S1_FI/shard_02/V_11,/mnt/data4t/hyw/20260604/V0604_SEG_S1_FI/shard_02/V_11/manifest.json,/mnt/data4t/hyw/20260604/V0604_SEG_S1_FI/shard_02/V_11/tracking_boxes.csv,/mnt/data4t/hyw/20260604/V0604_SEG_S1_FI/shard_02/V_11/keypoints.csv,/mnt/data4t/hyw/20260604/V0604_SEG_S1_FI/shard_02/V_11/C000175_unfriendly_GX080003_11898_12347.mp4,0,449,11898,12347,11898,0,1746.914,0.0,1606.883,724.831,/mnt/data4t/hyw/20260604/BBOX_FAKE_0604/output/visualization_index.csv
new_20260604_0604|GOOD3|C000183_friendly_GX050004_688_1137.mp4,7,new_20260604_0604,val,val,GOOD3_random_to_val_9,no_interaction,fake_interaction,GOOD3,GOOD3,C000183,C000183_E0001,C000183_friendly_GX050004_688_1137.mp4,SV_GX050004_768bb85379e2,GX050004.MP4,/mnt/data4t/hyw/20260604/BBOX_FAKE_0604/output/GOOD3/C000183_friendly_GX050004_688_1137.mp4,,/mnt/data4t/hyw/20260604/Interaction_Annotator-V0601_03_AND_05R/output/annotations/SV_GX050004_768bb85379e2/C000183.csv,/mnt/data4t/hyw/20260604/Interaction_Annotator-V0601_03_AND_05R/output/fake_interaction/SV_GX050004_768bb85379e2/C000183_friendly_GX050004_688_1137.mp4,/mnt/data4t/hyw/20260604/V0604_SEG_S1_FI/shard_00/V_10,/mnt/data4t/hyw/20260604/V0604_SEG_S1_FI/shard_00/V_10/manifest.json,/mnt/data4t/hyw/20260604/V0604_SEG_S1_FI/shard_00/V_10/tracking_boxes.csv,/mnt/data4t/hyw/20260604/V0604_SEG_S1_FI/shard_00/V_10/keypoints.csv,/mnt/data4t/hyw/20260604/V0604_SEG_S1_FI/shard_00/V_10/C000183_friendly_GX050004_688_1137.mp4,0,449,688,1137,688,0,302.099,1021.38,1051.715,968.957,/mnt/data4t/hyw/20260604/BBOX_FAKE_0604/output/visualization_index.csv
new_20260604_0604|GOOD|C000036_unfriendly_GX080005_20883_21332.mp4,7,new_20260604_0604,val,val,GOOD_random_to_val_unfriendly_5,unfriendly,unfriendly,GOOD,,C000036,C000036_E0001,C000036_unfriendly_GX080005_20883_21332.mp4,SV_GX080005_1afd2f943db8,GX080005.MP4,/mnt/data4t/hyw/20260604/BBOX_VIS-V0604/GOOD/C000036_unfriendly_GX080005_20883_21332.mp4,/mnt/data4t/hyw/20260604/BBOX_VIS-V0604/output_selected_IDs/C000036_unfriendly_GX080005_20883_21332.mp4.csv,/mnt/data4t/hyw/20260604/Interaction_Annotator-V0601_03_AND_05R/output/annotations/SV_GX080005_1afd2f943db8/C000036.csv,/mnt/data4t/hyw/20260604/Interaction_Annotator-V0601_03_AND_05R/output/videos/SV_GX080005_1afd2f943db8/C000036_unfriendly_GX080005_20883_21332.mp4,/mnt/data4t/hyw/20260604/V0604_SEG_S1_TI/V_16,/mnt/data4t/hyw/20260604/V0604_SEG_S1_TI/V_16/manifest.json,/mnt/data4t/hyw/20260604/V0604_SEG_S1_TI/V_16/tracking_boxes.csv,/mnt/data4t/hyw/20260604/V0604_SEG_S1_TI/V_16/keypoints.csv,D:\DairyCowSNA\V0604_SEG\videos\SV_GX080005_1afd2f943db8\C000036_unfriendly_GX080005_20883_21332.mp4,0,449,20883,21332,20883,0,397.008,1101.639,508.852,461.639,/mnt/data4t/hyw/20260604/BBOX_VIS-V0604/output/visualization_index.csv
new_20260604_0604|GOOD|C000041_unfriendly_GX080005_41583_42364.mp4,7,new_20260604_0604,val,val,GOOD_random_to_val_unfriendly_5,unfriendly,unfriendly,GOOD,,C000041,C000041_E0001,C000041_unfriendly_GX080005_41583_42364.mp4,SV_GX080005_1afd2f943db8,GX080005.MP4,/mnt/data4t/hyw/20260604/BBOX_VIS-V0604/GOOD/C000041_unfriendly_GX080005_41583_42364.mp4,/mnt/data4t/hyw/20260604/BBOX_VIS-V0604/output_selected_IDs/C000041_unfriendly_GX080005_41583_42364.mp4.csv,/mnt/data4t/hyw/20260604/Interaction_Annotator-V0601_03_AND_05R/output/annotations/SV_GX080005_1afd2f943db8/C000041.csv,/mnt/data4t/hyw/20260604/Interaction_Annotator-V0601_03_AND_05R/output/videos/SV_GX080005_1afd2f943db8/C000041_unfriendly_GX080005_41583_42364.mp4,/mnt/data4t/hyw/20260604/V0604_SEG_S1_TI/V_18,/mnt/data4t/hyw/20260604/V0604_SEG_S1_TI/V_18/manifest.json,/mnt/data4t/hyw/20260604/V0604_SEG_S1_TI/V_18/tracking_boxes.csv,/mnt/data4t/hyw/20260604/V0604_SEG_S1_TI/V_18/keypoints.csv,D:\DairyCowSNA\V0604_SEG\videos\SV_GX080005_1afd2f943db8\C000041_unfriendly_GX080005_41583_42364.mp4,0,781,41583,42364,41583,0,1052.746,257.049,487.869,928.525,/mnt/data4t/hyw/20260604/BBOX_VIS-V0604/output/visualization_index.csv
new_20260604_0604|GOOD|C000046_friendly_GX110006_3836_4285.mp4,7,new_20260604_0604,val,val,GOOD_random_to_val_unfriendly_5,unfriendly,unfriendly,GOOD,,C000046,C000046_E0001,C000046_friendly_GX110006_3836_4285.mp4,SV_GX110006_40ff10fc5b66,GX110006.MP4,/mnt/data4t/hyw/20260604/BBOX_VIS-V0604/GOOD/C000046_friendly_GX110006_3836_4285.mp4,/mnt/data4t/hyw/20260604/BBOX_VIS-V0604/output_selected_IDs/C000046_friendly_GX110006_3836_4285.mp4.csv,/mnt/data4t/hyw/20260604/Interaction_Annotator-V0601_03_AND_05R/output/annotations/SV_GX110006_40ff10fc5b66/C000046.csv,/mnt/data4t/hyw/20260604/Interaction_Annotator-V0601_03_AND_05R/output/videos/SV_GX110006_40ff10fc5b66/C000046_friendly_GX110006_3836_4285.mp4,/mnt/data4t/hyw/20260604/V0604_SEG_S1_TI/V_26,/mnt/data4t/hyw/20260604/V0604_SEG_S1_TI/V_26/manifest.json,/mnt/data4t/hyw/20260604/V0604_SEG_S1_TI/V_26/tracking_boxes.csv,/mnt/data4t/hyw/20260604/V0604_SEG_S1_TI/V_26/keypoints.csv,D:\DairyCowSNA\V0604_SEG\videos\SV_GX110006_40ff10fc5b66\C000046_friendly_GX110006_3836_4285.mp4,0,289,3836,4125,3836,0,433.73,545.574,393.443,178.361,/mnt/data4t/hyw/20260604/BBOX_VIS-V0604/output/visualization_index.csv
new_20260604_0604|GOOD|C000053_unfriendly_GX110006_6300_6749.mp4,7,new_20260604_0604,val,val,GOOD_random_to_val_unfriendly_5,unfriendly,unfriendly,GOOD,,C000053,C000053_E0001,C000053_unfriendly_GX110006_6300_6749.mp4,SV_GX110006_40ff10fc5b66,GX110006.MP4,/mnt/data4t/hyw/20260604/BBOX_VIS-V0604/GOOD/C000053_unfriendly_GX110006_6300_6749.mp4,/mnt/data4t/hyw/20260604/BBOX_VIS-V0604/output_selected_IDs/C000053_unfriendly_GX110006_6300_6749.mp4.csv,/mnt/data4t/hyw/20260604/Interaction_Annotator-V0601_03_AND_05R/output/annotations/SV_GX110006_40ff10fc5b66/C000053.csv,/mnt/data4t/hyw/20260604/Interaction_Annotator-V0601_03_AND_05R/output/videos/SV_GX110006_40ff10fc5b66/C000053_unfriendly_GX110006_6300_6749.mp4,/mnt/data4t/hyw/20260604/V0604_SEG_S1_TI/V_29,/mnt/data4t/hyw/20260604/V0604_SEG_S1_TI/V_29/manifest.json,/mnt/data4t/hyw/20260604/V0604_SEG_S1_TI/V_29/tracking_boxes.csv,/mnt/data4t/hyw/20260604/V0604_SEG_S1_TI/V_29/keypoints.csv,D:\DairyCowSNA\V0604_SEG\videos\SV_GX110006_40ff10fc5b66\C000053_unfriendly_GX110006_6300_6749.mp4,0,176,6392,6568,6392,0,412.746,278.033,204.59,246.557,/mnt/data4t/hyw/20260604/BBOX_VIS-V0604/output/visualization_index.csv
new_20260604_0604|GOOD|C000113_unfriendly_GX020002_17628_18147.mp4,7,new_20260604_0604,val,val,GOOD_random_to_val_unfriendly_5,unfriendly,unfriendly,GOOD,,C000113,C000113_E0001,C000113_unfriendly_GX020002_17628_18147.mp4,SV_GX020002_801a378fb5bd,GX020002.MP4,/mnt/data4t/hyw/20260604/BBOX_VIS-V0604/GOOD/C000113_unfriendly_GX020002_17628_18147.mp4,/mnt/data4t/hyw/20260604/BBOX_VIS-V0604/output_selected_IDs/C000113_unfriendly_GX020002_17628_18147.mp4.csv,/mnt/data4t/hyw/20260604/Interaction_Annotator-V0601_03_AND_05R/output/annotations/SV_GX020002_801a378fb5bd/C000113.csv,/mnt/data4t/hyw/20260604/Interaction_Annotator-V0601_03_AND_05R/output/videos/SV_GX020002_801a378fb5bd/C000113_unfriendly_GX020002_17628_18147.mp4,/mnt/data4t/hyw/20260604/V0604_SEG_S1_TI/V_1,/mnt/data4t/hyw/20260604/V0604_SEG_S1_TI/V_1/manifest.json,/mnt/data4t/hyw/20260604/V0604_SEG_S1_TI/V_1/tracking_boxes.csv,/mnt/data4t/hyw/20260604/V0604_SEG_S1_TI/V_1/keypoints.csv,D:\DairyCowSNA\V0604_SEG\videos\SV_GX020002_801a378fb5bd\C000113_unfriendly_GX020002_17628_18147.mp4,0,378,17708,18086,17708,0,1133.126,1304.136,1093.094,303.446,/mnt/data4t/hyw/20260604/BBOX_VIS-V0604/output/visualization_index.csv
